time,open,high,low,close
2008-08-06,1867.00,1903.00,1853.00,1895.00
2008-08-07,1881.00,1904.00,1873.00,1880.00
2008-08-08,1879.00,1929.00,1877.00,1926.00
2008-08-11,1922.00,1963.00,1918.00,1941.00
2008-08-12,1938.00,1957.00,1932.00,1941.00
2008-08-13,1936.00,1956.00,1921.00,1942.00
2008-08-14,1930.00,1969.00,1930.00,1964.00
2008-08-15,1971.00,1974.00,1950.00,1958.00
2008-08-18,1959.00,1964.00,1921.00,1933.00
2008-08-19,1919.00,1933.00,1900.00,1909.00
2008-08-20,1919.00,1932.00,1900.00,1913.00
2008-08-21,1900.00,1913.00,1886.00,1907.00
2008-08-22,1920.00,1938.00,1915.00,1931.00
2008-08-25,1917.00,1919.00,1886.00,1890.00
2008-08-26,1890.00,1901.00,1875.00,1886.00
2008-08-27,1887.00,1914.00,1882.00,1900.00
2008-08-28,1907.00,1921.00,1904.00,1915.00
2008-08-29,1898.00,1900.00,1867.00,1873.00
2008-09-02,1905.00,1913.00,1843.00,1850.00
2008-09-03,1849.00,1854.00,1820.00,1833.00
2008-09-04,1819.00,1825.00,1775.00,1775.00
2008-09-05,1758.00,1779.00,1740.00,1768.00
2008-09-08,1801.00,1801.00,1735.00,1763.00
2008-09-09,1763.00,1779.00,1722.00,1722.00
2008-09-10,1743.00,1754.00,1726.00,1738.00
2008-09-11,1714.00,1774.00,1714.00,1774.00
2008-09-12,1759.00,1775.00,1744.00,1767.00
2008-09-15,1713.00,1758.00,1705.00,1705.00
2008-09-16,1676.00,1739.00,1676.00,1724.00
2008-09-17,1698.00,1708.00,1632.00,1632.00
2008-09-18,1667.00,1704.00,1606.00,1697.00
2008-09-19,1768.00,1774.00,1718.00,1745.00
2008-09-22,1738.00,1743.00,1665.00,1666.00
2008-09-23,1676.00,1697.00,1646.00,1648.00
2008-09-24,1654.00,1678.00,1649.00,1661.00
2008-09-25,1675.00,1708.00,1669.00,1688.00
2008-09-26,1635.00,1678.00,1635.00,1672.00
2008-09-29,1632.00,1643.00,1496.00,1496.00
2008-09-30,1543.00,1598.00,1530.00,1595.00
2008-10-01,1582.00,1584.00,1548.00,1564.00
2008-10-02,1555.00,1555.00,1491.00,1491.00
2008-10-03,1513.00,1552.00,1469.00,1471.00
2008-10-06,1427.00,1440.00,1339.00,1411.00
2008-10-07,1426.00,1433.00,1330.00,1330.00
2008-10-08,1295.00,1386.00,1295.00,1331.00
2008-10-09,1354.00,1370.00,1262.00,1275.00
2008-10-10,1226.00,1317.00,1196.00,1270.00
2008-10-13,1337.00,1430.00,1319.00,1430.00
2008-10-14,1470.00,1471.00,1351.00,1365.00
2008-10-15,1348.00,1356.00,1244.00,1244.00
2008-10-16,1251.00,1313.00,1192.00,1313.00
2008-10-17,1285.00,1368.00,1279.00,1312.00
2008-10-20,1331.00,1353.00,1290.00,1353.00
2008-10-21,1330.00,1352.00,1282.00,1283.00
2008-10-22,1275.00,1285.00,1210.00,1237.00
2008-10-23,1239.00,1264.00,1177.00,1239.00
2008-10-24,1147.00,1229.00,1147.00,1202.00
2008-10-27,1182.00,1227.00,1168.00,1170.00
2008-10-28,1205.00,1298.00,1175.00,1298.00
2008-10-29,1294.00,1344.00,1272.00,1302.00
2008-10-30,1332.00,1344.00,1301.00,1334.00
2008-10-31,1321.00,1359.00,1306.00,1335.00
2008-11-03,1334.00,1347.00,1322.00,1335.00
2008-11-04,1364.00,1383.00,1342.00,1378.00
2008-11-05,1363.00,1365.00,1299.00,1300.00
2008-11-06,1279.00,1295.00,1236.00,1242.00
2008-11-07,1257.00,1279.00,1244.00,1272.00
2008-11-10,1299.00,1299.00,1237.00,1251.00
2008-11-11,1235.00,1249.00,1209.00,1226.00
2008-11-12,1203.00,1211.00,1165.00,1165.00
2008-11-13,1163.00,1241.00,1110.00,1241.00
2008-11-14,1206.00,1236.00,1176.00,1180.00
2008-11-17,1160.00,1188.00,1149.00,1152.00
2008-11-18,1159.00,1167.00,1113.00,1156.00
2008-11-19,1153.00,1169.00,1088.00,1088.00
2008-11-20,1076.00,1115.00,1035.00,1037.00
2008-11-21,1053.00,1086.00,1019.00,1086.00
2008-11-24,1109.00,1163.00,1097.00,1154.00
2008-11-25,1168.00,1168.00,1118.00,1143.00
2008-11-26,1130.00,1193.00,1127.00,1193.00
2008-11-28,1182.00,1186.00,1172.00,1186.00
2008-12-01,1162.00,1162.00,1091.00,1091.00
2008-12-02,1110.00,1133.00,1091.00,1130.00
2008-12-03,1102.00,1166.00,1102.00,1166.00
2008-12-04,1144.00,1169.00,1111.00,1128.00
2008-12-05,1116.00,1180.00,1096.00,1178.00
2008-12-08,1201.00,1237.00,1197.00,1225.00
2008-12-09,1206.00,1252.00,1202.00,1212.00
2008-12-10,1217.00,1237.00,1204.00,1222.00
2008-12-11,1211.00,1229.00,1176.00,1180.00
2008-12-12,1156.00,1212.00,1156.00,1207.00
2008-12-15,1205.00,1207.00,1168.00,1182.00
2008-12-16,1192.00,1244.00,1192.00,1243.00
2008-12-17,1224.00,1242.00,1212.00,1226.00
2008-12-18,1231.00,1234.00,1193.00,1205.00
2008-12-19,1217.00,1235.00,1211.00,1217.00
2008-12-22,1217.00,1217.00,1169.00,1189.00
2008-12-23,1197.00,1204.00,1176.00,1183.00
2008-12-24,1184.00,1188.00,1179.00,1184.00
2008-12-26,1189.00,1190.00,1179.00,1185.00
2008-12-29,1187.00,1188.00,1158.00,1173.00
2008-12-30,1180.00,1203.00,1178.00,1201.00
2008-12-31,1202.00,1223.00,1200.00,1212.00
2009-01-02,1212.00,1266.00,1209.00,1264.00
2009-01-05,1259.00,1274.00,1245.00,1263.00
2009-01-06,1274.00,1286.00,1266.00,1274.00
2009-01-07,1250.00,1256.00,1228.00,1239.00
2009-01-08,1233.00,1253.00,1224.00,1253.00
2009-01-09,1255.00,1255.00,1218.00,1223.00
2009-01-12,1224.00,1225.00,1189.00,1201.00
2009-01-13,1199.00,1219.00,1187.00,1203.00
2009-01-14,1184.00,1190.00,1158.00,1163.00
2009-01-15,1157.00,1192.00,1142.00,1184.00
2009-01-16,1202.00,1203.00,1168.00,1198.00
2009-01-20,1192.00,1196.00,1137.00,1137.00
2009-01-21,1155.00,1186.00,1142.00,1186.00
2009-01-22,1161.00,1188.00,1150.00,1168.00
2009-01-23,1149.00,1193.00,1145.00,1176.00
2009-01-26,1176.00,1203.00,1169.00,1185.00
2009-01-27,1190.00,1202.00,1184.00,1194.00
2009-01-28,1215.00,1245.00,1213.00,1236.00
2009-01-29,1217.00,1221.00,1199.00,1204.00
2009-01-30,1210.00,1216.00,1177.00,1180.00
2009-02-02,1170.00,1203.00,1168.00,1196.00
2009-02-03,1197.00,1219.00,1181.00,1216.00
2009-02-04,1216.00,1244.00,1211.00,1215.00
2009-02-05,1201.00,1250.00,1200.00,1245.00
2009-02-06,1247.00,1280.00,1244.00,1277.00
2009-02-09,1277.00,1286.00,1268.00,1282.00
2009-02-10,1269.00,1287.00,1224.00,1229.00
2009-02-11,1229.00,1240.00,1209.00,1227.00
2009-02-12,1209.00,1243.00,1206.00,1243.00
2009-02-13,1241.00,1250.00,1232.00,1237.00
2009-02-17,1201.00,1204.00,1181.00,1187.00
2009-02-18,1194.00,1204.00,1173.00,1189.00
2009-02-19,1197.00,1202.00,1167.00,1168.00
2009-02-20,1161.00,1183.00,1153.00,1173.00
2009-02-23,1176.00,1180.00,1127.00,1129.00
2009-02-24,1133.00,1177.00,1133.00,1171.00
2009-02-25,1161.00,1184.00,1143.00,1161.00
2009-02-26,1170.00,1175.00,1127.00,1127.00
2009-02-27,1111.00,1135.00,1111.00,1117.00
2009-03-02,1099.00,1116.00,1075.00,1077.00
2009-03-03,1088.00,1102.00,1073.00,1081.00
2009-03-04,1098.00,1125.00,1094.00,1110.00
2009-03-05,1094.00,1106.00,1073.00,1075.00
2009-03-06,1078.00,1088.00,1044.00,1065.00
2009-03-09,1055.00,1087.00,1041.00,1044.00
2009-03-10,1064.00,1109.00,1060.00,1100.00
2009-03-11,1123.00,1166.00,1111.00,1163.00
2009-03-12,1163.00,1174.00,1148.00,1165.00
2009-03-16,1165.00,1191.00,1141.00,1190.00
2009-03-17,1190.00,1225.00,1179.00,1209.00
2009-03-18,1209.00,1220.00,1192.00,1201.00
2009-03-19,1201.00,1217.00,1175.00,1183.00
2009-03-23,1183.00,1258.00,1183.00,1232.00
2009-03-24,1232.00,1254.00,1205.00,1237.00
2009-03-25,1237.00,1281.00,1237.00,1274.00
2009-03-26,1274.00,1277.00,1248.00,1251.00
2009-03-30,1251.00,1256.00,1203.00,1225.00
2009-03-31,1225.00,1253.00,1209.00,1249.00
2009-04-01,1249.00,1308.00,1247.00,1301.00
2009-04-02,1301.00,1312.00,1291.00,1312.00
2009-04-06,1312.00,1325.00,1265.00,1279.00
2009-04-07,1279.00,1305.00,1265.00,1301.00
2009-04-08,1301.00,1341.00,1299.00,1337.00
2009-04-13,1337.00,1353.00,1305.00,1306.00
2009-04-14,1306.00,1319.00,1293.00,1317.00
2009-04-15,1317.00,1358.00,1307.00,1342.00
2009-04-16,1342.00,1360.00,1336.00,1352.00
2009-04-20,1352.00,1352.00,1300.00,1328.00
2009-04-21,1328.00,1361.00,1315.00,1332.00
2009-04-22,1332.00,1353.00,1319.00,1346.00
2009-04-23,1346.00,1378.00,1335.00,1369.00
2009-04-27,1369.00,1383.00,1350.00,1357.00
2009-04-28,1357.00,1398.00,1356.00,1380.00
2009-04-29,1380.00,1418.00,1377.00,1391.00
2009-04-30,1391.00,1403.00,1382.00,1396.00
2009-05-04,1396.00,1429.00,1396.00,1427.00
2009-05-05,1427.00,1435.00,1399.00,1419.00
2009-05-06,1419.00,1436.00,1375.00,1391.00
2009-05-07,1391.00,1411.00,1376.00,1391.00
2009-05-11,1391.00,1409.00,1360.00,1385.00
2009-05-12,1385.00,1389.00,1338.00,1343.00
2009-05-13,1343.00,1368.00,1336.00,1355.00
2009-05-14,1355.00,1372.00,1341.00,1355.00
2009-05-18,1355.00,1410.00,1342.00,1390.00
2009-05-19,1390.00,1422.00,1387.00,1393.00
2009-05-20,1393.00,1393.00,1352.00,1370.00
2009-05-21,1370.00,1379.00,1352.00,1361.00
2009-05-25,1361.00,1414.00,1342.00,1411.00
2009-05-26,1411.00,1427.00,1396.00,1400.00
2009-05-27,1400.00,1423.00,1388.00,1417.00
2009-05-28,1417.00,1439.00,1410.00,1439.00
2009-06-01,1439.00,1493.00,1429.00,1477.00
2009-06-02,1477.00,1483.00,1458.00,1475.00
2009-06-03,1475.00,1492.00,1472.00,1492.00
2009-06-04,1492.00,1510.00,1477.00,1492.00
2009-06-08,1492.00,1508.00,1465.00,1498.00
2009-06-09,1498.00,1516.00,1472.00,1495.00
2009-06-10,1495.00,1511.00,1487.00,1488.00
2009-06-11,1488.00,1496.00,1468.00,1487.00
2009-06-15,1487.00,1487.00,1441.00,1444.00
2009-06-16,1444.00,1469.00,1438.00,1453.00
2009-06-17,1453.00,1463.00,1443.00,1448.00
2009-06-18,1448.00,1475.00,1447.00,1467.00
2009-06-22,1467.00,1469.00,1411.00,1424.00
2009-06-23,1424.00,1457.00,1421.00,1447.00
2009-06-24,1447.00,1477.00,1433.00,1474.00
2009-06-25,1474.00,1483.00,1465.00,1477.00
2009-06-29,1477.00,1493.00,1466.00,1477.00
2009-06-30,1477.00,1497.00,1475.00,1479.00
2009-07-01,1479.00,1479.00,1439.00,1440.00
2009-07-02,1440.00,1451.00,1440.00,1444.00
2009-07-06,1444.00,1447.00,1402.00,1407.00
2009-07-07,1407.00,1416.00,1393.00,1410.00
2009-07-08,1410.00,1422.00,1407.00,1414.00
2009-07-09,1414.00,1427.00,1404.00,1419.00
2009-07-13,1419.00,1475.00,1400.00,1473.00
2009-07-14,1473.00,1500.00,1467.00,1496.00
2009-07-15,1496.00,1519.00,1488.00,1510.00
2009-07-16,1510.00,1525.00,1504.00,1524.00
2009-07-20,1524.00,1559.00,1523.00,1559.00
2009-07-21,1559.00,1570.00,1545.00,1558.00
2009-07-22,1558.00,1603.00,1554.00,1572.00
2009-07-23,1572.00,1598.00,1571.00,1597.00
2009-07-27,1597.00,1608.00,1578.00,1600.00
2009-07-28,1600.00,1603.00,1583.00,1600.00
2009-07-29,1600.00,1631.00,1599.00,1606.00
2009-07-30,1606.00,1618.00,1600.00,1601.00
2009-08-03,1601.00,1632.00,1600.00,1630.00
2009-08-04,1630.00,1630.00,1602.00,1606.00
2009-08-05,1606.00,1622.00,1593.00,1600.00
2009-08-06,1600.00,1627.00,1595.00,1619.00
2009-08-10,1619.00,1619.00,1585.00,1596.00
2009-08-11,1596.00,1633.00,1587.00,1620.00
2009-08-12,1620.00,1638.00,1609.00,1632.00
2009-08-13,1632.00,1633.00,1594.00,1609.00
2009-08-17,1609.00,1615.00,1561.00,1584.00
2009-08-18,1584.00,1599.00,1564.00,1597.00
2009-08-19,1597.00,1618.00,1591.00,1613.00
2009-08-20,1613.00,1639.00,1600.00,1636.00
2009-08-24,1636.00,1655.00,1625.00,1636.00
2009-08-25,1636.00,1648.00,1627.00,1636.00
2009-08-26,1636.00,1643.00,1610.00,1639.00
2009-08-27,1639.00,1668.00,1630.00,1641.00
2009-08-31,1641.00,1648.00,1590.00,1595.00
2009-09-01,1595.00,1602.00,1585.00,1592.00
2009-09-02,1592.00,1608.00,1584.00,1605.00
2009-09-03,1605.00,1640.00,1601.00,1638.00
2009-09-07,1638.00,1655.00,1633.00,1651.00
2009-09-08,1651.00,1675.00,1644.00,1666.00
2009-09-09,1666.00,1685.00,1661.00,1683.00
2009-09-10,1683.00,1690.00,1673.00,1685.00
2009-09-14,1685.00,1702.00,1666.00,1694.00
2009-09-15,1694.00,1723.00,1694.00,1717.00
2009-09-16,1717.00,1740.00,1713.00,1721.00
2009-09-17,1721.00,1731.00,1713.00,1724.00
2009-09-21,1724.00,1741.00,1707.00,1733.00
2009-09-22,1733.00,1741.00,1729.00,1739.00
2009-09-23,1739.00,1753.00,1696.00,1701.00
2009-09-24,1701.00,1712.00,1691.00,1696.00
2009-09-28,1696.00,1732.00,1688.00,1718.00
2009-09-29,1718.00,1726.00,1689.00,1723.00
2009-09-30,1723.00,1730.00,1671.00,1676.00
2009-10-01,1676.00,1680.00,1650.00,1662.00
2009-10-05,1662.00,1711.00,1658.00,1704.00
2009-10-06,1704.00,1708.00,1686.00,1704.00
2009-10-07,1704.00,1730.00,1697.00,1727.00
2009-10-08,1727.00,1727.00,1706.00,1721.00
2009-10-12,1721.00,1740.00,1716.00,1729.00
2009-10-13,1729.00,1751.00,1723.00,1746.00
2009-10-14,1746.00,1753.00,1736.00,1742.00
2009-10-15,1742.00,1758.00,1725.00,1729.00
2009-10-19,1729.00,1774.00,1724.00,1747.00
2009-10-20,1747.00,1780.00,1746.00,1769.00
2009-10-21,1769.00,1775.00,1738.00,1750.00
2009-10-22,1750.00,1779.00,1748.00,1758.00
2009-10-26,1758.00,1777.00,1723.00,1727.00
2009-10-27,1727.00,1729.00,1687.00,1690.00
2009-10-28,1690.00,1709.00,1678.00,1706.00
2009-10-29,1706.00,1713.00,1679.00,1684.00
2009-11-02,1684.00,1688.00,1651.00,1664.00
2009-11-03,1664.00,1700.00,1659.00,1694.00
2009-11-04,1694.00,1722.00,1672.00,1712.00
2009-11-05,1712.00,1737.00,1706.00,1722.00
2009-11-09,1722.00,1777.00,1722.00,1766.00
2009-11-10,1766.00,1793.00,1763.00,1776.00
2009-11-11,1776.00,1794.00,1771.00,1779.00
2009-11-12,1779.00,1787.00,1769.00,1784.00
2009-11-16,1784.00,1814.00,1784.00,1803.00
2009-11-17,1803.00,1814.00,1791.00,1798.00
2009-11-18,1798.00,1803.00,1761.00,1768.00
2009-11-19,1768.00,1776.00,1756.00,1760.00
2009-11-23,1760.00,1800.00,1760.00,1781.00
2009-11-24,1781.00,1798.00,1777.00,1792.00
2009-11-25,1792.00,1796.00,1745.00,1749.00
2009-11-26,1749.00,1776.00,1722.00,1773.00
2009-11-30,1773.00,1792.00,1749.00,1792.00
2009-12-01,1792.00,1805.00,1785.00,1794.00
2009-12-02,1794.00,1805.00,1785.00,1795.00
2009-12-03,1795.00,1815.00,1775.00,1807.00
2009-12-07,1807.00,1807.00,1759.00,1782.00
2009-12-08,1782.00,1783.00,1757.00,1775.00
2009-12-09,1775.00,1807.00,1768.00,1802.00
2009-12-10,1802.00,1811.00,1796.00,1800.00
2009-12-14,1800.00,1812.00,1787.00,1807.00
2009-12-15,1807.00,1813.00,1792.00,1809.00
2009-12-16,1809.00,1810.00,1776.00,1781.00
2009-12-17,1781.00,1803.00,1775.00,1793.00
2009-12-21,1793.00,1841.00,1793.00,1835.00
2009-12-22,1835.00,1850.00,1834.00,1847.00
2009-12-23,1847.00,1867.00,1846.00,1867.00
2009-12-28,1867.00,1882.00,1863.00,1872.00
2009-12-29,1872.00,1881.00,1863.00,1874.00
2009-12-30,1874.00,1882.00,1869.00,1871.00
2010-01-04,1871.00,1889.00,1866.00,1883.00
2010-01-05,1883.00,1891.00,1875.00,1881.00
2010-01-06,1881.00,1885.00,1865.00,1870.00
2010-01-07,1870.00,1885.00,1865.00,1881.00
2010-01-11,1881.00,1899.00,1861.00,1865.00
2010-01-12,1865.00,1872.00,1850.00,1864.00
2010-01-13,1864.00,1889.00,1864.00,1881.00
2010-01-14,1881.00,1894.00,1866.00,1871.00
2010-01-18,1871.00,1889.00,1857.00,1886.00
2010-01-19,1886.00,1895.00,1845.00,1853.00
2010-01-20,1853.00,1884.00,1841.00,1846.00
2010-01-21,1846.00,1858.00,1825.00,1832.00
2010-01-22,1842.00,1849.00,1791.00,1795.00
2010-01-25,1832.00,1832.00,1784.00,1815.00
2010-01-26,1815.00,1824.00,1790.00,1801.00
2010-01-27,1801.00,1822.00,1761.00,1766.00
2010-01-28,1766.00,1790.00,1760.00,1775.00
2010-02-01,1775.00,1775.00,1738.00,1766.00
2010-02-02,1766.00,1780.00,1764.00,1772.00
2010-02-03,1772.00,1793.00,1739.00,1744.00
2010-02-04,1744.00,1746.00,1722.00,1737.00
2010-02-08,1737.00,1758.00,1731.00,1755.00
2010-02-09,1755.00,1768.00,1737.00,1743.00
2010-02-10,1751.00,1773.00,1737.00,1771.00
2010-02-11,1747.00,1779.00,1737.00,1768.00
2010-02-12,1777.00,1783.00,1755.00,1778.00
2010-02-15,1778.00,1799.00,1776.00,1797.00
2010-02-16,1780.00,1810.00,1778.00,1802.00
2010-02-17,1800.00,1817.00,1798.00,1815.00
2010-02-18,1812.00,1829.00,1802.00,1828.00
2010-02-19,1809.00,1830.00,1802.00,1821.00
2010-02-22,1821.00,1832.00,1792.00,1793.00
2010-02-23,1818.00,1828.00,1785.00,1813.00
2010-02-24,1800.00,1819.00,1780.00,1783.00
2010-02-25,1813.00,1822.00,1780.00,1817.00
2010-02-26,1812.00,1822.00,1803.00,1819.00
2010-03-01,1819.00,1858.00,1819.00,1857.00
2010-03-02,1845.00,1862.00,1842.00,1859.00
2010-03-03,1852.00,1861.00,1844.00,1853.00
2010-03-04,1851.00,1885.00,1844.00,1882.00
2010-03-05,1858.00,1889.00,1858.00,1886.00
2010-03-08,1886.00,1905.00,1880.00,1903.00
2010-03-09,1886.00,1918.00,1880.00,1916.00
2010-03-10,1900.00,1920.00,1898.00,1915.00
2010-03-11,1915.00,1931.00,1908.00,1922.00
2010-03-12,1923.00,1931.00,1915.00,1923.00
2010-03-15,1923.00,1928.00,1906.00,1925.00
2010-03-16,1919.00,1939.00,1917.00,1938.00
2010-03-17,1928.00,1943.00,1927.00,1936.00
2010-03-18,1935.00,1949.00,1926.00,1927.00
2010-03-19,1941.00,1949.00,1923.00,1929.00
2010-03-22,1929.00,1963.00,1920.00,1963.00
2010-03-23,1951.00,1963.00,1942.00,1952.00
2010-03-24,1963.00,1975.00,1946.00,1947.00
2010-03-25,1953.00,1975.00,1940.00,1951.00
2010-03-26,1945.00,1964.00,1940.00,1951.00
2010-03-29,1951.00,1973.00,1951.00,1964.00
2010-03-30,1965.00,1973.00,1953.00,1959.00
2010-03-31,1965.00,1978.00,1942.00,1955.00
2010-04-01,1959.00,1978.00,1942.00,1963.00
2010-04-02,1957.00,1963.00,1951.00,1963.00
2010-04-05,1965.00,1987.00,1956.00,1979.00
2010-04-06,1976.00,1987.00,1965.00,1976.00
2010-04-07,1977.00,1985.00,1960.00,1980.00
2010-04-08,1974.00,1993.00,1960.00,1992.00
2010-04-09,1980.00,1993.00,1976.00,1992.00
2010-04-12,2000.00,2011.00,1985.00,2009.00
2010-04-13,1991.00,2029.00,1985.00,2028.00
2010-04-14,2011.00,2039.00,2009.00,2030.00
2010-04-15,2028.00,2039.00,1999.00,2013.00
2010-04-16,2030.00,2036.00,1999.00,2013.00
2010-04-19,2005.00,2041.00,1987.00,2040.00
2010-04-20,2013.00,2041.00,2008.00,2037.00
2010-04-21,2036.00,2040.00,2019.00,2021.00
2010-04-22,2022.00,2046.00,2002.00,2034.00
2010-04-23,2035.00,2054.00,2031.00,2054.00
2010-04-26,2051.00,2060.00,2044.00,2047.00
2010-04-27,2046.00,2052.00,2000.00,2009.00
2010-04-28,2010.00,2024.00,1991.00,2010.00
2010-04-29,2011.00,2045.00,2006.00,2043.00
2010-04-30,2042.00,2048.00,1999.00,1999.00
2010-05-03,2004.00,2039.00,2000.00,2027.00
2010-05-04,2028.00,2029.00,1953.00,1968.00
2010-05-05,1967.00,1973.00,1936.00,1962.00
2010-05-06,1961.00,1964.00,1738.00,1877.00
2010-05-07,1876.00,1909.00,1807.00,1852.00
2010-05-10,1883.00,1944.00,1873.00,1940.00
2010-05-11,1941.00,1966.00,1916.00,1926.00
2010-05-12,1925.00,1977.00,1918.00,1968.00
2010-05-13,1969.00,1982.00,1940.00,1945.00
2010-05-14,1944.00,1952.00,1884.00,1905.00
2010-05-17,1906.00,1920.00,1872.00,1918.00
2010-05-18,1917.00,1933.00,1877.00,1879.00
2010-05-19,1878.00,1894.00,1851.00,1872.00
2010-05-20,1873.00,1876.00,1792.00,1793.00
2010-05-21,1792.00,1835.00,1767.00,1821.00
2010-05-24,1819.00,1841.00,1797.00,1807.00
2010-05-25,1806.00,1835.00,1756.00,1830.00
2010-05-26,1829.00,1851.00,1785.00,1789.00
2010-05-27,1790.00,1869.00,1788.00,1864.00
2010-05-28,1865.00,1873.00,1835.00,1849.00
2010-05-31,1850.00,1865.00,1849.00,1860.00
2010-06-01,1861.00,1877.00,1824.00,1834.00
2010-06-02,1835.00,1881.00,1831.00,1876.00
2010-06-03,1877.00,1898.00,1870.00,1892.00
2010-06-04,1891.00,1903.00,1823.00,1830.00
2010-06-07,1829.00,1845.00,1793.00,1796.00
2010-06-08,1797.00,1817.00,1769.00,1793.00
2010-06-09,1792.00,1822.00,1773.00,1778.00
2010-06-10,1779.00,1831.00,1775.00,1823.00
2010-06-11,1822.00,1848.00,1807.00,1846.00
2010-06-14,1850.00,1876.00,1843.00,1846.00
2010-06-15,1847.00,1898.00,1845.00,1891.00
2010-06-16,1890.00,1913.00,1879.00,1902.00
2010-06-17,1901.00,1918.00,1893.00,1907.00
2010-06-18,1908.00,1924.00,1904.00,1912.00
2010-06-21,1925.00,1940.00,1883.00,1900.00
2010-06-22,1899.00,1916.00,1876.00,1880.00
2010-06-23,1881.00,1889.00,1857.00,1865.00
2010-06-24,1866.00,1874.00,1837.00,1847.00
2010-06-25,1848.00,1855.00,1826.00,1841.00
2010-06-28,1840.00,1850.00,1820.00,1831.00
2010-06-29,1832.00,1838.00,1748.00,1763.00
2010-06-30,1764.00,1776.00,1732.00,1733.00
2010-07-01,1734.00,1745.00,1697.00,1730.00
2010-07-02,1731.00,1745.00,1709.00,1727.00
2010-07-05,1721.00,1729.00,1718.00,1719.00
2010-07-06,1718.00,1762.00,1706.00,1734.00
2010-07-07,1733.00,1791.00,1722.00,1789.00
2010-07-08,1790.00,1803.00,1775.00,1794.00
2010-07-09,1795.00,1813.00,1789.00,1813.00
2010-07-12,1809.00,1830.00,1801.00,1825.00
2010-07-13,1826.00,1865.00,1818.00,1863.00
2010-07-14,1864.00,1866.00,1838.00,1853.00
2010-07-15,1852.00,1864.00,1829.00,1856.00
2010-07-16,1855.00,1856.00,1800.00,1802.00
2010-07-19,1797.00,1821.00,1793.00,1796.00
2010-07-20,1797.00,1857.00,1783.00,1849.00
2010-07-21,1850.00,1860.00,1811.00,1816.00
2010-07-22,1817.00,1869.00,1813.00,1853.00
2010-07-23,1854.00,1874.00,1845.00,1872.00
2010-07-26,1876.00,1888.00,1866.00,1885.00
2010-07-27,1886.00,1901.00,1878.00,1886.00
2010-07-28,1885.00,1895.00,1865.00,1867.00
2010-07-29,1868.00,1885.00,1839.00,1856.00
2010-07-30,1857.00,1873.00,1832.00,1864.00
2010-08-02,1868.00,1902.00,1867.00,1894.00
2010-08-03,1895.00,1898.00,1880.00,1894.00
2010-08-04,1895.00,1910.00,1883.00,1904.00
2010-08-05,1905.00,1913.00,1891.00,1903.00
2010-08-06,1902.00,1908.00,1872.00,1901.00
2010-08-09,1906.00,1918.00,1899.00,1914.00
2010-08-10,1913.00,1914.00,1881.00,1897.00
2010-08-11,1896.00,1896.00,1813.00,1820.00
2010-08-12,1819.00,1838.00,1807.00,1831.00
2010-08-13,1832.00,1843.00,1815.00,1818.00
2010-08-16,1817.00,1833.00,1800.00,1821.00
2010-08-17,1820.00,1860.00,1817.00,1841.00
2010-08-18,1840.00,1862.00,1831.00,1839.00
2010-08-19,1838.00,1850.00,1810.00,1822.00
2010-08-20,1823.00,1830.00,1809.00,1826.00
2010-08-23,1825.00,1842.00,1805.00,1806.00
2010-08-24,1807.00,1809.00,1766.00,1773.00
2010-08-25,1772.00,1798.00,1757.00,1791.00
2010-08-26,1792.00,1803.00,1762.00,1763.00
2010-08-27,1764.00,1792.00,1744.00,1789.00
2010-08-30,1794.00,1805.00,1768.00,1770.00
2010-08-31,1771.00,1781.00,1754.00,1774.00
2010-09-01,1773.00,1824.00,1771.00,1819.00
2010-09-02,1818.00,1840.00,1812.00,1837.00
2010-09-03,1836.00,1869.00,1834.00,1869.00
2010-09-06,1867.00,1877.00,1865.00,1869.00
2010-09-07,1870.00,1873.00,1853.00,1857.00
2010-09-08,1858.00,1887.00,1851.00,1880.00
2010-09-09,1881.00,1897.00,1874.00,1885.00
2010-09-10,1886.00,1896.00,1879.00,1891.00
2010-09-13,1898.00,1924.00,1898.00,1921.00
2010-09-14,1920.00,1938.00,1912.00,1922.00
2010-09-15,1923.00,1943.00,1916.00,1940.00
2010-09-16,1941.00,1957.00,1931.00,1957.00
2010-09-17,1956.00,1972.00,1945.00,1955.00
2010-09-20,1956.00,1993.00,1950.00,1983.00
2010-09-21,1985.00,2001.00,1978.00,1984.00
2010-09-22,1983.00,1995.00,1972.00,1985.00
2010-09-23,1985.00,2002.00,1964.00,1983.00
2010-09-24,1982.00,2024.00,1981.00,2023.00
2010-09-27,2024.00,2033.00,2009.00,2010.00
2010-09-28,2009.00,2022.00,1979.00,2013.00
2010-09-29,2012.00,2020.00,2001.00,2011.00
2010-09-30,2010.00,2030.00,1985.00,1998.00
2010-10-01,1999.00,2017.00,1987.00,1997.00
2010-10-04,1998.00,1999.00,1963.00,1979.00
2010-10-05,1980.00,2026.00,1977.00,2023.00
2010-10-06,2024.00,2026.00,1991.00,2005.00
2010-10-07,2006.00,2021.00,1996.00,2015.00
2010-10-08,2016.00,2030.00,1984.00,2026.00
2010-10-11,2025.00,2035.00,2020.00,2027.00
2010-10-12,2026.00,2044.00,2005.00,2040.00
2010-10-13,2039.00,2066.00,2037.00,2056.00
2010-10-14,2057.00,2073.00,2042.00,2071.00
2010-10-15,2070.00,2095.00,2061.00,2094.00
2010-10-18,2095.00,2106.00,2058.00,2066.00
2010-10-19,2067.00,2086.00,2053.00,2066.00
2010-10-20,2065.00,2099.00,2064.00,2091.00
2010-10-21,2090.00,2105.00,2068.00,2083.00
2010-10-22,2082.00,2104.00,2078.00,2101.00
2010-10-25,2105.00,2126.00,2103.00,2110.00
2010-10-26,2109.00,2123.00,2093.00,2120.00
2010-10-27,2119.00,2126.00,2103.00,2121.00
2010-10-28,2122.00,2138.00,2110.00,2128.00
2010-10-29,2129.00,2136.00,2118.00,2125.00
2010-11-01,2126.00,2147.00,2116.00,2128.00
2010-11-02,2129.00,2155.00,2128.00,2154.00
2010-11-03,2153.00,2167.00,2131.00,2165.00
2010-11-04,2166.00,2192.00,2164.00,2183.00
2010-11-05,2184.00,2191.00,2178.00,2182.00
2010-11-08,2181.00,2190.00,2175.00,2181.00
2010-11-09,2180.00,2199.00,2165.00,2176.00
2010-11-10,2177.00,2188.00,2153.00,2159.00
2010-11-11,2158.00,2176.00,2143.00,2170.00
2010-11-12,2171.00,2174.00,2120.00,2136.00
2010-11-15,2135.00,2152.00,2123.00,2125.00
2010-11-16,2126.00,2126.00,2085.00,2098.00
2010-11-17,2099.00,2110.00,2089.00,2101.00
2010-11-18,2100.00,2148.00,2100.00,2139.00
2010-11-19,2138.00,2139.00,2121.00,2135.00
2010-11-22,2145.00,2156.00,2122.00,2151.00
2010-11-23,2149.00,2152.00,2103.00,2120.00
2010-11-24,2121.00,2163.00,2111.00,2158.00
2010-11-25,2159.00,2161.00,2151.00,2158.00
2010-11-26,2159.00,2160.00,2133.00,2143.00
2010-11-29,2146.00,2158.00,2116.00,2141.00
2010-11-30,2142.00,2146.00,2108.00,2110.00
2010-12-01,2111.00,2172.00,2109.00,2160.00
2010-12-02,2161.00,2189.00,2155.00,2185.00
2010-12-03,2184.00,2193.00,2166.00,2189.00
2010-12-06,2188.00,2192.00,2175.00,2189.00
2010-12-07,2190.00,2215.00,2183.00,2187.00
2010-12-08,2188.00,2205.00,2178.00,2204.00
2010-12-09,2205.00,2213.00,2192.00,2201.00
2010-12-10,2202.00,2216.00,2198.00,2215.00
2010-12-13,2216.00,2225.00,2205.00,2207.00
2010-12-14,2208.00,2219.00,2204.00,2212.00
2010-12-15,2213.00,2222.00,2195.00,2198.00
2010-12-16,2199.00,2224.00,2196.00,2220.00
2010-12-17,2221.00,2226.00,2215.00,2220.00
2010-12-20,2216.00,2230.00,2206.00,2220.00
2010-12-21,2219.00,2237.00,2219.00,2231.00
2010-12-22,2230.00,2238.00,2230.00,2237.00
2010-12-23,2238.00,2239.00,2224.00,2231.00
2010-12-27,2226.00,2234.00,2207.00,2232.00
2010-12-28,2233.00,2236.00,2221.00,2225.00
2010-12-29,2224.00,2235.00,2224.00,2231.00
2010-12-30,2230.00,2233.00,2222.00,2225.00
2010-12-31,2224.00,2229.00,2208.00,2212.00
2011-01-03,2223.00,2268.00,2219.00,2251.00
2011-01-04,2250.00,2263.00,2237.00,2246.00
2011-01-05,2245.00,2272.00,2230.00,2271.00
2011-01-06,2272.00,2279.00,2267.00,2276.00
2011-01-07,2277.00,2282.00,2252.00,2276.00
2011-01-10,2270.00,2287.00,2261.00,2283.00
2011-01-11,2284.00,2295.00,2278.00,2286.00
2011-01-12,2287.00,2307.00,2286.00,2304.00
2011-01-13,2305.00,2311.00,2297.00,2309.00
2011-01-14,2308.00,2321.00,2298.00,2321.00
2011-01-17,2320.00,2325.00,2286.00,2295.00
2011-01-18,2294.00,2346.00,2293.00,2331.00
2011-01-19,2332.00,2338.00,2293.00,2293.00
2011-01-20,2294.00,2299.00,2267.00,2283.00
2011-01-21,2282.00,2300.00,2266.00,2267.00
2011-01-24,2268.00,2301.00,2265.00,2296.00
2011-01-25,2297.00,2302.00,2282.00,2299.00
2011-01-26,2298.00,2320.00,2298.00,2317.00
2011-01-27,2316.00,2335.00,2313.00,2321.00
2011-01-28,2322.00,2331.00,2258.00,2268.00
2011-01-31,2263.00,2286.00,2251.00,2285.00
2011-02-01,2286.00,2328.00,2286.00,2321.00
2011-02-02,2320.00,2328.00,2312.00,2319.00
2011-02-03,2318.00,2326.00,2296.00,2322.00
2011-02-04,2323.00,2338.00,2316.00,2336.00
2011-02-07,2335.00,2359.00,2335.00,2345.00
2011-02-08,2344.00,2364.00,2342.00,2363.00
2011-02-09,2362.00,2365.00,2350.00,2352.00
2011-02-10,2353.00,2365.00,2338.00,2356.00
2011-02-11,2357.00,2380.00,2348.00,2378.00
2011-02-14,2376.00,2388.00,2375.00,2379.00
2011-02-15,2378.00,2385.00,2371.00,2383.00
2011-02-16,2382.00,2403.00,2382.00,2391.00
2011-02-17,2392.00,2401.00,2384.00,2394.00
2011-02-18,2393.00,2400.00,2382.00,2391.00
2011-02-21,2393.00,2394.00,2362.00,2362.00
2011-02-22,2363.00,2366.00,2316.00,2322.00
2011-02-23,2323.00,2335.00,2285.00,2306.00
2011-02-24,2305.00,2321.00,2281.00,2315.00
2011-02-25,2314.00,2349.00,2311.00,2346.00
2011-02-28,2344.00,2362.00,2335.00,2354.00
2011-03-01,2355.00,2371.00,2304.00,2310.00
2011-03-02,2311.00,2340.00,2301.00,2322.00
2011-03-03,2323.00,2378.00,2323.00,2375.00
2011-03-04,2376.00,2377.00,2343.00,2358.00
2011-03-07,2360.00,2373.00,2305.00,2328.00
2011-03-08,2329.00,2347.00,2309.00,2333.00
2011-03-09,2332.00,2339.00,2308.00,2311.00
2011-03-10,2310.00,2312.00,2274.00,2286.00
2011-03-11,2287.00,2305.00,2264.00,2298.00
2011-03-14,2292.00,2302.00,2273.00,2292.00
2011-03-15,2293.00,2294.00,2216.00,2240.00
2011-03-16,2249.00,2262.00,2186.00,2195.00
2011-03-17,2196.00,2246.00,2192.00,2220.00
2011-03-18,2221.00,2254.00,2215.00,2218.00
2011-03-21,2223.00,2271.00,2223.00,2256.00
2011-03-22,2255.00,2264.00,2250.00,2255.00
2011-03-23,2254.00,2275.00,2232.00,2266.00
2011-03-24,2267.00,2331.00,2263.00,2317.00
2011-03-25,2316.00,2330.00,2311.00,2315.00
2011-03-28,2319.00,2328.00,2296.00,2296.00
2011-03-29,2297.00,2327.00,2290.00,2322.00
2011-03-30,2323.00,2343.00,2322.00,2332.00
2011-03-31,2331.00,2345.00,2327.00,2343.00
2011-04-01,2342.00,2358.00,2333.00,2339.00
2011-04-04,2338.00,2350.00,2322.00,2341.00
2011-04-05,2340.00,2342.00,2318.00,2327.00
2011-04-06,2326.00,2350.00,2317.00,2327.00
2011-04-07,2326.00,2344.00,2312.00,2330.00
2011-04-08,2331.00,2343.00,2305.00,2317.00
2011-04-11,2323.00,2333.00,2302.00,2305.00
2011-04-12,2304.00,2305.00,2285.00,2299.00
2011-04-13,2298.00,2319.00,2295.00,2307.00
2011-04-14,2308.00,2312.00,2288.00,2305.00
2011-04-15,2304.00,2314.00,2290.00,2304.00
2011-04-18,2309.00,2310.00,2251.00,2285.00
2011-04-19,2284.00,2322.00,2278.00,2320.00
2011-04-20,2319.00,2379.00,2317.00,2377.00
2011-04-21,2378.00,2383.00,2367.00,2374.00
2011-04-25,2373.00,2383.00,2372.00,2382.00
2011-04-26,2383.00,2404.00,2375.00,2395.00
2011-04-27,2396.00,2415.00,2389.00,2410.00
2011-04-28,2411.00,2418.00,2398.00,2403.00
2011-04-29,2404.00,2414.00,2400.00,2406.00
2011-05-02,2412.00,2429.00,2396.00,2403.00
2011-05-03,2402.00,2405.00,2376.00,2392.00
2011-05-04,2393.00,2398.00,2367.00,2389.00
2011-05-05,2390.00,2400.00,2364.00,2375.00
2011-05-06,2376.00,2409.00,2373.00,2382.00
2011-05-09,2386.00,2398.00,2374.00,2389.00
2011-05-10,2390.00,2414.00,2383.00,2413.00
2011-05-11,2414.00,2415.00,2374.00,2383.00
2011-05-12,2384.00,2409.00,2369.00,2406.00
2011-05-13,2405.00,2414.00,2376.00,2377.00
2011-05-16,2365.00,2373.00,2326.00,2328.00
2011-05-17,2329.00,2346.00,2318.00,2343.00
2011-05-18,2342.00,2367.00,2333.00,2365.00
2011-05-19,2364.00,2373.00,2354.00,2368.00
2011-05-20,2367.00,2373.00,2347.00,2352.00
2011-05-23,2342.00,2343.00,2305.00,2315.00
2011-05-24,2316.00,2324.00,2297.00,2299.00
2011-05-25,2298.00,2321.00,2281.00,2308.00
2011-05-26,2309.00,2331.00,2303.00,2327.00
2011-05-27,2326.00,2338.00,2322.00,2336.00
2011-05-30,2332.00,2338.00,2331.00,2338.00
2011-05-31,2339.00,2380.00,2339.00,2377.00
2011-06-01,2376.00,2381.00,2314.00,2318.00
2011-06-02,2319.00,2335.00,2314.00,2325.00
2011-06-03,2326.00,2328.00,2289.00,2293.00
2011-06-06,2291.00,2299.00,2271.00,2272.00
2011-06-07,2273.00,2288.00,2268.00,2276.00
2011-06-08,2277.00,2277.00,2245.00,2251.00
2011-06-09,2250.00,2266.00,2245.00,2252.00
2011-06-10,2253.00,2254.00,2219.00,2221.00
2011-06-13,2222.00,2233.00,2214.00,2223.00
2011-06-14,2224.00,2255.00,2219.00,2247.00
2011-06-15,2246.00,2247.00,2203.00,2211.00
2011-06-16,2212.00,2217.00,2180.00,2205.00
2011-06-17,2206.00,2222.00,2189.00,2192.00
2011-06-20,2189.00,2210.00,2177.00,2207.00
2011-06-21,2206.00,2253.00,2201.00,2247.00
2011-06-22,2248.00,2254.00,2224.00,2226.00
2011-06-23,2227.00,2256.00,2203.00,2249.00
2011-06-24,2250.00,2260.00,2211.00,2215.00
2011-06-27,2214.00,2269.00,2198.00,2260.00
2011-06-28,2259.00,2288.00,2245.00,2286.00
2011-06-29,2285.00,2303.00,2278.00,2296.00
2011-06-30,2295.00,2326.00,2291.00,2323.00
2011-07-01,2324.00,2363.00,2320.00,2360.00
2011-07-05,2357.00,2375.00,2355.00,2373.00
2011-07-06,2372.00,2383.00,2362.00,2382.00
2011-07-07,2383.00,2418.00,2381.00,2417.00
2011-07-08,2418.00,2424.00,2378.00,2405.00
2011-07-11,2402.00,2403.00,2353.00,2365.00
2011-07-12,2366.00,2368.00,2328.00,2343.00
2011-07-13,2344.00,2377.00,2332.00,2340.00
2011-07-14,2339.00,2370.00,2317.00,2342.00
2011-07-15,2343.00,2356.00,2334.00,2354.00
2011-07-18,2353.00,2356.00,2321.00,2345.00
2011-07-19,2346.00,2413.00,2345.00,2408.00
2011-07-20,2407.00,2415.00,2367.00,2378.00
2011-07-21,2379.00,2416.00,2370.00,2412.00
2011-07-22,2411.00,2432.00,2398.00,2427.00
2011-07-25,2400.00,2436.00,2381.00,2424.00
2011-07-26,2425.00,2437.00,2415.00,2423.00
2011-07-27,2424.00,2428.00,2358.00,2359.00
2011-07-28,2358.00,2401.00,2358.00,2371.00
2011-07-29,2370.00,2387.00,2340.00,2366.00
2011-08-01,2387.00,2397.00,2323.00,2352.00
2011-08-02,2351.00,2353.00,2284.00,2287.00
2011-08-03,2288.00,2316.00,2255.00,2312.00
2011-08-04,2311.00,2320.00,2195.00,2203.00
2011-08-05,2202.00,2239.00,2129.00,2196.00
2011-08-08,2135.00,2171.00,2016.00,2025.00
2011-08-09,2024.00,2168.00,1973.00,2161.00
2011-08-10,2162.00,2165.00,2067.00,2087.00
2011-08-11,2088.00,2184.00,2058.00,2157.00
2011-08-12,2156.00,2192.00,2115.00,2179.00
2011-08-15,2178.00,2211.00,2177.00,2203.00
2011-08-16,2204.00,2211.00,2164.00,2187.00
2011-08-17,2188.00,2214.00,2157.00,2168.00
2011-08-18,2169.00,2169.00,2053.00,2073.00
2011-08-19,2074.00,2102.00,2034.00,2036.00
2011-08-22,2037.00,2085.00,2022.00,2042.00
2011-08-23,2043.00,2129.00,2037.00,2118.00
2011-08-24,2119.00,2147.00,2096.00,2119.00
2011-08-25,2118.00,2152.00,2101.00,2118.00
2011-08-26,2119.00,2169.00,2081.00,2159.00
2011-08-29,2162.00,2225.00,2158.00,2220.00
2011-08-30,2219.00,2249.00,2201.00,2223.00
2011-08-31,2224.00,2267.00,2222.00,2243.00
2011-09-01,2244.00,2264.00,2215.00,2216.00
2011-09-02,2215.00,2222.00,2156.00,2169.00
2011-09-05,2157.00,2159.00,2108.00,2117.00
2011-09-06,2116.00,2173.00,2111.00,2170.00
2011-09-07,2171.00,2229.00,2169.00,2229.00
2011-09-08,2228.00,2242.00,2202.00,2209.00
2011-09-09,2208.00,2226.00,2148.00,2163.00
2011-09-12,2142.00,2207.00,2120.00,2199.00
2011-09-13,2198.00,2224.00,2165.00,2212.00
2011-09-14,2211.00,2276.00,2190.00,2252.00
2011-09-15,2253.00,2292.00,2243.00,2287.00
2011-09-16,2288.00,2308.00,2273.00,2304.00
2011-09-19,2288.00,2318.00,2258.00,2295.00
2011-09-20,2296.00,2336.00,2288.00,2304.00
2011-09-21,2305.00,2319.00,2245.00,2250.00
2011-09-22,2251.00,2253.00,2149.00,2191.00
2011-09-23,2192.00,2214.00,2138.00,2203.00
2011-09-26,2197.00,2236.00,2166.00,2226.00
2011-09-27,2227.00,2289.00,2225.00,2254.00
2011-09-28,2253.00,2280.00,2216.00,2217.00
2011-09-29,2218.00,2264.00,2157.00,2198.00
2011-09-30,2197.00,2199.00,2139.00,2139.00
2011-10-03,2128.00,2152.00,2064.00,2069.00
2011-10-04,2070.00,2131.00,2040.00,2124.00
2011-10-05,2125.00,2186.00,2104.00,2158.00
2011-10-06,2157.00,2218.00,2153.00,2210.00
2011-10-07,2211.00,2231.00,2188.00,2200.00
2011-10-10,2211.00,2282.00,2209.00,2278.00
2011-10-11,2279.00,2300.00,2266.00,2287.00
2011-10-12,2286.00,2332.00,2278.00,2302.00
2011-10-13,2303.00,2340.00,2293.00,2331.00
2011-10-14,2332.00,2370.00,2324.00,2370.00
2011-10-17,2371.00,2392.00,2316.00,2325.00
2011-10-18,2324.00,2375.00,2309.00,2345.00
2011-10-19,2346.00,2360.00,2310.00,2325.00
2011-10-20,2326.00,2337.00,2273.00,2305.00
2011-10-21,2304.00,2349.00,2303.00,2334.00
2011-10-24,2327.00,2390.00,2325.00,2375.00
2011-10-25,2376.00,2391.00,2320.00,2327.00
2011-10-26,2326.00,2354.00,2291.00,2338.00
2011-10-27,2339.00,2413.00,2334.00,2403.00
2011-10-28,2404.00,2405.00,2383.00,2402.00
2011-10-31,2403.00,2403.00,2349.00,2352.00
2011-11-01,2353.00,2360.00,2287.00,2303.00
2011-11-02,2302.00,2334.00,2297.00,2312.00
2011-11-03,2311.00,2370.00,2283.00,2366.00
2011-11-04,2365.00,2369.00,2331.00,2354.00
2011-11-07,2369.00,2384.00,2324.00,2376.00
2011-11-08,2375.00,2403.00,2359.00,2400.00
2011-11-09,2399.00,2401.00,2307.00,2313.00
2011-11-10,2312.00,2348.00,2291.00,2312.00
2011-11-11,2313.00,2364.00,2306.00,2357.00
2011-11-14,2361.00,2366.00,2331.00,2345.00
2011-11-15,2346.00,2375.00,2311.00,2361.00
2011-11-16,2362.00,2372.00,2309.00,2312.00
2011-11-17,2313.00,2334.00,2257.00,2264.00
2011-11-18,2265.00,2291.00,2250.00,2253.00
2011-11-21,2242.00,2244.00,2188.00,2215.00
2011-11-22,2216.00,2228.00,2192.00,2217.00
2011-11-23,2216.00,2216.00,2163.00,2168.00
2011-11-24,2175.00,2186.00,2152.00,2158.00
2011-11-25,2159.00,2182.00,2136.00,2149.00
2011-11-28,2181.00,2228.00,2179.00,2221.00
2011-11-29,2220.00,2245.00,2202.00,2204.00
2011-11-30,2205.00,2297.00,2196.00,2294.00
2011-12-01,2295.00,2315.00,2284.00,2310.00
2011-12-02,2309.00,2344.00,2301.00,2306.00
2011-12-05,2316.00,2344.00,2312.00,2323.00
2011-12-06,2322.00,2342.00,2313.00,2326.00
2011-12-07,2325.00,2344.00,2292.00,2324.00
2011-12-08,2323.00,2341.00,2276.00,2280.00
2011-12-09,2279.00,2326.00,2269.00,2321.00
2011-12-12,2320.00,2326.00,2274.00,2296.00
2011-12-13,2295.00,2318.00,2258.00,2269.00
2011-12-14,2270.00,2280.00,2220.00,2232.00
2011-12-15,2231.00,2256.00,2219.00,2230.00
2011-12-16,2231.00,2268.00,2230.00,2238.00
2011-12-19,2237.00,2255.00,2208.00,2225.00
2011-12-20,2224.00,2287.00,2222.00,2271.00
2011-12-21,2272.00,2295.00,2222.00,2246.00
2011-12-22,2245.00,2272.00,2238.00,2271.00
2011-12-23,2272.00,2286.00,2266.00,2286.00
2011-12-27,2289.00,2300.00,2279.00,2286.00
2011-12-28,2287.00,2296.00,2260.00,2269.00
2011-12-29,2268.00,2286.00,2263.00,2283.00
2011-12-30,2284.00,2288.00,2278.00,2278.00
2012-01-03,2324.00,2332.00,2312.00,2321.00
2012-01-04,2320.00,2333.00,2307.00,2332.00
2012-01-05,2331.00,2352.00,2314.00,2347.00
2012-01-06,2346.00,2363.00,2337.00,2356.00
2012-01-09,2359.00,2365.00,2340.00,2354.00
2012-01-10,2355.00,2380.00,2354.00,2359.00
2012-01-11,2360.00,2375.00,2355.00,2369.00
2012-01-12,2368.00,2385.00,2358.00,2383.00
2012-01-13,2384.00,2389.00,2351.00,2371.00
2012-01-16,2372.00,2388.00,2364.00,2386.00
2012-01-17,2385.00,2403.00,2384.00,2395.00
2012-01-18,2396.00,2425.00,2390.00,2423.00
2012-01-19,2424.00,2444.00,2421.00,2431.00
2012-01-20,2430.00,2437.00,2425.00,2436.00
2012-01-23,2432.00,2454.00,2423.00,2438.00
2012-01-24,2437.00,2471.00,2422.00,2463.00
2012-01-25,2462.00,2469.00,2439.00,2459.00
2012-01-26,2460.00,2478.00,2443.00,2453.00
2012-01-27,2452.00,2466.00,2447.00,2461.00
2012-01-30,2460.00,2467.00,2431.00,2465.00
2012-01-31,2464.00,2480.00,2451.00,2458.00
2012-02-01,2459.00,2496.00,2456.00,2492.00
2012-02-02,2493.00,2503.00,2482.00,2494.00
2012-02-03,2495.00,2532.00,2492.00,2529.00
2012-02-06,2523.00,2530.00,2512.00,2529.00
2012-02-07,2528.00,2537.00,2514.00,2529.00
2012-02-08,2530.00,2549.00,2523.00,2541.00
2012-02-09,2540.00,2567.00,2538.00,2562.00
2012-02-10,2561.00,2563.00,2537.00,2551.00
2012-02-13,2562.00,2573.00,2554.00,2567.00
2012-02-14,2566.00,2580.00,2555.00,2578.00
2012-02-15,2579.00,2602.00,2551.00,2552.00
2012-02-16,2553.00,2596.00,2545.00,2594.00
2012-02-17,2595.00,2598.00,2573.00,2584.00
2012-02-20,2596.00,2601.00,2585.00,2586.00
2012-02-21,2587.00,2603.00,2575.00,2592.00
2012-02-22,2593.00,2602.00,2576.00,2581.00
2012-02-23,2580.00,2606.00,2571.00,2605.00
2012-02-24,2606.00,2610.00,2597.00,2601.00
2012-02-27,2602.00,2616.00,2578.00,2608.00
2012-02-28,2609.00,2634.00,2607.00,2631.00
2012-02-29,2630.00,2644.00,2614.00,2622.00
2012-03-01,2621.00,2648.00,2615.00,2647.00
2012-03-02,2648.00,2649.00,2632.00,2643.00
2012-03-05,2640.00,2644.00,2605.00,2615.00
2012-03-06,2616.00,2617.00,2574.00,2593.00
2012-03-07,2592.00,2614.00,2592.00,2606.00
2012-03-08,2605.00,2643.00,2604.00,2635.00
2012-03-09,2634.00,2651.00,2630.00,2648.00
2012-03-12,2645.00,2651.00,2634.00,2651.00
2012-03-13,2650.00,2701.00,2650.00,2695.00
2012-03-14,2694.00,2716.00,2690.00,2703.00
2012-03-15,2704.00,2720.00,2701.00,2713.00
2012-03-16,2712.00,2723.00,2706.00,2712.00
2012-03-19,2711.00,2738.00,2703.00,2732.00
2012-03-20,2731.00,2742.00,2710.00,2737.00
2012-03-21,2736.00,2752.00,2733.00,2740.00
2012-03-22,2739.00,2744.00,2719.00,2736.00
2012-03-23,2737.00,2750.00,2714.00,2732.00
2012-03-26,2735.00,2783.00,2734.00,2782.00
2012-03-27,2781.00,2792.00,2775.00,2781.00
2012-03-28,2782.00,2793.00,2754.00,2772.00
2012-03-29,2773.00,2776.00,2740.00,2757.00
2012-03-30,2758.00,2774.00,2741.00,2756.00
2012-04-02,2761.00,2785.00,2745.00,2779.00
2012-04-03,2778.00,2792.00,2764.00,2777.00
2012-04-04,2776.00,2777.00,2726.00,2739.00
2012-04-05,2738.00,2764.00,2723.00,2758.00
2012-04-06,2759.00,2764.00,2758.00,2759.00
2012-04-09,2726.00,2751.00,2722.00,2734.00
2012-04-10,2735.00,2749.00,2687.00,2706.00
2012-04-11,2705.00,2727.00,2701.00,2711.00
2012-04-12,2710.00,2743.00,2708.00,2740.00
2012-04-13,2741.00,2746.00,2697.00,2697.00
2012-04-16,2695.00,2713.00,2660.00,2667.00
2012-04-17,2668.00,2731.00,2657.00,2721.00
2012-04-18,2722.00,2731.00,2698.00,2706.00
2012-04-19,2705.00,2738.00,2675.00,2692.00
2012-04-20,2693.00,2711.00,2673.00,2678.00
2012-04-23,2672.00,2678.00,2628.00,2656.00
2012-04-24,2655.00,2680.00,2628.00,2675.00
2012-04-25,2674.00,2710.00,2668.00,2708.00
2012-04-26,2707.00,2733.00,2698.00,2719.00
2012-04-27,2718.00,2749.00,2712.00,2741.00
2012-04-30,2743.00,2747.00,2719.00,2724.00
2012-05-01,2723.00,2756.00,2714.00,2724.00
2012-05-02,2723.00,2735.00,2706.00,2732.00
2012-05-03,2733.00,2741.00,2696.00,2699.00
2012-05-04,2698.00,2703.00,2628.00,2628.00
2012-05-07,2614.00,2651.00,2591.00,2643.00
2012-05-08,2642.00,2644.00,2586.00,2626.00
2012-05-09,2627.00,2635.00,2587.00,2611.00
2012-05-10,2610.00,2639.00,2602.00,2607.00
2012-05-11,2606.00,2643.00,2601.00,2615.00
2012-05-14,2606.00,2616.00,2585.00,2594.00
2012-05-15,2595.00,2617.00,2576.00,2584.00
2012-05-16,2583.00,2597.00,2556.00,2565.00
2012-05-17,2564.00,2572.00,2506.00,2513.00
2012-05-18,2514.00,2522.00,2470.00,2472.00
2012-05-21,2473.00,2547.00,2466.00,2547.00
2012-05-22,2548.00,2562.00,2523.00,2534.00
2012-05-23,2533.00,2553.00,2499.00,2532.00
2012-05-24,2533.00,2557.00,2511.00,2537.00
2012-05-25,2538.00,2552.00,2519.00,2527.00
2012-05-28,2538.00,2551.00,2534.00,2536.00
2012-05-29,2537.00,2571.00,2533.00,2556.00
2012-05-30,2555.00,2557.00,2521.00,2532.00
2012-05-31,2531.00,2544.00,2507.00,2523.00
2012-06-01,2522.00,2523.00,2457.00,2458.00
2012-06-04,2461.00,2481.00,2435.00,2477.00
2012-06-05,2476.00,2499.00,2461.00,2495.00
2012-06-06,2496.00,2555.00,2493.00,2554.00
2012-06-07,2553.00,2570.00,2532.00,2539.00
2012-06-08,2538.00,2563.00,2518.00,2562.00
2012-06-11,2596.00,2603.00,2512.00,2517.00
2012-06-12,2518.00,2548.00,2510.00,2544.00
2012-06-13,2543.00,2555.00,2516.00,2528.00
2012-06-14,2529.00,2544.00,2511.00,2538.00
2012-06-15,2539.00,2570.00,2535.00,2566.00
2012-06-18,2580.00,2599.00,2552.00,2596.00
2012-06-19,2597.00,2629.00,2588.00,2616.00
2012-06-20,2617.00,2631.00,2601.00,2619.00
2012-06-21,2618.00,2623.00,2552.00,2558.00
2012-06-22,2559.00,2585.00,2552.00,2579.00
2012-06-25,2578.00,2579.00,2524.00,2535.00
2012-06-26,2536.00,2554.00,2528.00,2549.00
2012-06-27,2548.00,2575.00,2547.00,2560.00
2012-06-28,2561.00,2569.00,2508.00,2526.00
2012-06-29,2525.00,2620.00,2523.00,2618.00
2012-07-02,2619.00,2624.00,2604.00,2618.00
2012-07-03,2619.00,2647.00,2617.00,2645.00
2012-07-04,2646.00,2649.00,2637.00,2641.00
2012-07-05,2642.00,2660.00,2628.00,2647.00
2012-07-06,2646.00,2648.00,2595.00,2614.00
2012-07-09,2607.00,2619.00,2596.00,2609.00
2012-07-10,2608.00,2629.00,2573.00,2581.00
2012-07-11,2580.00,2593.00,2547.00,2572.00
2012-07-12,2571.00,2572.00,2521.00,2545.00
2012-07-13,2544.00,2589.00,2544.00,2582.00
2012-07-16,2581.00,2588.00,2565.00,2575.00
2012-07-17,2576.00,2598.00,2552.00,2591.00
2012-07-18,2590.00,2637.00,2581.00,2633.00
2012-07-19,2634.00,2662.00,2633.00,2657.00
2012-07-20,2656.00,2662.00,2617.00,2619.00
2012-07-23,2614.00,2617.00,2548.00,2581.00
2012-07-24,2582.00,2594.00,2521.00,2523.00
2012-07-25,2522.00,2565.00,2522.00,2549.00
2012-07-26,2548.00,2597.00,2534.00,2580.00
2012-07-27,2579.00,2650.00,2577.00,2647.00
2012-07-30,2644.00,2662.00,2632.00,2641.00
2012-07-31,2640.00,2656.00,2636.00,2640.00
2012-08-01,2639.00,2660.00,2624.00,2633.00
2012-08-02,2632.00,2652.00,2604.00,2622.00
2012-08-03,2621.00,2685.00,2620.00,2676.00
2012-08-06,2678.00,2704.00,2674.00,2690.00
2012-08-07,2689.00,2725.00,2688.00,2710.00
2012-08-08,2709.00,2719.00,2703.00,2708.00
2012-08-09,2709.00,2725.00,2706.00,2717.00
2012-08-10,2716.00,2724.00,2703.00,2722.00
2012-08-13,2720.00,2730.00,2706.00,2727.00
2012-08-14,2728.00,2743.00,2721.00,2723.00
2012-08-15,2722.00,2740.00,2717.00,2739.00
2012-08-16,2738.00,2773.00,2737.00,2765.00
2012-08-17,2766.00,2779.00,2763.00,2776.00
2012-08-20,2777.00,2783.00,2766.00,2781.00
2012-08-21,2780.00,2801.00,2761.00,2771.00
2012-08-22,2770.00,2789.00,2758.00,2783.00
2012-08-23,2782.00,2791.00,2753.00,2761.00
2012-08-24,2762.00,2784.00,2750.00,2775.00
2012-08-27,2783.00,2795.00,2776.00,2784.00
2012-08-28,2783.00,2790.00,2770.00,2783.00
2012-08-29,2784.00,2789.00,2770.00,2780.00
2012-08-30,2779.00,2780.00,2749.00,2752.00
2012-08-31,2753.00,2784.00,2744.00,2771.00
2012-09-03,2768.00,2780.00,2759.00,2776.00
2012-09-04,2775.00,2782.00,2742.00,2769.00
2012-09-05,2768.00,2780.00,2756.00,2768.00
2012-09-06,2767.00,2829.00,2766.00,2825.00
2012-09-07,2826.00,2835.00,2816.00,2823.00
2012-09-10,2821.00,2823.00,2781.00,2784.00
2012-09-11,2785.00,2799.00,2777.00,2779.00
2012-09-12,2778.00,2799.00,2774.00,2793.00
2012-09-13,2794.00,2841.00,2784.00,2831.00
2012-09-14,2832.00,2864.00,2831.00,2856.00
2012-09-17,2855.00,2858.00,2845.00,2853.00
2012-09-18,2854.00,2859.00,2843.00,2859.00
2012-09-19,2858.00,2871.00,2849.00,2860.00
2012-09-20,2859.00,2863.00,2842.00,2861.00
2012-09-21,2862.00,2876.00,2857.00,2859.00
2012-09-24,2858.00,2862.00,2831.00,2845.00
2012-09-25,2844.00,2858.00,2804.00,2810.00
2012-09-26,2809.00,2812.00,2768.00,2785.00
2012-09-27,2784.00,2826.00,2783.00,2821.00
2012-09-28,2820.00,2824.00,2794.00,2796.00
2012-10-01,2793.00,2827.00,2783.00,2793.00
2012-10-02,2792.00,2812.00,2778.00,2799.00
2012-10-03,2800.00,2824.00,2793.00,2819.00
2012-10-04,2820.00,2835.00,2813.00,2829.00
2012-10-05,2830.00,2846.00,2805.00,2810.00
2012-10-08,2813.00,2813.00,2780.00,2786.00
2012-10-09,2787.00,2792.00,2732.00,2734.00
2012-10-10,2735.00,2749.00,2720.00,2723.00
2012-10-11,2724.00,2750.00,2717.00,2722.00
2012-10-12,2723.00,2733.00,2712.00,2718.00
2012-10-15,2720.00,2742.00,2710.00,2741.00
2012-10-16,2740.00,2782.00,2735.00,2770.00
2012-10-17,2771.00,2784.00,2759.00,2776.00
2012-10-18,2775.00,2779.00,2733.00,2741.00
2012-10-19,2740.00,2742.00,2671.00,2671.00
2012-10-22,2673.00,2700.00,2662.00,2700.00
2012-10-23,2699.00,2700.00,2657.00,2671.00
2012-10-24,2672.00,2686.00,2653.00,2658.00
2012-10-25,2659.00,2679.00,2611.00,2652.00
2012-10-26,2651.00,2675.00,2630.00,2667.00
2012-10-29,2662.00,2664.00,2638.00,2644.00
2012-10-30,2645.00,2665.00,2632.00,2664.00
2012-10-31,2663.00,2683.00,2636.00,2639.00
2012-11-01,2640.00,2696.00,2634.00,2692.00
2012-11-02,2691.00,2700.00,2648.00,2648.00
2012-11-05,2644.00,2679.00,2643.00,2662.00
2012-11-06,2663.00,2697.00,2662.00,2677.00
2012-11-07,2676.00,2691.00,2602.00,2621.00
2012-11-08,2620.00,2626.00,2572.00,2580.00
2012-11-09,2579.00,2610.00,2559.00,2586.00
2012-11-12,2588.00,2600.00,2575.00,2580.00
2012-11-13,2581.00,2588.00,2555.00,2572.00
2012-11-14,2573.00,2587.00,2528.00,2534.00
2012-11-15,2533.00,2542.00,2514.00,2523.00
2012-11-16,2519.00,2540.00,2493.00,2536.00
2012-11-19,2537.00,2595.00,2536.00,2585.00
2012-11-20,2586.00,2598.00,2569.00,2593.00
2012-11-21,2592.00,2604.00,2578.00,2603.00
2012-11-22,2604.00,2607.00,2598.00,2603.00
2012-11-23,2602.00,2639.00,2597.00,2639.00
2012-11-26,2631.00,2652.00,2624.00,2651.00
2012-11-27,2652.00,2660.00,2637.00,2640.00
2012-11-28,2639.00,2667.00,2613.00,2661.00
2012-11-29,2662.00,2690.00,2661.00,2674.00
2012-11-30,2673.00,2691.00,2668.00,2679.00
2012-12-03,2678.00,2699.00,2667.00,2670.00
2012-12-04,2669.00,2676.00,2650.00,2661.00
2012-12-05,2660.00,2679.00,2623.00,2638.00
2012-12-06,2637.00,2660.00,2621.00,2654.00
2012-12-07,2653.00,2671.00,2628.00,2635.00
2012-12-10,2637.00,2661.00,2624.00,2646.00
2012-12-11,2647.00,2696.00,2644.00,2686.00
2012-12-12,2687.00,2696.00,2668.00,2672.00
2012-12-13,2673.00,2688.00,2642.00,2657.00
2012-12-14,2656.00,2662.00,2619.00,2628.00
2012-12-17,2639.00,2669.00,2614.00,2667.00
2012-12-18,2666.00,2708.00,2666.00,2704.00
2012-12-19,2703.00,2715.00,2685.00,2687.00
2012-12-20,2686.00,2701.00,2677.00,2691.00
2012-12-21,2692.00,2692.00,2636.00,2664.00
2012-12-24,2662.00,2666.00,2650.00,2655.00
2012-12-26,2658.00,2662.00,2625.00,2635.00
2012-12-27,2634.00,2641.00,2597.00,2631.00
2012-12-28,2630.00,2631.00,2588.00,2590.00
2012-12-31,2589.00,2631.00,2584.00,2620.00
2013-01-02,2701.00,2746.00,2698.00,2741.00
2013-01-03,2740.00,2750.00,2722.00,2727.00
2013-01-04,2728.00,2739.00,2716.00,2716.00
2013-01-07,2720.00,2726.00,2706.00,2721.00
2013-01-08,2722.00,2729.00,2703.00,2721.00
2013-01-09,2722.00,2734.00,2715.00,2726.00
2013-01-10,2727.00,2749.00,2718.00,2746.00
2013-01-11,2745.00,2748.00,2736.00,2748.00
2013-01-14,2747.00,2753.00,2723.00,2735.00
2013-01-15,2734.00,2736.00,2709.00,2725.00
2013-01-16,2724.00,2741.00,2715.00,2729.00
2013-01-17,2730.00,2756.00,2721.00,2739.00
2013-01-18,2738.00,2746.00,2727.00,2739.00
2013-01-21,2738.00,2747.00,2737.00,2746.00
2013-01-22,2745.00,2762.00,2725.00,2760.00
2013-01-23,2761.00,2773.00,2713.00,2718.00
2013-01-24,2717.00,2747.00,2717.00,2719.00
2013-01-25,2718.00,2744.00,2717.00,2733.00
2013-01-28,2732.00,2751.00,2730.00,2738.00
2013-01-29,2739.00,2751.00,2720.00,2749.00
2013-01-30,2748.00,2756.00,2730.00,2739.00
2013-01-31,2738.00,2750.00,2728.00,2739.00
2013-02-01,2738.00,2768.00,2734.00,2761.00
2013-02-04,2759.00,2763.00,2713.00,2715.00
2013-02-05,2716.00,2763.00,2715.00,2756.00
2013-02-06,2755.00,2761.00,2737.00,2742.00
2013-02-07,2743.00,2753.00,2717.00,2745.00
2013-02-08,2744.00,2780.00,2743.00,2775.00
2013-02-11,2776.00,2783.00,2765.00,2772.00
2013-02-12,2773.00,2774.00,2762.00,2768.00
2013-02-13,2767.00,2784.00,2765.00,2767.00
2013-02-14,2766.00,2775.00,2756.00,2769.00
2013-02-15,2770.00,2777.00,2754.00,2763.00
2013-02-18,2758.50,2764.00,2757.20,2761.80
2013-02-19,2762.00,2784.80,2759.50,2782.80
2013-02-20,2783.00,2785.50,2732.50,2737.20
2013-02-21,2737.00,2740.00,2698.70,2716.70
2013-02-22,2717.00,2738.30,2713.50,2734.50
2013-02-25,2737.00,2763.80,2694.20,2705.50
2013-02-26,2705.80,2717.30,2688.30,2710.10
2013-02-27,2709.80,2757.10,2702.50,2740.60
2013-02-28,2740.30,2760.60,2728.30,2730.80
2013-03-01,2731.00,2750.50,2711.20,2747.30
2013-03-04,2747.80,2763.30,2732.00,2763.00
2013-03-05,2763.30,2802.80,2760.30,2799.60
2013-03-06,2799.00,2808.30,2788.00,2789.20
2013-03-07,2789.00,2803.50,2787.70,2796.30
2013-03-08,2796.00,2812.80,2791.70,2800.30
2013-03-11,2800.30,2811.50,2790.20,2809.00
2013-03-12,2808.80,2809.30,2786.80,2801.80
2013-03-13,2802.00,2807.50,2786.70,2798.70
2013-03-14,2798.50,2812.30,2796.50,2806.00
2013-03-15,2805.80,2810.80,2785.00,2790.50
2013-03-18,2790.80,2796.30,2747.50,2787.50
2013-03-19,2787.80,2799.10,2754.50,2774.00
2013-03-20,2774.30,2805.60,2771.00,2785.10
2013-03-21,2784.80,2787.10,2760.30,2768.30
2013-03-22,2768.50,2796.80,2762.50,2794.80
2013-03-25,2796.00,2810.60,2770.00,2786.30
2013-03-26,2785.80,2803.10,2785.50,2801.60
2013-03-27,2801.30,2805.10,2775.80,2798.80
2013-03-28,2799.00,2813.80,2790.70,2812.30
2013-04-01,2812.50,2814.80,2783.50,2788.50
2013-04-02,2788.80,2822.30,2785.50,2813.80
2013-04-03,2813.50,2818.30,2779.50,2787.20
2013-04-04,2787.00,2800.50,2772.00,2781.70
2013-04-05,2782.00,2783.00,2736.70,2764.20
2013-04-08,2764.00,2786.50,2756.20,2782.80
2013-04-09,2783.00,2808.80,2774.20,2796.00
2013-04-10,2795.80,2856.60,2794.00,2847.30
2013-04-11,2847.00,2857.50,2842.50,2852.80
2013-04-12,2853.00,2853.80,2827.50,2846.70
2013-04-15,2845.30,2850.10,2777.50,2793.80
2013-04-16,2793.50,2833.00,2790.70,2823.30
2013-04-17,2823.50,2827.50,2757.50,2778.00
2013-04-18,2777.80,2787.10,2723.00,2748.80
2013-04-19,2749.00,2778.50,2736.20,2771.00
2013-04-22,2771.30,2811.60,2770.30,2801.60
2013-04-23,2801.80,2841.80,2784.30,2839.80
2013-04-24,2839.50,2842.00,2815.00,2822.70
2013-04-25,2822.50,2853.50,2818.00,2844.00
2013-04-26,2843.80,2844.10,2821.50,2833.30
2013-04-29,2833.00,2870.80,2826.70,2859.80
2013-04-30,2859.30,2882.60,2853.00,2882.30
2013-05-01,2881.50,2886.00,2861.70,2866.00
2013-05-02,2866.30,2909.60,2865.80,2902.10
2013-05-03,2902.30,2946.80,2899.30,2937.10
2013-05-06,2937.30,2953.30,2935.50,2947.30
2013-05-07,2947.50,2955.80,2936.50,2946.50
2013-05-08,2946.80,2964.10,2940.80,2961.10
2013-05-09,2960.80,2977.30,2949.30,2962.30
2013-05-10,2962.00,2977.00,2958.20,2976.00
2013-05-13,2969.00,2986.50,2959.70,2980.00
2013-05-14,2980.30,3004.10,2970.50,2996.10
2013-05-15,2996.30,3004.30,2981.80,3004.10
2013-05-16,3003.80,3018.10,2995.00,3000.30
2013-05-17,3000.50,3027.50,2997.50,3023.30
2013-05-20,3019.80,3031.10,3009.30,3021.30
2013-05-21,3020.50,3035.80,3009.50,3020.80
2013-05-22,3021.00,3052.50,2983.00,3006.50
2013-05-23,3006.30,3007.60,2960.50,2995.00
2013-05-24,2995.30,3002.30,2962.80,2992.00
2013-05-27,2991.00,3003.80,2984.20,2999.80
2013-05-28,2999.50,3036.00,2997.50,3005.80
2013-05-29,3006.00,3007.80,2977.50,2993.20
2013-05-30,2993.50,3024.50,2980.70,3009.00
2013-05-31,3009.30,3021.80,2976.30,2976.50
2013-06-03,2979.80,2994.10,2949.30,2986.80
2013-06-04,2986.50,3006.00,2960.20,2975.70
2013-06-05,2975.50,2976.80,2931.00,2938.20
2013-06-06,2938.00,2953.00,2909.50,2948.80
2013-06-07,2949.00,2991.30,2941.00,2983.80
2013-06-10,2980.30,3003.30,2975.50,2987.10
2013-06-11,2986.80,2988.30,2949.00,2965.30
2013-06-12,2965.50,2978.50,2919.00,2922.00
2013-06-13,2921.80,2968.60,2897.30,2962.80
2013-06-14,2962.50,2967.30,2938.00,2940.20
2013-06-17,2940.00,2988.80,2939.50,2972.00
2013-06-18,2972.00,3001.80,2970.00,2997.00
2013-06-19,2997.00,3002.80,2957.50,2959.20
2013-06-20,2959.00,2961.00,2881.50,2884.20
2013-06-21,2884.50,2905.50,2845.20,2863.50
2013-06-24,2864.80,2869.80,2817.30,2846.00
2013-06-25,2846.00,2872.80,2830.00,2858.50
2013-06-26,2858.30,2892.10,2845.30,2884.60
2013-06-27,2885.00,2917.30,2881.50,2899.00
2013-06-28,2899.30,2920.10,2883.80,2900.10
2013-07-01,2905.30,2945.80,2893.50,2918.30
2013-07-02,2918.50,2940.30,2906.50,2922.00
2013-07-03,2922.30,2948.10,2896.30,2936.10
2013-07-04,2936.00,2966.30,2933.20,2964.30
2013-07-05,2963.80,2970.30,2927.00,2961.50
2013-07-08,2960.00,2977.00,2948.00,2962.00
2013-07-09,2961.50,2984.00,2958.20,2975.30
2013-07-10,2975.50,3004.80,2968.00,3004.30
2013-07-11,3004.00,3057.00,3004.00,3053.30
2013-07-12,3053.00,3069.50,3048.50,3064.00
2013-07-15,3063.30,3075.80,3062.30,3072.60
2013-07-16,3073.00,3079.30,3063.00,3072.50
2013-07-17,3072.30,3085.30,3064.80,3074.30
2013-07-18,3074.00,3085.80,3045.20,3048.70
2013-07-19,3048.50,3048.80,3029.70,3042.50
2013-07-22,3045.00,3054.30,3038.00,3048.00
2013-07-23,3048.30,3059.30,3022.80,3042.50
2013-07-24,3042.00,3056.30,3027.70,3052.00
2013-07-25,3052.30,3057.60,3026.50,3053.60
2013-07-26,3054.00,3072.50,3037.00,3071.80
2013-07-29,3069.80,3077.60,3055.80,3067.00
2013-07-30,3066.50,3093.80,3064.70,3083.80
2013-07-31,3083.80,3104.10,3078.30,3091.80
2013-08-01,3092.30,3122.60,3089.00,3118.10
2013-08-02,3117.80,3137.10,3111.50,3135.60
2013-08-05,3134.80,3139.60,3127.30,3135.80
2013-08-06,3135.50,3138.50,3105.50,3117.00
2013-08-07,3116.80,3118.60,3090.00,3116.80
2013-08-08,3117.00,3135.30,3107.70,3129.00
2013-08-09,3130.70,3135.60,3108.00,3114.60
2013-08-12,3112.80,3130.30,3095.30,3127.60
2013-08-13,3126.10,3147.80,3105.00,3138.30
2013-08-14,3138.00,3143.50,3119.70,3119.70
2013-08-15,3114.30,3116.30,3066.50,3070.80
2013-08-16,3070.50,3087.80,3066.20,3067.70
2013-08-19,3065.00,3098.50,3063.50,3069.00
2013-08-20,3068.50,3094.80,3061.50,3080.80
2013-08-21,3080.50,3096.50,3058.20,3059.50
2013-08-22,3059.00,3104.80,3053.20,3102.50
2013-08-23,3102.80,3124.80,3094.30,3120.10
2013-08-26,3118.30,3145.10,3115.30,3120.80
2013-08-27,3120.50,3122.80,3050.50,3059.70
2013-08-28,3059.50,3082.50,3054.50,3064.00
2013-08-29,3064.50,3106.80,3062.00,3090.50
2013-08-30,3090.30,3101.30,3060.00,3076.80
2013-09-02,3087.30,3111.30,3087.30,3107.30
2013-09-03,3106.50,3111.00,3074.00,3087.00
2013-09-04,3087.30,3129.30,3081.50,3129.10
2013-09-05,3128.80,3135.60,3122.00,3127.00
2013-09-06,3126.50,3147.00,3094.50,3132.80
2013-09-09,3129.80,3173.10,3129.80,3168.10
2013-09-10,3167.80,3187.10,3165.30,3182.30
2013-09-11,3182.50,3185.80,3158.00,3181.20
2013-09-12,3181.80,3184.60,3168.30,3176.80
2013-09-13,3177.30,3181.10,3159.80,3179.60
2013-09-16,3198.00,3217.00,3161.00,3166.70
2013-09-17,3166.30,3193.80,3161.00,3191.80
2013-09-18,3191.00,3234.00,3188.00,3229.80
2013-09-19,3230.00,3242.80,3229.70,3235.00
2013-09-20,3237.90,3243.70,3215.50,3217.50
2013-09-23,3221.00,3234.80,3196.00,3208.20
2013-09-24,3208.50,3228.50,3200.70,3212.00
2013-09-25,3212.30,3218.30,3193.80,3199.80
2013-09-26,3199.50,3233.00,3199.50,3226.80
2013-09-27,3226.50,3231.30,3201.50,3220.20
2013-09-30,3209.30,3220.80,3176.30,3217.30
2013-10-01,3217.00,3249.30,3211.00,3247.00
2013-10-02,3247.30,3249.10,3218.80,3237.50
2013-10-03,3237.30,3246.10,3187.50,3199.00
2013-10-04,3198.80,3237.30,3197.30,3232.60
2013-10-07,3221.30,3230.60,3199.80,3205.00
2013-10-08,3204.80,3212.60,3142.50,3145.00
2013-10-09,3143.50,3162.00,3108.70,3131.50
2013-10-10,3132.00,3206.80,3130.70,3190.30
2013-10-11,3190.50,3227.80,3173.70,3226.50
2013-10-14,3197.50,3252.30,3194.70,3250.80
2013-10-15,3251.30,3261.30,3232.00,3240.50
2013-10-16,3240.80,3274.30,3232.50,3261.10
2013-10-17,3261.30,3304.60,3253.50,3304.30
2013-10-18,3305.00,3345.80,3304.70,3343.80
2013-10-21,3342.80,3359.80,3340.50,3351.30
2013-10-22,3351.80,3375.10,3336.30,3356.30
2013-10-23,3356.50,3356.50,3320.20,3340.50
2013-10-24,3340.80,3377.60,3333.50,3375.60
2013-10-25,3375.80,3390.30,3359.50,3374.00
2013-10-28,3373.00,3387.50,3358.70,3368.70
2013-10-29,3367.50,3389.80,3366.50,3385.30
2013-10-30,3386.50,3399.30,3363.00,3386.50
2013-10-31,3386.30,3391.80,3359.30,3376.00
2013-11-01,3375.80,3386.30,3355.50,3365.50
2013-11-04,3365.00,3385.00,3364.70,3376.30
2013-11-05,3376.50,3388.30,3353.70,3378.80
2013-11-06,3378.50,3395.80,3368.20,3373.50
2013-11-07,3373.30,3384.80,3312.30,3320.50
2013-11-08,3320.80,3360.80,3308.30,3358.10
2013-11-11,3359.30,3363.30,3343.50,3352.80
2013-11-12,3353.00,3364.50,3341.70,3362.50
2013-11-13,3362.30,3404.60,3336.30,3401.80
2013-11-14,3398.80,3413.80,3384.80,3409.30
2013-11-15,3409.50,3419.00,3403.20,3415.00
2013-11-18,3414.50,3423.50,3378.00,3384.20
2013-11-19,3384.50,3398.30,3368.70,3374.00
2013-11-20,3374.30,3396.60,3356.50,3366.00
2013-11-21,3366.30,3403.80,3358.30,3400.60
2013-11-22,3400.30,3420.30,3397.80,3418.80
2013-11-25,3420.00,3435.00,3418.20,3426.50
2013-11-26,3426.30,3453.80,3420.80,3445.80
2013-11-27,3446.00,3470.00,3443.70,3468.00
2013-11-28,3468.30,3482.10,3467.00,3480.80
2013-11-29,3480.00,3494.30,3478.50,3489.30
2013-12-02,3492.30,3498.80,3475.00,3481.80
2013-12-03,3481.50,3486.50,3464.20,3474.70
2013-12-04,3475.00,3491.80,3451.50,3481.30
2013-12-05,3481.80,3489.80,3470.80,3473.30
2013-12-06,3476.50,3508.80,3475.00,3504.50
2013-12-09,3506.50,3522.50,3504.50,3517.00
2013-12-10,3516.00,3522.30,3505.70,3514.70
2013-12-11,3514.50,3520.00,3462.20,3469.00
2013-12-12,3469.30,3477.30,3453.50,3454.30
2013-12-13,3454.00,3476.30,3447.70,3456.00
2013-12-16,3455.80,3493.10,3432.50,3470.60
2013-12-17,3470.30,3481.30,3459.00,3462.00
2013-12-18,3462.30,3511.60,3420.30,3509.30
2013-12-19,3509.50,3514.80,3480.50,3495.70
2013-12-20,3492.30,3535.10,3492.00,3529.30
2013-12-23,3539.80,3565.10,3539.30,3564.30
2013-12-24,3564.00,3570.30,3559.00,3569.00
2013-12-26,3570.80,3581.10,3566.30,3580.80
2013-12-27,3580.50,3584.80,3565.00,3567.50
2013-12-30,3568.00,3571.50,3554.00,3565.50
2013-12-31,3565.30,3586.10,3563.00,3580.80
2014-01-02,3574.00,3576.80,3547.20,3558.20
2014-01-03,3558.50,3564.30,3529.20,3529.50
2014-01-06,3528.50,3538.00,3504.00,3513.50
2014-01-07,3513.30,3555.10,3513.30,3547.60
2014-01-08,3547.80,3567.30,3542.00,3561.30
2014-01-09,3561.50,3574.50,3533.50,3547.00
2014-01-10,3547.30,3569.60,3527.50,3559.30
2014-01-13,3560.80,3564.60,3490.50,3507.30
2014-01-14,3508.30,3574.30,3501.30,3571.60
2014-01-15,3572.00,3607.80,3568.70,3596.80
2014-01-16,3596.50,3606.00,3592.00,3594.20
2014-01-17,3594.80,3606.60,3572.30,3583.80
2014-01-20,3582.30,3586.80,3575.50,3586.30
2014-01-21,3586.00,3609.80,3577.50,3605.50
2014-01-22,3605.80,3627.30,3603.00,3624.30
2014-01-23,3624.50,3633.00,3579.50,3613.20
2014-01-24,3613.00,3619.00,3528.70,3529.00
2014-01-27,3529.30,3542.80,3472.80,3476.50
2014-01-28,3475.50,3503.80,3465.70,3500.00
2014-01-29,3501.80,3526.80,3452.30,3473.80
2014-01-30,3473.50,3535.00,3469.00,3508.50
2014-01-31,3509.80,3530.60,3477.80,3514.80
2014-02-03,3514.50,3527.50,3423.50,3436.00
2014-02-04,3435.80,3471.60,3429.50,3450.60
2014-02-05,3450.00,3461.00,3410.00,3447.00
2014-02-06,3449.50,3497.00,3445.70,3488.80
2014-02-07,3489.30,3557.60,3477.80,3556.80
2014-02-10,3559.80,3577.80,3548.30,3577.60
2014-02-11,3577.30,3623.80,3576.30,3611.30
2014-02-12,3611.50,3631.30,3608.20,3620.50
2014-02-13,3619.80,3653.60,3594.80,3650.80
2014-02-14,3650.50,3665.80,3636.00,3658.50
2014-02-17,3658.30,3670.60,3654.50,3665.30
2014-02-18,3662.80,3682.60,3652.00,3674.30
2014-02-19,3674.00,3677.30,3643.20,3654.20
2014-02-20,3654.00,3674.80,3636.20,3667.50
2014-02-21,3667.80,3684.60,3659.00,3662.50
2014-02-24,3664.30,3699.30,3653.00,3685.60
2014-02-25,3685.30,3695.30,3666.50,3687.80
2014-02-26,3688.00,3699.80,3660.50,3675.70
2014-02-27,3677.50,3702.50,3659.20,3702.50
2014-02-28,3702.30,3720.30,3663.00,3697.00
2014-03-03,3674.80,3677.80,3635.30,3668.00
2014-03-04,3667.80,3721.10,3667.80,3715.30
2014-03-05,3715.50,3730.30,3710.50,3728.00
2014-03-06,3727.80,3735.10,3707.30,3721.80
2014-03-07,3721.50,3738.30,3683.70,3702.70
2014-03-10,3698.00,3709.50,3682.00,3707.80
2014-03-11,3707.50,3723.80,3679.00,3685.00
2014-03-12,3684.80,3707.60,3659.80,3707.10
2014-03-13,3707.30,3720.30,3634.00,3652.30
2014-03-14,3652.80,3658.60,3624.00,3626.00
2014-03-17,3626.50,3677.30,3606.70,3658.30
2014-03-18,3658.50,3706.50,3644.50,3700.30
2014-03-19,3700.50,3709.50,3657.70,3675.50
2014-03-20,3675.80,3703.10,3662.80,3692.10
2014-03-21,3688.50,3710.80,3631.70,3637.50
2014-03-24,3635.80,3654.80,3573.50,3610.80
2014-03-25,3611.00,3649.80,3589.00,3622.00
2014-03-26,3622.30,3645.30,3568.80,3573.30
2014-03-27,3573.00,3583.30,3533.20,3555.70
2014-03-28,3556.30,3599.10,3549.50,3561.80
2014-03-31,3574.50,3609.00,3572.00,3580.80
2014-04-01,3581.00,3650.50,3576.50,3649.80
2014-04-02,3649.50,3666.30,3640.50,3658.00
2014-04-03,3658.30,3666.80,3607.30,3632.80
2014-04-04,3633.30,3655.60,3520.80,3537.00
2014-04-07,3538.50,3540.50,3472.50,3498.00
2014-04-08,3498.30,3533.80,3488.80,3526.80
2014-04-09,3526.50,3591.80,3524.50,3591.30
2014-04-10,3591.50,3597.30,3468.20,3483.00
2014-04-11,3483.30,3491.60,3429.30,3442.50
2014-04-14,3431.30,3482.80,3423.50,3469.10
2014-04-15,3468.80,3498.60,3403.30,3496.60
2014-04-16,3496.80,3522.30,3477.80,3498.80
2014-04-17,3500.30,3540.30,3490.50,3524.10
2014-04-18,3523.80,3523.80,3521.50,3521.80
2014-04-21,3524.50,3552.00,3514.70,3550.50
2014-04-22,3551.00,3586.30,3543.50,3583.30
2014-04-23,3582.50,3589.80,3544.00,3586.80
2014-04-24,3587.50,3616.00,3542.00,3591.00
2014-04-25,3586.00,3587.80,3514.50,3529.00
2014-04-28,3532.00,3560.30,3478.70,3548.80
2014-04-29,3539.50,3569.30,3528.00,3555.50
2014-04-30,3555.80,3575.80,3537.00,3575.60
2014-05-01,3575.80,3603.30,3568.50,3587.30
2014-05-02,3587.50,3602.30,3567.50,3577.50
2014-05-05,3578.80,3595.80,3546.30,3592.30
2014-05-06,3593.00,3601.50,3544.70,3549.20
2014-05-07,3549.50,3564.50,3495.70,3539.20
2014-05-08,3539.00,3577.50,3516.50,3531.20
2014-05-09,3531.50,3550.00,3508.50,3547.00
2014-05-12,3546.80,3608.80,3546.80,3608.60
2014-05-13,3609.30,3622.10,3601.80,3607.80
2014-05-14,3607.50,3612.80,3581.50,3596.00
2014-05-15,3596.50,3604.80,3538.20,3561.00
2014-05-16,3561.30,3587.30,3541.00,3580.80
2014-05-19,3588.00,3589.00,3584.00,3585.00
2014-05-20,3608.80,3621.60,3582.50,3597.00
2014-05-21,3597.30,3633.60,3591.30,3630.10
2014-05-22,3629.80,3657.60,3629.00,3647.10
2014-05-23,3646.00,3674.80,3643.00,3673.00
2014-05-26,3676.50,3690.30,3675.50,3688.50
2014-05-27,3685.30,3720.60,3684.00,3720.60
2014-05-28,3720.80,3728.10,3705.50,3714.80
2014-05-29,3714.50,3735.00,3711.20,3734.30
2014-05-30,3733.30,3738.30,3713.30,3729.00
2014-06-02,3732.80,3739.30,3705.50,3726.50
2014-06-03,3726.80,3733.30,3712.00,3730.80
2014-06-04,3730.50,3747.00,3712.00,3742.00
2014-06-05,3741.80,3779.80,3732.00,3774.60
2014-06-06,3775.50,3796.30,3773.70,3795.50
2014-06-09,3797.30,3800.80,3781.00,3790.50
2014-06-10,3790.30,3800.30,3782.80,3800.30
2014-06-11,3800.50,3802.30,3777.50,3797.20
2014-06-12,3797.50,3804.30,3749.70,3772.50
2014-06-13,3771.50,3783.50,3758.20,3774.00
2014-06-16,3773.00,3788.30,3755.20,3777.50
2014-06-17,3777.80,3790.10,3767.80,3779.80
2014-06-18,3779.50,3805.50,3762.00,3801.30
2014-06-19,3801.00,3809.00,3780.50,3785.50
2014-06-20,3783.30,3797.30,3782.80,3791.10
2014-06-23,3790.50,3804.50,3783.00,3791.80
2014-06-24,3791.50,3825.80,3779.20,3790.20
2014-06-25,3790.00,3821.30,3781.00,3812.00
2014-06-26,3811.80,3819.80,3787.00,3816.60
2014-06-27,3815.30,3835.60,3806.00,3830.30
2014-06-30,3829.30,3849.10,3825.80,3844.80
2014-07-01,3845.30,3892.30,3843.00,3883.80
2014-07-02,3884.00,3894.00,3881.00,3889.30
2014-07-03,3889.50,3915.80,3886.20,3913.80
2014-07-04,3914.30,3914.60,3909.50,3911.80
2014-07-07,3911.00,3913.50,3894.20,3901.70
2014-07-08,3902.00,3904.50,3839.20,3860.50
2014-07-09,3860.30,3888.30,3854.80,3885.30
2014-07-10,3885.50,3887.30,3829.70,3871.00
2014-07-11,3871.30,3896.60,3869.80,3896.10
2014-07-14,3896.30,3928.60,3895.80,3919.10
2014-07-15,3919.30,3931.60,3878.00,3915.80
2014-07-16,3915.50,3938.80,3911.20,3918.30
2014-07-17,3918.00,3925.30,3857.20,3865.00
2014-07-18,3866.30,3933.60,3852.30,3930.80
2014-07-21,3927.50,3932.30,3907.70,3922.00
2014-07-22,3921.80,3957.30,3921.30,3942.30
2014-07-23,3941.50,3981.00,3941.20,3975.00
2014-07-24,3975.30,3989.10,3961.30,3964.00
2014-07-25,3964.30,3964.30,3935.30,3955.50
2014-07-28,3952.80,3968.30,3927.00,3957.30
2014-07-29,3957.00,3975.30,3946.70,3955.70
2014-07-30,3956.00,3981.00,3951.20,3967.30
2014-07-31,3968.00,3968.00,3879.70,3885.70
2014-08-01,3886.30,3899.10,3845.30,3871.80
2014-08-04,3874.00,3913.50,3865.20,3894.00
2014-08-05,3893.80,3898.10,3849.80,3871.80
2014-08-06,3871.50,3889.30,3840.00,3867.00
2014-08-07,3867.30,3890.30,3838.80,3852.50
2014-08-08,3853.80,3884.80,3824.50,3872.60
2014-08-11,3872.00,3915.50,3872.00,3905.00
2014-08-12,3904.80,3915.10,3881.30,3905.10
2014-08-13,3904.80,3947.10,3900.50,3946.30
2014-08-14,3945.50,3971.00,3937.70,3969.00
2014-08-15,3969.50,3992.30,3945.20,3983.00
2014-08-18,3991.80,4017.30,3990.30,4013.60
2014-08-19,4013.30,4038.30,4013.30,4032.80
2014-08-20,4032.50,4044.30,4026.70,4038.30
2014-08-21,4038.00,4046.50,4030.70,4046.50
2014-08-22,4046.80,4058.60,4034.50,4053.80
2014-08-25,4053.30,4076.30,4053.00,4061.30
2014-08-26,4061.50,4073.50,4059.50,4071.00
2014-08-27,4071.30,4074.80,4061.50,4070.30
2014-08-28,4070.00,4072.30,4052.50,4071.80
2014-08-29,4072.30,4083.80,4060.00,4076.30
2014-09-01,4076.00,4082.80,4074.00,4082.30
2014-09-02,4081.00,4093.30,4075.70,4092.80
2014-09-03,4092.50,4111.80,4060.50,4069.20
2014-09-04,4069.80,4098.80,4054.30,4070.60
2014-09-05,4070.00,4089.30,4050.00,4087.50
2014-09-08,4085.30,4102.80,4073.50,4093.30
2014-09-09,4093.00,4108.30,4051.20,4063.20
2014-09-10,4063.00,4094.00,4052.70,4091.80
2014-09-11,4091.50,4094.00,4058.00,4094.00
2014-09-12,4093.80,4094.80,4054.80,4065.50
2014-09-15,4059.80,4074.30,4016.30,4032.00
2014-09-16,4032.50,4072.00,4010.20,4064.80
2014-09-17,4064.50,4089.30,4045.70,4072.30
2014-09-18,4072.80,4101.10,4066.80,4097.30
2014-09-19,4097.00,4116.50,4074.00,4085.50
2014-09-22,4087.00,4090.30,4033.70,4047.50
2014-09-23,4047.30,4058.80,4026.00,4027.50
2014-09-24,4027.00,4087.80,4025.70,4084.80
2014-09-25,4085.50,4086.00,3996.20,4004.20
2014-09-26,4004.80,4048.30,3999.80,4044.30
2014-09-29,4043.50,4049.00,3996.00,4031.50
2014-09-30,4031.30,4062.60,4022.30,4035.30
2014-10-01,4034.50,4043.80,3963.50,3982.00
2014-10-02,3982.30,3992.10,3925.80,3972.80
2014-10-03,3973.00,4032.50,3968.70,4014.80
2014-10-06,4016.50,4038.30,3994.20,4001.50
2014-10-07,4000.80,4008.10,3947.00,3948.00
2014-10-08,3947.80,4039.60,3928.50,4031.80
2014-10-09,4031.50,4045.50,3945.00,3949.20
2014-10-10,3948.30,3964.80,3849.00,3850.50
2014-10-13,3847.00,3883.80,3792.50,3793.50
2014-10-14,3792.50,3850.30,3790.70,3816.00
2014-10-15,3816.50,3829.30,3689.20,3742.20
2014-10-16,3742.50,3784.30,3682.20,3741.50
2014-10-17,3740.00,3838.30,3739.70,3803.50
2014-10-20,3811.50,3876.00,3791.50,3874.50
2014-10-21,3874.30,3973.30,3844.00,3972.80
2014-10-22,3973.00,3980.80,3937.50,3947.00
2014-10-23,3946.30,4022.30,3937.50,4002.80
2014-10-24,4003.00,4036.30,3968.70,4034.80
2014-10-27,4033.80,4047.60,4007.50,4038.80
2014-10-28,4039.00,4097.30,4036.00,4091.30
2014-10-29,4091.00,4094.00,4053.00,4069.70
2014-10-30,4069.30,4098.60,4041.00,4092.30
2014-10-31,4090.80,4161.30,4088.00,4141.60
2014-11-03,4146.30,4171.30,4139.80,4154.30
2014-11-04,4154.50,4162.00,4117.70,4142.50
2014-11-05,4142.30,4174.10,4131.80,4140.30
2014-11-06,4140.80,4165.10,4128.30,4164.10
2014-11-07,4164.30,4176.80,4133.80,4149.50
2014-11-10,4150.00,4176.50,4142.00,4169.30
2014-11-11,4169.50,4184.30,4159.70,4182.50
2014-11-12,4182.80,4196.60,4164.50,4192.30
2014-11-13,4192.00,4224.80,4189.50,4202.30
2014-11-14,4202.80,4222.30,4193.80,4222.30
2014-11-17,4220.30,4222.10,4189.50,4210.50
2014-11-18,4210.80,4246.60,4200.80,4237.10
2014-11-19,4237.30,4240.30,4202.30,4223.30
2014-11-20,4222.30,4245.60,4199.80,4243.80
2014-11-21,4244.00,4282.00,4235.20,4247.50
2014-11-24,4248.30,4284.30,4246.00,4280.80
2014-11-25,4281.00,4301.00,4274.70,4292.30
2014-11-26,4292.00,4321.50,4288.50,4321.00
2014-11-27,4320.80,4329.80,4310.30,4329.60
2014-11-28,4326.50,4345.80,4316.50,4335.80
2014-12-01,4328.80,4333.30,4271.50,4284.00
2014-12-02,4284.30,4312.60,4283.30,4306.60
2014-12-03,4306.80,4317.80,4285.50,4310.60
2014-12-04,4310.30,4326.30,4291.30,4312.10
2014-12-05,4311.80,4324.60,4300.80,4312.30
2014-12-08,4311.30,4318.30,4256.80,4280.50
2014-12-09,4280.00,4296.30,4215.00,4290.80
2014-12-10,4290.50,4296.00,4217.20,4224.20
2014-12-11,4224.50,4296.00,4218.50,4226.50
2014-12-12,4226.30,4252.80,4186.00,4189.00
2014-12-15,4188.50,4235.50,4142.70,4157.50
2014-12-16,4161.50,4189.00,4085.00,4089.00
2014-12-17,4090.00,4174.00,4084.00,4162.00
2014-12-18,4163.00,4274.00,4152.00,4273.00
2014-12-19,4272.00,4304.00,4258.00,4282.00
2014-12-22,4284.00,4300.00,4276.00,4287.00
2014-12-23,4288.00,4306.00,4272.00,4277.00
2014-12-24,4275.00,4295.00,4274.00,4280.00
2014-12-26,4281.00,4321.00,4281.00,4312.00
2014-12-29,4313.00,4320.00,4297.00,4317.00
2014-12-30,4316.00,4318.00,4275.00,4285.00
2014-12-31,4284.00,4306.00,4231.00,4236.00
2015-01-02,4248.00,4275.00,4204.00,4219.00
2015-01-05,4217.00,4223.00,4149.00,4170.00
2015-01-06,4169.00,4176.00,4087.00,4104.00
2015-01-07,4103.00,4169.00,4103.00,4159.00
2015-01-08,4158.00,4247.00,4158.00,4235.00
2015-01-09,4236.00,4257.00,4186.00,4207.00
2015-01-12,4208.00,4232.00,4157.00,4175.00
2015-01-13,4174.00,4253.00,4131.00,4169.00
2015-01-14,4168.00,4173.00,4106.00,4155.00
2015-01-15,4156.00,4195.00,4084.00,4085.00
2015-01-16,4078.00,4143.00,4047.00,4142.00
2015-01-19,4144.00,4160.00,4119.00,4132.00
2015-01-20,4133.00,4180.00,4115.00,4171.00
2015-01-21,4172.00,4211.00,4143.00,4190.00
2015-01-22,4191.00,4274.00,4171.00,4274.00
2015-01-23,4273.00,4291.00,4256.00,4271.00
2015-01-26,4254.00,4283.00,4237.00,4274.00
2015-01-27,4275.00,4277.00,4149.00,4216.00
2015-01-28,4210.00,4240.00,4125.00,4130.00
2015-01-29,4131.00,4203.00,4101.00,4202.00
2015-01-30,4203.00,4213.00,4142.00,4148.00
2015-02-02,4152.00,4191.00,4092.00,4188.00
2015-02-03,4189.00,4227.00,4172.00,4219.00
2015-02-04,4217.00,4248.00,4193.00,4198.00
2015-02-05,4192.00,4257.00,4183.00,4255.00
2015-02-06,4254.00,4270.00,4212.00,4234.00
2015-02-09,4221.00,4234.00,4204.00,4219.00
2015-02-10,4221.00,4286.00,4213.00,4281.00
2015-02-11,4280.00,4323.00,4274.00,4314.00
2015-02-12,4313.00,4347.00,4288.00,4345.00
2015-02-13,4344.00,4383.00,4343.00,4380.00
2015-02-16,4375.00,4389.00,4370.00,4376.00
2015-02-17,4367.00,4387.00,4364.00,4384.00
2015-02-18,4383.00,4392.00,4373.00,4388.00
2015-02-19,4389.00,4416.00,4375.00,4416.00
2015-02-20,4415.00,4444.00,4395.00,4439.00
2015-02-23,4440.00,4449.00,4429.00,4446.00
2015-02-24,4445.00,4455.00,4427.00,4450.00
2015-02-25,4449.00,4460.00,4429.00,4437.00
2015-02-26,4438.00,4463.00,4431.00,4461.00
2015-02-27,4460.00,4461.00,4435.00,4446.00
2015-03-02,4447.00,4482.00,4446.00,4477.00
2015-03-03,4478.00,4478.00,4432.00,4457.00
2015-03-04,4456.00,4457.00,4419.00,4443.00
2015-03-05,4442.00,4464.00,4432.00,4450.00
2015-03-06,4449.00,4458.00,4389.00,4405.00
2015-03-09,4412.00,4424.00,4391.00,4412.00
2015-03-10,4413.00,4414.00,4328.00,4333.00
2015-03-11,4334.00,4346.00,4303.00,4310.00
2015-03-12,4311.00,4338.00,4297.00,4332.00
2015-03-13,4330.00,4346.00,4287.00,4312.00
2015-03-16,4311.00,4370.00,4298.00,4358.00
2015-03-17,4357.00,4384.00,4347.00,4377.00
2015-03-18,4376.00,4440.00,4342.00,4429.00
2015-03-19,4428.00,4441.00,4418.00,4427.00
2015-03-20,4426.00,4478.00,4422.00,4454.00
2015-03-23,4452.00,4467.00,4443.00,4444.00
2015-03-24,4443.00,4467.00,4430.00,4435.00
2015-03-25,4436.00,4444.00,4326.00,4332.00
2015-03-26,4333.00,4338.00,4276.00,4321.00
2015-03-27,4323.00,4341.00,4305.00,4331.00
2015-03-30,4334.00,4384.00,4324.00,4377.00
2015-03-31,4376.00,4381.00,4326.00,4329.00
2015-04-01,4328.00,4340.00,4269.00,4320.00
2015-04-02,4321.00,4327.00,4295.00,4315.00
2015-04-03,4310.00,4320.00,4309.00,4317.00
2015-04-06,4274.00,4361.20,4271.00,4346.90
2015-04-07,4344.90,4378.70,4336.90,4341.20
2015-04-08,4340.60,4383.10,4334.20,4382.60
2015-04-09,4382.90,4407.10,4359.40,4404.40
2015-04-10,4405.90,4422.20,4392.10,4421.70
2015-04-13,4421.90,4447.60,4406.10,4409.40
2015-04-14,4410.50,4420.60,4373.50,4402.80
2015-04-15,4403.90,4435.20,4395.00,4430.00
2015-04-16,4431.50,4435.60,4404.60,4421.40
2015-04-17,4420.70,4424.20,4331.60,4355.60
2015-04-20,4365.20,4423.70,4359.90,4413.70
2015-04-21,4411.30,4449.60,4410.30,4436.90
2015-04-22,4437.10,4465.90,4405.20,4444.70
2015-04-23,4444.90,4503.10,4424.70,4500.00
2015-04-24,4502.10,4542.70,4495.90,4536.80
2015-04-27,4539.30,4561.70,4515.70,4529.90
2015-04-28,4530.40,4536.60,4477.40,4520.30
2015-04-29,4520.00,4520.00,4462.00,4479.40
2015-04-30,4479.30,4483.80,4392.90,4420.90
2015-05-01,4422.00,4477.20,4416.10,4474.20
2015-05-04,4476.40,4509.90,4463.60,4480.90
2015-05-05,4480.20,4485.60,4405.70,4416.40
2015-05-06,4416.20,4429.60,4348.70,4380.40
2015-05-07,4376.70,4413.40,4337.30,4404.50
2015-05-08,4406.50,4465.70,4405.30,4452.70
2015-05-11,4454.70,4467.40,4429.80,4432.60
2015-05-12,4432.40,4442.00,4377.70,4426.00
2015-05-13,4427.30,4461.90,4421.20,4430.60
2015-05-14,4431.30,4495.70,4416.70,4492.70
2015-05-15,4492.40,4510.10,4481.20,4491.90
2015-05-18,4494.10,4520.50,4473.60,4511.70
2015-05-19,4509.30,4526.70,4497.60,4501.10
2015-05-20,4502.10,4534.50,4483.30,4503.40
2015-05-21,4499.90,4536.90,4487.60,4529.70
2015-05-22,4529.90,4543.20,4522.70,4528.30
2015-05-25,4529.50,4537.90,4518.80,4526.00
2015-05-26,4527.70,4529.20,4456.20,4481.40
2015-05-27,4482.70,4550.80,4474.30,4540.20
2015-05-28,4541.20,4547.30,4521.90,4543.90
2015-05-29,4543.30,4545.20,4497.70,4516.80
2015-06-01,4514.70,4538.70,4487.10,4525.10
2015-06-02,4525.40,4530.90,4481.40,4502.80
2015-06-03,4502.90,4540.20,4501.40,4526.30
2015-06-04,4526.60,4527.80,4473.00,4494.90
2015-06-05,4495.80,4505.50,4449.50,4482.20
2015-06-08,4480.60,4483.40,4422.40,4435.90
2015-06-09,4436.70,4441.10,4390.80,4432.30
2015-06-10,4431.80,4498.00,4430.60,4488.00
2015-06-11,4488.40,4511.70,4479.50,4491.40
2015-06-12,4490.70,4491.60,4447.20,4454.90
2015-06-15,4442.80,4444.10,4393.90,4435.40
2015-06-16,4435.00,4464.10,4404.00,4459.10
2015-06-17,4459.40,4482.20,4439.80,4459.10
2015-06-18,4459.30,4540.60,4446.70,4535.40
2015-06-19,4537.10,4545.10,4503.20,4508.40
2015-06-22,4520.30,4557.60,4516.80,4542.20
2015-06-23,4542.70,4554.10,4528.60,4547.90
2015-06-24,4549.40,4560.70,4520.90,4526.20
2015-06-25,4526.30,4553.40,4506.70,4512.20
2015-06-26,4513.90,4523.20,4467.10,4488.50
2015-06-29,4427.50,4458.40,4376.70,4390.80
2015-06-30,4390.30,4419.90,4380.30,4402.10
2015-07-01,4398.40,4449.70,4397.30,4431.10
2015-07-02,4430.70,4448.80,4415.80,4435.80
2015-07-03,4436.30,4443.20,4419.30,4423.50
2015-07-06,4368.30,4444.10,4350.40,4434.10
2015-07-07,4437.40,4455.30,4342.00,4428.90
2015-07-08,4429.40,4430.80,4344.50,4354.50
2015-07-09,4355.60,4415.70,4339.60,4348.10
2015-07-10,4347.20,4433.40,4346.70,4416.90
2015-07-13,4389.40,4498.40,4382.60,4493.80
2015-07-14,4494.60,4536.70,4491.80,4527.40
2015-07-15,4528.70,4546.40,4516.10,4542.50
2015-07-16,4545.00,4614.80,4537.90,4613.50
2015-07-17,4615.50,4660.70,4614.00,4658.50
2015-07-20,4656.30,4693.70,4655.00,4678.50
2015-07-21,4679.70,4691.00,4622.10,4628.30
2015-07-22,4621.40,4643.20,4596.00,4628.00
2015-07-23,4629.40,4641.60,4591.20,4639.50
2015-07-24,4638.50,4645.70,4551.50,4570.20
2015-07-27,4568.70,4574.90,4510.70,4526.50
2015-07-28,4526.20,4568.20,4504.00,4565.70
2015-07-29,4565.90,4586.60,4551.00,4572.80
2015-07-30,4577.50,4606.30,4538.30,4602.50
2015-07-31,4602.00,4616.30,4583.80,4592.00
2015-08-03,4590.90,4606.70,4548.40,4581.20
2015-08-04,4580.40,4588.70,4550.70,4561.70
2015-08-05,4560.00,4635.20,4557.10,4600.80
2015-08-06,4599.40,4613.70,4507.50,4531.80
2015-08-07,4532.40,4537.90,4484.70,4520.90
2015-08-10,4518.00,4583.20,4517.20,4579.90
2015-08-11,4581.90,4587.70,4489.40,4517.70
2015-08-12,4518.90,4538.80,4435.70,4535.80
2015-08-13,4534.80,4560.60,4512.70,4521.70
2015-08-14,4520.30,4536.80,4502.20,4535.30
2015-08-17,4535.50,4570.80,4506.70,4567.00
2015-08-18,4564.50,4574.50,4534.70,4543.10
2015-08-19,4543.70,4553.00,4484.50,4505.20
2015-08-20,4504.00,4513.90,4361.80,4364.60
2015-08-21,4363.60,4369.50,4196.50,4196.60
2015-08-24,4184.90,4198.90,3905.20,4014.60
2015-08-25,4004.00,4207.20,4000.80,4019.70
2015-08-26,4028.80,4231.90,3962.40,4212.40
2015-08-27,4217.80,4333.50,4208.60,4329.20
2015-08-28,4329.40,4342.70,4284.20,4330.70
2015-08-31,4325.50,4329.80,4260.70,4268.60
2015-09-01,4268.50,4269.70,4120.30,4153.50
2015-09-02,4154.40,4265.10,4137.40,4263.40
2015-09-03,4263.10,4305.40,4221.30,4232.00
2015-09-04,4232.30,4238.10,4156.40,4193.70
2015-09-07,4182.60,4244.40,4182.50,4210.90
2015-09-08,4217.20,4305.70,4209.70,4299.90
2015-09-09,4300.40,4369.90,4240.80,4255.80
2015-09-10,4256.90,4326.90,4227.30,4297.20
2015-09-11,4299.70,4328.00,4259.60,4327.60
2015-09-14,4328.10,4357.00,4292.20,4308.00
2015-09-15,4308.50,4372.40,4290.50,4362.30
2015-09-16,4361.40,4391.20,4343.80,4387.20
2015-09-17,4387.30,4450.10,4366.20,4377.80
2015-09-18,4379.50,4391.60,4309.10,4332.20
2015-09-21,4332.90,4372.40,4297.80,4354.40
2015-09-22,4354.20,4356.30,4232.10,4274.20
2015-09-23,4274.30,4303.60,4233.30,4279.60
2015-09-24,4279.40,4289.60,4197.10,4259.20
2015-09-25,4258.70,4326.20,4197.20,4217.00
2015-09-28,4214.20,4249.60,4090.70,4112.20
2015-09-29,4112.60,4154.90,4051.90,4083.80
2015-09-30,4087.50,4179.60,4076.90,4164.70
2015-10-01,4164.80,4236.30,4126.90,4201.20
2015-10-02,4201.50,4273.70,4121.90,4272.00
2015-10-05,4267.80,4339.20,4261.20,4321.90
2015-10-06,4322.30,4331.70,4272.90,4292.10
2015-10-07,4291.80,4343.20,4277.40,4336.40
2015-10-08,4332.50,4357.20,4274.20,4351.40
2015-10-09,4347.30,4378.40,4333.70,4365.30
2015-10-12,4363.40,4390.40,4355.40,4386.90
2015-10-13,4387.20,4399.90,4347.30,4349.60
2015-10-14,4342.70,4374.20,4327.60,4340.30
2015-10-15,4342.10,4420.50,4341.60,4420.50
2015-10-16,4418.50,4446.70,4404.80,4446.30
2015-10-19,4442.40,4464.00,4419.90,4462.20
2015-10-20,4462.80,4464.40,4423.10,4432.50
2015-10-21,4431.40,4464.90,4402.90,4413.60
2015-10-22,4413.80,4573.10,4409.90,4573.10
2015-10-23,4572.90,4644.80,4569.80,4618.70
2015-10-26,4620.70,4638.30,4600.10,4627.50
2015-10-27,4626.30,4659.40,4609.70,4650.20
2015-10-28,4649.70,4685.60,4608.70,4675.10
2015-10-29,4674.90,4677.70,4650.20,4672.30
2015-10-30,4672.10,4697.80,4644.20,4654.40
2015-11-02,4651.70,4707.00,4633.20,4696.30
2015-11-03,4696.70,4734.80,4684.70,4719.80
2015-11-04,4719.90,4736.30,4697.90,4717.40
2015-11-05,4717.30,4731.70,4677.70,4704.40
2015-11-06,4703.40,4712.60,4663.10,4706.20
2015-11-09,4700.20,4713.40,4625.90,4651.10
2015-11-10,4653.10,4666.00,4616.40,4645.60
2015-11-11,4645.20,4678.40,4629.40,4635.80
2015-11-12,4635.40,4655.40,4583.40,4585.40
2015-11-13,4585.10,4592.60,4495.00,4495.00
2015-11-16,4475.00,4566.90,4456.40,4564.50
2015-11-17,4563.90,4597.40,4551.40,4570.30
2015-11-18,4569.40,4656.30,4555.90,4650.60
2015-11-19,4649.00,4677.60,4646.40,4660.40
2015-11-20,4656.70,4691.70,4652.90,4689.80
2015-11-23,4692.20,4706.50,4653.80,4674.20
2015-11-24,4674.40,4684.50,4620.10,4665.20
2015-11-25,4665.10,4684.10,4659.30,4677.70
2015-11-26,4677.80,4703.10,4677.80,4695.10
2015-11-27,4694.40,4698.40,4664.40,4683.80
2015-11-30,4683.40,4699.80,4652.60,4678.70
2015-12-01,4679.00,4715.70,4675.70,4714.40
2015-12-02,4714.00,4739.20,4678.20,4696.90
2015-12-03,4697.40,4729.70,4578.60,4615.90
2015-12-04,4615.60,4721.90,4602.60,4714.20
2015-12-07,4722.40,4728.90,4670.20,4702.40
2015-12-08,4701.70,4708.90,4640.80,4692.40
2015-12-09,4691.70,4707.10,4593.70,4623.70
2015-12-10,4624.00,4673.90,4618.50,4645.60
2015-12-11,4645.50,4658.50,4528.30,4535.80
2015-12-14,4533.30,4578.70,4477.00,4570.80
2015-12-15,4573.80,4636.70,4566.20,4605.90
2015-12-16,4605.80,4673.00,4581.30,4653.20
2015-12-17,4653.10,4687.30,4568.50,4572.00
2015-12-18,4571.70,4591.80,4509.70,4516.90
2015-12-21,4520.40,4577.70,4518.20,4577.40
2015-12-22,4577.30,4600.60,4548.00,4595.90
2015-12-23,4596.60,4626.40,4589.40,4614.00
2015-12-24,4613.40,4634.90,4607.30,4615.30
2015-12-28,4615.90,4625.70,4576.90,4623.80
2015-12-29,4624.00,4702.30,4616.40,4695.00
2015-12-30,4694.80,4699.00,4648.50,4654.10
2015-12-31,4653.90,4659.50,4585.40,4598.00
2016-01-04,4597.40,4611.20,4436.90,4512.80
2016-01-05,4513.10,4530.20,4464.80,4487.90
2016-01-06,4488.40,4494.80,4393.80,4456.10
2016-01-07,4455.90,4466.10,4291.20,4299.60
2016-01-08,4300.60,4377.20,4264.20,4269.30
2016-01-11,4271.10,4311.70,4216.40,4277.10
2016-01-12,4276.30,4352.90,4244.10,4315.50
2016-01-13,4314.80,4372.00,4175.00,4186.80
2016-01-14,4186.30,4307.60,4131.90,4257.00
2016-01-15,4256.40,4275.90,4083.70,4152.50
2016-01-18,4132.70,4185.40,4115.50,4140.90
2016-01-19,4143.30,4223.90,4100.30,4148.00
2016-01-20,4148.30,4179.20,3992.10,4135.40
2016-01-21,4135.50,4200.40,4093.10,4137.70
2016-01-22,4136.90,4260.90,4126.40,4255.40
2016-01-25,4248.80,4267.60,4187.30,4197.80
2016-01-26,4198.00,4252.20,4140.90,4218.30
2016-01-27,4217.90,4227.00,4110.70,4150.70
2016-01-28,4149.60,4206.10,4115.50,4155.30
2016-01-29,4155.80,4278.20,4135.40,4271.40
2016-02-01,4272.50,4317.70,4236.30,4293.80
2016-02-02,4292.20,4292.40,4179.00,4196.10
2016-02-03,4195.70,4221.20,4098.10,4178.70
2016-02-04,4178.50,4209.00,4119.10,4151.80
2016-02-05,4150.90,4177.80,4006.80,4026.30
2016-02-08,4020.60,4052.00,3889.40,3967.40
2016-02-09,3967.90,4010.50,3903.80,3945.20
2016-02-10,3945.40,4047.00,3928.50,3966.60
2016-02-11,3966.30,3990.60,3868.30,3965.30
2016-02-12,3966.40,4023.50,3959.70,4019.50
2016-02-15,4014.00,4097.10,4014.00,4081.90
2016-02-16,4072.60,4107.50,4050.00,4092.40
2016-02-17,4091.50,4211.80,4071.20,4210.40
2016-02-18,4207.70,4230.10,4147.10,4159.70
2016-02-19,4158.00,4177.40,4123.00,4163.20
2016-02-22,4152.40,4236.60,4144.00,4208.50
2016-02-23,4204.90,4219.00,4153.80,4156.70
2016-02-24,4158.60,4220.80,4087.80,4218.50
2016-02-25,4216.80,4250.80,4172.90,4246.50
2016-02-26,4245.80,4295.90,4226.90,4231.40
2016-02-29,4227.90,4265.50,4187.10,4199.10
2016-03-01,4201.80,4340.80,4182.20,4337.60
2016-03-02,4337.80,4359.90,4301.80,4326.30
2016-03-03,4325.90,4347.10,4296.10,4324.10
2016-03-04,4323.80,4355.70,4298.80,4320.70
2016-03-07,4318.60,4330.70,4269.80,4302.70
2016-03-08,4302.80,4309.20,4252.00,4273.00
2016-03-09,4273.70,4298.90,4256.90,4294.30
2016-03-10,4294.00,4347.60,4230.00,4287.30
2016-03-11,4288.00,4361.10,4281.30,4355.20
2016-03-14,4350.40,4378.20,4340.40,4365.60
2016-03-15,4365.40,4372.80,4337.30,4368.40
2016-03-16,4368.50,4415.00,4348.30,4397.10
2016-03-17,4397.50,4420.50,4367.40,4404.00
2016-03-18,4403.70,4418.10,4384.10,4404.70
2016-03-21,4396.40,4429.10,4384.80,4425.60
2016-03-22,4424.80,4448.20,4391.70,4445.30
2016-03-23,4445.10,4448.70,4391.50,4404.20
2016-03-24,4404.80,4409.90,4373.10,4409.60
2016-03-28,4412.40,4433.40,4389.40,4399.70
2016-03-29,4397.40,4471.10,4381.10,4469.90
2016-03-30,4470.50,4517.50,4461.90,4489.30
2016-03-31,4488.20,4502.70,4469.70,4483.10
2016-04-01,4484.80,4536.50,4449.40,4535.20
2016-04-04,4527.50,4549.50,4499.60,4505.80
2016-04-05,4506.70,4506.70,4462.50,4482.50
2016-04-06,4482.10,4543.50,4473.50,4539.00
2016-04-07,4540.00,4545.10,4457.00,4475.30
2016-04-08,4473.50,4515.40,4457.40,4475.20
2016-04-11,4469.80,4515.50,4450.20,4453.00
2016-04-12,4452.40,4503.50,4432.50,4494.70
2016-04-13,4489.60,4559.50,4488.60,4553.90
2016-04-14,4552.40,4569.00,4536.80,4554.30
2016-04-15,4552.90,4560.10,4529.00,4543.70
2016-04-18,4539.90,4566.60,4507.20,4556.70
2016-04-19,4556.40,4590.80,4513.30,4535.90
2016-04-20,4537.50,4562.30,4515.60,4540.90
2016-04-21,4531.40,4559.60,4495.80,4505.60
2016-04-22,4503.30,4509.60,4439.10,4475.00
2016-04-25,4466.20,4486.30,4444.10,4480.80
2016-04-26,4480.40,4497.80,4416.50,4417.70
2016-04-27,4417.50,4441.20,4380.20,4440.30
2016-04-28,4440.00,4449.70,4354.10,4391.80
2016-04-29,4391.30,4399.00,4304.50,4343.40
2016-05-02,4337.30,4386.20,4325.50,4380.00
2016-05-03,4379.90,4381.10,4327.20,4344.90
2016-05-04,4345.00,4348.40,4298.90,4316.50
2016-05-05,4315.90,4346.40,4296.40,4302.40
2016-05-06,4302.80,4338.70,4275.80,4337.50
2016-05-09,4334.60,4361.50,4323.00,4340.10
2016-05-10,4340.20,4403.10,4328.20,4400.20
2016-05-11,4395.50,4407.70,4350.90,4356.60
2016-05-12,4356.30,4386.90,4311.20,4341.40
2016-05-13,4341.20,4364.90,4308.30,4327.00
2016-05-16,4321.60,4396.20,4309.60,4377.50
2016-05-17,4376.60,4395.20,4309.70,4322.50
2016-05-18,4322.20,4360.40,4299.90,4337.80
2016-05-19,4337.00,4342.40,4282.40,4319.00
2016-05-20,4319.30,4380.50,4314.00,4364.50
2016-05-23,4364.30,4383.00,4348.10,4353.70
2016-05-24,4353.40,4450.00,4343.40,4446.30
2016-05-25,4446.80,4489.90,4440.90,4476.90
2016-05-26,4477.50,4496.00,4464.50,4493.70
2016-05-27,4493.10,4513.50,4487.90,4512.90
2016-05-30,4514.00,4525.00,4513.70,4521.70
2016-05-31,4519.20,4528.70,4497.80,4521.80
2016-06-01,4521.50,4537.40,4503.20,4520.20
2016-06-02,4520.90,4533.20,4487.70,4529.80
2016-06-03,4530.20,4534.80,4479.20,4507.20
2016-06-06,4506.00,4537.00,4504.20,4523.80
2016-06-07,4524.80,4546.10,4508.80,4512.40
2016-06-08,4511.90,4529.90,4504.10,4518.10
2016-06-09,4513.70,4522.40,4493.60,4512.30
2016-06-10,4512.50,4513.20,4446.40,4465.40
2016-06-13,4458.10,4463.30,4419.90,4422.80
2016-06-14,4414.70,4441.80,4393.30,4425.50
2016-06-15,4425.00,4444.80,4405.50,4412.30
2016-06-16,4407.00,4430.50,4362.10,4424.20
2016-06-17,4418.90,4441.70,4362.80,4372.20
2016-06-20,4366.10,4446.20,4366.10,4416.70
2016-06-21,4402.70,4425.10,4397.60,4406.60
2016-06-22,4400.40,4443.30,4399.10,4404.10
2016-06-23,4401.70,4487.70,4401.70,4487.40
2016-06-24,4487.30,4503.20,4224.20,4269.90
2016-06-27,4265.30,4277.40,4177.90,4183.60
2016-06-28,4180.60,4293.90,4180.60,4290.90
2016-06-29,4285.30,4389.20,4277.90,4388.70
2016-06-30,4379.50,4419.40,4348.20,4410.70
2016-07-01,4399.90,4455.00,4395.00,4443.20
2016-07-04,4436.20,4460.40,4435.20,4449.20
2016-07-05,4439.50,4446.10,4385.60,4415.10
2016-07-06,4409.10,4448.40,4373.70,4445.20
2016-07-07,4439.80,4469.20,4435.40,4460.40
2016-07-08,4454.60,4531.40,4447.90,4525.70
2016-07-11,4525.70,4571.40,4523.90,4558.90
2016-07-12,4552.50,4589.90,4552.50,4577.90
2016-07-13,4572.70,4592.40,4566.90,4568.40
2016-07-14,4563.20,4616.30,4561.30,4597.80
2016-07-15,4592.10,4611.50,4564.20,4570.00
2016-07-18,4565.00,4630.00,4565.00,4617.70
2016-07-19,4612.10,4619.50,4596.60,4615.30
2016-07-20,4610.50,4667.50,4606.00,4664.50
2016-07-21,4658.50,4670.20,4635.20,4648.00
2016-07-22,4642.00,4672.60,4636.90,4666.40
2016-07-25,4661.80,4677.60,4651.90,4666.60
2016-07-26,4660.20,4696.40,4649.10,4694.60
2016-07-27,4693.60,4722.10,4685.80,4721.20
2016-07-28,4713.50,4739.70,4697.90,4739.00
2016-07-29,4732.60,4744.40,4717.20,4735.90
2016-08-01,4739.60,4768.40,4729.20,4756.10
2016-08-02,4751.00,4767.60,4690.10,4722.90
2016-08-03,4716.40,4736.20,4705.40,4733.90
2016-08-04,4724.40,4751.40,4719.70,4750.70
2016-08-05,4743.80,4802.20,4742.80,4789.70
2016-08-08,4783.20,4805.50,4770.80,4784.50
2016-08-09,4778.60,4812.20,4778.30,4797.70
2016-08-10,4791.10,4804.10,4771.10,4784.60
2016-08-11,4779.80,4815.20,4778.30,4805.00
2016-08-12,4799.20,4810.60,4791.60,4809.80
2016-08-15,4802.20,4839.30,4802.20,4828.00
2016-08-16,4822.00,4826.10,4795.30,4803.60
2016-08-17,4796.60,4811.30,4773.60,4809.30
2016-08-18,4803.40,4815.60,4794.30,4809.30
2016-08-19,4803.50,4818.10,4786.60,4809.80
2016-08-22,4803.60,4819.30,4791.10,4813.80
2016-08-23,4805.70,4837.80,4805.10,4819.80
2016-08-24,4813.10,4824.10,4771.10,4786.10
2016-08-25,4780.50,4794.30,4768.80,4784.10
2016-08-26,4777.40,4817.80,4758.00,4786.50
2016-08-29,4780.90,4805.50,4775.30,4795.20
2016-08-30,4789.30,4798.70,4760.30,4778.30
2016-08-31,4771.90,4779.30,4751.80,4772.60
2016-09-01,4768.80,4795.40,4749.90,4775.70
2016-09-02,4772.40,4818.10,4772.40,4796.80
2016-09-05,4792.80,4806.10,4782.80,4793.20
2016-09-06,4787.10,4831.90,4787.10,4831.70
2016-09-07,4825.30,4839.80,4813.20,4829.20
2016-09-08,4823.30,4837.20,4790.00,4796.90
2016-09-09,4790.00,4798.20,4666.50,4674.00
2016-09-12,4664.80,4772.70,4629.40,4767.20
2016-09-13,4760.40,4764.80,4700.00,4734.30
2016-09-14,4727.30,4771.40,4724.60,4736.10
2016-09-15,4730.10,4826.90,4719.80,4815.40
2016-09-16,4807.50,4823.40,4792.60,4818.60
2016-09-19,4811.70,4845.40,4786.50,4799.70
2016-09-20,4794.00,4824.70,4793.70,4803.60
2016-09-21,4798.10,4860.70,4792.70,4856.00
2016-09-22,4850.20,4898.50,4846.80,4895.10
2016-09-23,4887.60,4896.00,4855.10,4862.10
2016-09-26,4857.50,4866.00,4814.10,4821.60
2016-09-27,4814.90,4871.10,4807.30,4865.60
2016-09-28,4859.70,4879.50,4851.00,4874.30
2016-09-29,4867.40,4882.50,4818.80,4847.90
2016-09-30,4840.30,4891.70,4818.10,4873.50
2016-10-03,4866.90,4884.30,4847.80,4873.30
2016-10-04,4866.70,4892.60,4841.30,4860.80
2016-10-05,4855.20,4893.30,4854.10,4881.30
2016-10-06,4874.00,4885.80,4850.60,4875.60
2016-10-07,4869.60,4888.10,4839.80,4865.00
2016-10-10,4860.60,4906.70,4860.60,4898.00
2016-10-11,4892.10,4902.50,4803.60,4830.80
2016-10-12,4824.00,4845.30,4805.80,4812.60
2016-10-13,4806.50,4818.90,4761.10,4801.60
2016-10-14,4795.90,4847.40,4792.80,4809.40
2016-10-17,4804.30,4817.10,4787.90,4809.30
2016-10-18,4805.10,4863.60,4805.10,4831.80
2016-10-19,4824.90,4847.30,4818.30,4837.00
2016-10-20,4829.60,4853.80,4806.00,4851.80
2016-10-21,4845.80,4856.00,4822.00,4852.00
2016-10-24,4846.90,4915.50,4846.90,4915.00
2016-10-25,4909.80,4926.60,4880.90,4885.60
2016-10-26,4880.60,4889.00,4847.00,4860.60
2016-10-27,4854.50,4887.60,4808.20,4831.10
2016-10-28,4824.20,4850.80,4794.30,4813.00
2016-10-31,4807.90,4837.70,4796.20,4811.50
2016-11-01,4811.20,4824.70,4726.50,4763.70
2016-11-02,4758.00,4776.00,4716.40,4727.90
2016-11-03,4717.00,4733.60,4671.20,4675.60
2016-11-04,4670.20,4699.40,4655.40,4664.40
2016-11-07,4721.40,4786.60,4719.60,4786.40
2016-11-08,4780.00,4827.30,4757.90,4807.90
2016-11-09,4803.40,4842.60,4562.20,4825.90
2016-11-10,4819.70,4884.60,4684.90,4744.50
2016-11-11,4740.90,4763.30,4687.50,4746.80
2016-11-14,4751.80,4789.20,4677.90,4699.60
2016-11-15,4691.30,4781.40,4690.40,4767.40
2016-11-16,4762.50,4796.90,4738.60,4785.30
2016-11-17,4780.50,4833.60,4779.00,4833.60
2016-11-18,4827.10,4842.60,4804.90,4812.80
2016-11-21,4806.80,4864.40,4804.00,4859.90
2016-11-22,4854.70,4887.00,4853.90,4880.00
2016-11-23,4874.00,4884.90,4832.90,4853.40
2016-11-24,4847.90,4865.50,4841.90,4865.50
2016-11-25,4858.20,4872.60,4854.90,4872.60
2016-11-28,4860.40,4881.60,4844.60,4859.80
2016-11-29,4856.70,4899.60,4849.60,4876.80
2016-11-30,4871.00,4886.60,4815.00,4820.80
2016-12-01,4813.20,4829.50,4725.20,4736.20
2016-12-02,4732.10,4761.20,4709.70,4737.50
2016-12-05,4713.70,4798.20,4704.00,4784.70
2016-12-06,4781.50,4799.20,4771.00,4793.00
2016-12-07,4789.30,4857.60,4766.30,4847.60
2016-12-08,4845.10,4874.10,4841.30,4869.50
2016-12-09,4864.80,4902.90,4857.90,4899.90
2016-12-12,4899.70,4922.40,4858.10,4871.90
2016-12-13,4868.00,4967.50,4865.30,4946.50
2016-12-14,4942.20,4962.70,4916.70,4937.40
2016-12-15,4934.60,4967.10,4923.80,4942.60
2016-12-16,4940.10,4957.10,4910.00,4919.60
2016-12-19,4919.40,4972.40,4918.80,4946.40
2016-12-20,4943.40,4969.40,4942.40,4962.40
2016-12-21,4958.60,4966.30,4945.70,4952.90
2016-12-22,4952.40,4959.10,4923.40,4939.90
2016-12-23,4937.70,4950.00,4929.20,4946.20
2016-12-27,4944.00,5000.80,4943.80,4966.80
2016-12-28,4964.30,4985.60,4924.90,4928.80
2016-12-29,4928.20,4939.90,4907.90,4926.40
2016-12-30,4923.80,4946.30,4856.50,4870.50
2017-01-03,4886.60,4933.60,4884.60,4911.80
2017-01-04,4910.00,4947.70,4908.20,4938.50
2017-01-05,4936.50,4969.50,4925.70,4968.20
2017-01-06,4964.90,5022.60,4957.90,5010.40
2017-01-09,5006.80,5035.10,5005.80,5026.30
2017-01-10,5026.10,5052.30,5013.10,5038.60
2017-01-11,5035.60,5053.60,5013.30,5052.80
2017-01-12,5047.30,5049.80,4995.80,5043.50
2017-01-13,5040.30,5068.80,5040.00,5067.40
2017-01-16,5059.40,5062.40,5050.00,5055.40
2017-01-17,5054.10,5059.30,5031.10,5046.10
2017-01-18,5043.30,5063.30,5040.30,5060.00
2017-01-19,5057.40,5081.10,5042.80,5062.60
2017-01-20,5058.30,5089.00,5051.30,5067.30
2017-01-23,5062.60,5076.40,5037.10,5070.90
2017-01-24,5067.40,5110.40,5066.90,5106.90
2017-01-25,5106.40,5156.60,5105.60,5156.40
2017-01-26,5152.90,5175.10,5147.70,5152.90
2017-01-27,5148.20,5173.70,5145.70,5170.50
2017-01-30,5148.40,5160.80,5101.10,5130.80
2017-01-31,5127.60,5140.50,5090.00,5137.80
2017-02-01,5136.80,5164.40,5129.50,5156.00
2017-02-02,5151.30,5164.50,5126.50,5136.20
2017-02-03,5131.10,5168.10,5125.60,5161.60
2017-02-06,5162.10,5169.10,5146.10,5164.90
2017-02-07,5160.60,5197.60,5160.10,5181.10
2017-02-08,5178.10,5202.40,5169.40,5196.10
2017-02-09,5192.30,5222.30,5189.50,5215.00
2017-02-10,5213.00,5235.50,5212.50,5230.80
2017-02-13,5228.30,5263.50,5227.00,5262.50
2017-02-14,5257.20,5277.90,5239.90,5274.80
2017-02-15,5271.70,5313.40,5265.40,5312.90
2017-02-16,5310.20,5317.00,5288.80,5301.30
2017-02-17,5296.80,5327.00,5287.30,5327.00
2017-02-20,5321.50,5345.80,5320.80,5340.80
2017-02-21,5335.90,5353.90,5332.10,5345.10
2017-02-22,5343.00,5355.70,5336.70,5353.60
2017-02-23,5350.60,5361.40,5311.30,5332.10
2017-02-24,5327.60,5344.80,5299.60,5342.70
2017-02-27,5340.00,5352.30,5323.80,5343.80
2017-02-28,5343.00,5349.80,5317.30,5335.80
2017-03-01,5332.30,5399.30,5330.80,5384.30
2017-03-02,5381.30,5393.10,5355.60,5360.60
2017-03-03,5355.30,5372.80,5343.70,5371.80
2017-03-06,5368.30,5368.30,5338.60,5352.30
2017-03-07,5352.30,5373.60,5341.70,5350.50
2017-03-08,5345.40,5377.10,5333.90,5363.20
2017-03-09,5359.10,5372.20,5335.70,5370.70
2017-03-10,5365.20,5395.40,5363.40,5383.40
2017-03-13,5379.80,5396.50,5372.60,5396.20
2017-03-14,5392.70,5397.00,5360.50,5382.20
2017-03-15,5380.50,5428.50,5377.00,5414.30
2017-03-16,5410.30,5436.80,5399.50,5413.60
2017-03-17,5410.90,5422.90,5402.00,5404.90
2017-03-20,5402.00,5425.60,5393.60,5414.60
2017-03-21,5411.20,5438.90,5328.30,5333.80
2017-03-22,5330.80,5374.30,5314.10,5362.80
2017-03-23,5361.60,5376.60,5345.80,5355.30
2017-03-24,5353.80,5393.50,5346.20,5371.90
2017-03-27,5356.20,5384.70,5316.40,5381.90
2017-03-28,5379.90,5423.70,5362.70,5406.40
2017-03-29,5404.30,5436.20,5403.70,5435.00
2017-03-30,5432.50,5449.70,5425.70,5439.70
2017-03-31,5437.70,5452.00,5420.20,5437.00
2017-04-03,5428.60,5453.70,5402.40,5430.70
2017-04-04,5429.20,5446.90,5405.90,5446.20
2017-04-05,5443.90,5480.40,5408.20,5411.90
2017-04-06,5410.80,5436.30,5390.80,5425.30
2017-04-07,5423.00,5435.20,5381.80,5420.50
2017-04-10,5416.60,5443.30,5405.50,5425.80
2017-04-11,5424.60,5429.10,5358.20,5404.30
2017-04-12,5400.60,5412.80,5367.00,5369.60
2017-04-13,5369.30,5399.30,5348.60,5357.10
2017-04-17,5351.30,5399.30,5347.80,5397.60
2017-04-18,5395.50,5405.30,5376.20,5391.50
2017-04-19,5390.00,5431.20,5389.20,5394.20
2017-04-20,5395.30,5455.30,5393.30,5444.30
2017-04-21,5442.80,5455.30,5428.60,5439.80
2017-04-24,5432.40,5513.90,5432.40,5504.60
2017-04-25,5500.70,5559.30,5500.00,5549.30
2017-04-26,5546.40,5565.50,5538.30,5538.30
2017-04-27,5535.80,5601.50,5535.00,5590.00
2017-04-28,5585.10,5600.60,5574.80,5583.30
2017-05-01,5582.60,5640.90,5577.30,5635.70
2017-05-02,5630.40,5645.30,5626.30,5626.30
2017-05-03,5618.70,5634.30,5609.80,5612.80
2017-05-04,5609.30,5637.60,5607.30,5630.80
2017-05-05,5627.60,5653.00,5615.80,5652.80
2017-05-08,5657.10,5659.60,5635.70,5656.40
2017-05-09,5653.20,5688.70,5651.70,5681.80
2017-05-10,5676.80,5680.80,5659.50,5676.30
2017-05-11,5670.10,5674.10,5635.40,5669.50
2017-05-12,5667.50,5688.40,5655.50,5686.90
2017-05-15,5681.10,5705.70,5681.10,5703.90
2017-05-16,5699.20,5724.60,5693.20,5721.90
2017-05-17,5717.50,5719.30,5571.90,5572.90
2017-05-18,5571.10,5646.60,5548.90,5631.40
2017-05-19,5628.10,5675.10,5620.60,5652.60
2017-05-22,5650.10,5703.20,5647.80,5702.40
2017-05-23,5700.10,5717.30,5687.40,5709.70
2017-05-24,5706.10,5733.40,5704.10,5732.10
2017-05-25,5728.90,5794.60,5728.90,5783.60
2017-05-26,5778.00,5793.30,5771.30,5791.80
2017-05-29,5790.10,5801.30,5790.10,5793.80
2017-05-30,5792.00,5801.20,5777.00,5792.50
2017-05-31,5788.20,5817.50,5762.10,5802.80
2017-06-01,5799.80,5823.10,5779.80,5821.30
2017-06-02,5820.80,5886.60,5819.80,5884.80
2017-06-05,5877.30,5891.20,5872.90,5882.50
2017-06-06,5878.80,5893.80,5850.10,5863.60
2017-06-07,5860.40,5886.60,5848.00,5881.30
2017-06-08,5877.80,5900.30,5856.50,5894.70
2017-06-09,5874.60,5903.60,5665.10,5740.80
2017-06-12,5743.80,5746.50,5639.80,5718.80
2017-06-13,5715.30,5765.30,5712.10,5758.80
2017-06-14,5755.70,5784.50,5684.20,5726.90
2017-06-15,5723.80,5728.80,5638.30,5707.30
2017-06-16,5703.10,5724.30,5658.10,5684.60
2017-06-19,5688.30,5779.60,5680.30,5766.80
2017-06-20,5762.90,5780.90,5725.10,5729.20
2017-06-21,5723.00,5794.00,5696.20,5792.70
2017-06-22,5788.00,5810.70,5768.20,5782.60
2017-06-23,5781.30,5812.80,5760.80,5806.50
2017-06-26,5801.30,5850.50,5766.90,5777.40
2017-06-27,5776.10,5782.60,5668.00,5673.00
2017-06-28,5670.50,5767.60,5631.00,5766.80
2017-06-29,5762.10,5773.80,5600.20,5649.30
2017-06-30,5645.50,5685.30,5622.50,5655.00
2017-07-03,5657.50,5689.80,5580.70,5588.30
2017-07-04,5588.10,5618.10,5560.60,5580.60
2017-07-05,5568.60,5665.90,5566.10,5650.60
2017-07-06,5647.60,5650.30,5579.30,5595.80
2017-07-07,5596.70,5675.90,5591.00,5655.90
2017-07-10,5659.70,5711.40,5650.20,5693.90
2017-07-11,5690.00,5722.50,5667.60,5720.10
2017-07-12,5716.90,5789.80,5712.90,5788.10
2017-07-13,5785.60,5811.70,5778.20,5798.70
2017-07-14,5797.20,5848.20,5788.40,5847.20
2017-07-17,5843.70,5863.90,5832.20,5859.70
2017-07-18,5856.60,5899.60,5821.10,5897.60
2017-07-19,5894.10,5925.80,5890.10,5920.60
2017-07-20,5918.30,5939.50,5898.30,5932.00
2017-07-21,5930.20,5932.20,5892.50,5921.30
2017-07-24,5920.00,5956.50,5907.00,5928.00
2017-07-25,5924.00,5948.70,5918.30,5935.80
2017-07-26,5933.30,5959.90,5929.80,5955.80
2017-07-27,5964.60,5998.10,5847.80,5907.30
2017-07-28,5907.30,5920.70,5853.00,5916.00
2017-07-31,5909.20,5936.00,5873.20,5886.70
2017-08-01,5884.40,5934.40,5878.60,5933.60
2017-08-02,5935.80,5951.10,5860.30,5918.60
2017-08-03,5913.00,5927.30,5880.60,5892.20
2017-08-04,5890.40,5915.40,5877.90,5901.40
2017-08-07,5901.50,5941.80,5899.80,5940.80
2017-08-08,5936.40,5976.40,5911.60,5918.90
2017-08-09,5910.60,5928.10,5865.60,5927.10
2017-08-10,5920.80,5923.30,5768.60,5773.60
2017-08-11,5765.40,5847.00,5762.50,5839.00
2017-08-14,5842.40,5918.80,5842.40,5916.50
2017-08-15,5908.60,5943.10,5894.60,5912.90
2017-08-16,5911.50,5948.50,5901.20,5919.60
2017-08-17,5914.70,5922.70,5785.70,5792.90
2017-08-18,5790.20,5834.20,5771.80,5796.70
2017-08-21,5809.20,5816.20,5752.30,5796.50
2017-08-22,5792.40,5881.90,5791.40,5879.90
2017-08-23,5874.60,5883.60,5841.40,5843.20
2017-08-24,5842.40,5874.30,5804.30,5845.90
2017-08-25,5844.10,5874.60,5817.70,5825.20
2017-08-28,5806.00,5856.00,5802.00,5846.00
2017-08-29,5811.00,5875.30,5777.30,5869.30
2017-08-30,5866.60,5943.70,5863.20,5935.00
2017-08-31,5930.80,5997.30,5930.50,5995.30
2017-09-01,5991.70,6020.30,5974.00,5989.00
2017-09-04,5956.00,5983.90,5948.50,5980.50
2017-09-05,5974.70,5986.50,5891.70,5943.40
2017-09-06,5940.70,5967.90,5911.50,5954.40
2017-09-07,5946.10,5983.70,5934.10,5972.30
2017-09-08,5969.50,5974.70,5910.60,5919.80
2017-09-11,5946.10,5995.80,5941.80,5988.30
2017-09-12,5983.60,6007.50,5971.10,6003.50
2017-09-13,6001.30,6007.50,5979.30,6006.00
2017-09-14,6001.60,6004.30,5965.40,5967.70
2017-09-15,5965.60,6012.60,5946.10,5994.30
2017-09-18,5993.40,6015.10,5964.60,5985.10
2017-09-19,5984.60,6002.10,5972.50,5990.10
2017-09-20,5987.30,5998.20,5928.50,5974.50
2017-09-21,5968.50,5978.00,5917.30,5941.70
2017-09-22,5940.90,5943.20,5909.40,5933.70
2017-09-25,5926.70,5952.60,5840.80,5878.00
2017-09-26,5875.00,5911.00,5861.30,5889.50
2017-09-27,5886.30,5961.60,5885.50,5937.10
2017-09-28,5936.00,5947.20,5910.50,5938.50
2017-09-29,5933.70,5984.50,5932.50,5978.90
2017-10-02,5979.00,6008.90,5957.60,5984.40
2017-10-03,5981.00,6003.50,5977.50,5997.50
2017-10-04,5994.20,6013.60,5977.90,6002.60
2017-10-05,5999.60,6066.30,5999.10,6060.70
2017-10-06,6057.00,6069.70,6036.00,6063.70
2017-10-09,6058.50,6082.30,6053.60,6060.90
2017-10-10,6059.10,6087.30,6038.60,6065.00
2017-10-11,6061.30,6088.00,6053.20,6083.00
2017-10-12,6080.20,6096.90,6066.40,6074.30
2017-10-13,6069.90,6104.30,6068.90,6100.10
2017-10-16,6099.60,6122.80,6099.60,6121.30
2017-10-17,6117.60,6127.00,6106.80,6123.50
2017-10-18,6123.30,6134.30,6109.80,6120.80
2017-10-19,6118.50,6123.30,6053.00,6101.10
2017-10-20,6094.60,6131.60,6093.80,6113.00
2017-10-23,6109.30,6127.10,6063.70,6067.90
2017-10-24,6064.10,6095.10,6059.90,6076.10
2017-10-25,6073.80,6090.30,6014.30,6068.80
2017-10-26,6064.50,6099.30,6038.30,6091.00
2017-10-27,6091.50,6228.70,6082.20,6220.20
2017-10-30,6210.40,6254.70,6205.70,6224.70
2017-10-31,6221.50,6261.70,6220.50,6254.50
2017-11-01,6250.40,6287.90,6227.20,6238.40
2017-11-02,6229.10,6266.10,6196.40,6262.60
2017-11-03,6251.40,6300.70,6240.20,6292.20
2017-11-06,6284.30,6320.30,6271.10,6315.80
2017-11-07,6310.60,6334.30,6299.30,6317.50
2017-11-08,6311.50,6349.00,6304.70,6343.70
2017-11-09,6340.70,6354.50,6248.20,6316.20
2017-11-10,6309.50,6321.00,6281.70,6308.60
2017-11-13,6311.30,6325.80,6282.10,6314.10
2017-11-14,6308.80,6319.10,6263.80,6295.20
2017-11-15,6288.20,6292.40,6228.90,6261.70
2017-11-16,6258.40,6355.10,6257.40,6342.10
2017-11-17,6336.40,6348.40,6305.90,6306.10
2017-11-20,6306.50,6326.50,6289.00,6314.60
2017-11-21,6309.40,6382.70,6308.70,6376.90
2017-11-22,6373.60,6392.60,6372.80,6385.30
2017-11-23,6381.80,6395.50,6373.50,6382.80
2017-11-24,6385.20,6413.50,6377.50,6410.20
2017-11-27,6407.20,6422.90,6393.60,6412.90
2017-11-28,6406.90,6427.70,6387.10,6421.50
2017-11-29,6416.60,6426.40,6281.70,6302.90
2017-11-30,6302.80,6375.80,6287.80,6354.30
2017-12-01,6350.50,6367.70,6245.20,6342.50
2017-12-04,6386.20,6387.20,6249.90,6258.70
2017-12-05,6256.10,6339.60,6231.60,6268.60
2017-12-06,6268.20,6307.50,6233.00,6301.30
2017-12-07,6294.00,6336.20,6290.00,6324.50
2017-12-08,6321.00,6380.00,6321.00,6343.30
2017-12-11,6345.70,6414.00,6345.20,6408.50
2017-12-12,6405.00,6412.50,6376.80,6389.60
2017-12-13,6387.80,6424.10,6369.90,6404.90
2017-12-14,6401.50,6430.00,6389.00,6390.00
2017-12-15,6392.00,6489.00,6385.70,6486.50
2017-12-18,6482.00,6528.70,6482.00,6522.50
2017-12-19,6518.80,6532.80,6467.30,6490.80
2017-12-20,6487.30,6516.80,6451.70,6472.90
2017-12-21,6471.70,6512.90,6464.20,6482.20
2017-12-22,6478.70,6495.00,6461.30,6478.00
2017-12-27,6453.00,6470.70,6437.70,6448.20
2017-12-28,6444.60,6472.60,6437.90,6439.40
2017-12-29,6436.20,6463.20,6379.20,6383.20
2018-01-02,6397.90,6519.40,6393.90,6510.90
2018-01-03,6505.40,6587.40,6505.40,6579.20
2018-01-04,6576.90,6612.70,6575.70,6601.90
2018-01-05,6599.00,6665.50,6595.50,6662.00
2018-01-08,6659.90,6687.10,6650.10,6685.10
2018-01-09,6682.50,6704.20,6664.30,6677.90
2018-01-10,6672.70,6684.00,6625.40,6673.60
2018-01-11,6669.70,6726.20,6661.90,6721.20
2018-01-12,6717.20,6775.20,6701.20,6773.70
2018-01-15,6781.00,6796.80,6771.80,6779.30
2018-01-16,6775.30,6844.60,6728.30,6759.60
2018-01-17,6758.60,6833.60,6744.10,6819.60
2018-01-18,6816.60,6837.60,6795.60,6814.80
2018-01-19,6813.10,6855.90,6801.40,6852.00
2018-01-22,6828.30,6942.00,6824.00,6932.50
2018-01-23,6928.10,6981.90,6920.80,6960.80
2018-01-24,6953.80,7005.00,6889.80,6935.80
2018-01-25,6932.00,6989.00,6904.30,6939.80
2018-01-26,6937.80,7038.30,6936.60,7037.30
2018-01-29,7032.30,7052.10,6985.80,7000.80
2018-01-30,6997.70,7011.70,6908.30,6945.80
2018-01-31,6943.50,6996.70,6927.30,6934.80
2018-02-01,6979.10,6993.30,6890.60,6941.80
2018-02-02,6957.00,6969.30,6756.30,6762.50
2018-02-05,6757.50,6820.30,6391.80,6469.00
2018-02-06,6461.20,6682.70,6266.00,6641.00
2018-02-07,6648.40,6723.10,6538.00,6555.20
2018-02-08,6548.90,6624.40,6307.40,6339.40
2018-02-09,6329.20,6459.00,6168.20,6426.00
2018-02-12,6440.60,6571.80,6418.60,6531.30
2018-02-13,6528.90,6574.40,6475.60,6564.60
2018-02-14,6554.60,6692.60,6456.90,6678.90
2018-02-15,6677.50,6827.80,6671.20,6820.80
2018-02-16,6815.40,6860.60,6763.40,6783.90
2018-02-19,6782.90,6821.40,6760.60,6781.60
2018-02-20,6783.60,6846.10,6725.80,6795.30
2018-02-21,6788.80,6887.60,6743.80,6756.80
2018-02-22,6753.30,6833.30,6698.30,6797.60
2018-02-23,6791.80,6916.00,6785.30,6910.50
2018-02-26,6924.10,7010.40,6893.90,7007.40
2018-02-27,7003.40,7011.90,6907.60,6916.60
2018-02-28,6915.10,6973.40,6861.10,6883.10
2018-03-01,6881.40,6901.90,6692.40,6768.70
2018-03-02,6767.20,6826.50,6649.20,6811.50
2018-03-05,6793.10,6908.60,6746.90,6883.90
2018-03-06,6884.30,6943.60,6876.60,6914.30
2018-03-07,6836.10,6941.60,6803.30,6927.60
2018-03-08,6927.60,6981.40,6918.00,6976.90
2018-03-09,6976.90,7108.40,6964.90,7101.90
2018-03-12,7102.00,7165.50,7102.00,7138.50
2018-03-13,7138.50,7194.90,7031.20,7051.40
2018-03-14,7051.40,7102.50,7017.80,7041.30
2018-03-15,7041.30,7080.80,7009.30,7056.80
2018-03-16,7056.80,7065.60,7014.40,7025.40
2018-03-19,7021.50,7024.50,6804.00,6898.00
2018-03-20,6898.00,6911.70,6847.00,6901.70
2018-03-21,6901.70,6934.50,6827.70,6867.00
2018-03-22,6867.00,6899.70,6670.90,6680.00
2018-03-23,6680.00,6706.40,6504.40,6527.90
2018-03-26,6525.10,6765.20,6511.40,6762.50
2018-03-27,6762.50,6834.60,6475.60,6537.80
2018-03-28,6537.80,6568.30,6407.50,6475.00
2018-03-29,6475.00,6640.40,6431.10,6559.00
2018-03-30,6559.00,6559.00,6559.00,6559.00
2018-04-02,6543.10,6576.60,6315.90,6401.60
2018-04-03,6401.60,6486.60,6341.00,6461.20
2018-04-04,6461.20,6582.00,6297.00,6571.70
2018-04-05,6571.70,6644.60,6549.80,6596.30
2018-04-06,6596.30,6598.50,6399.30,6443.50
2018-04-09,6446.80,6610.40,6446.80,6485.60
2018-04-10,6485.60,6644.40,6464.20,6615.60
2018-04-11,6615.60,6656.30,6543.80,6587.10
2018-04-12,6587.10,6687.20,6583.10,6666.50
2018-04-13,6666.50,6706.70,6600.30,6634.80
2018-04-16,6680.10,6715.20,6634.90,6697.90
2018-04-17,6698.40,6840.00,6694.00,6821.00
2018-04-18,6821.00,6862.80,6792.80,6842.10
2018-04-19,6842.10,6862.40,6751.60,6773.60
2018-04-20,6773.60,6786.90,6642.90,6671.90
2018-04-23,6672.40,6725.90,6614.90,6657.40
2018-04-24,6657.40,6715.90,6465.40,6524.60
2018-04-25,6524.60,6574.40,6427.80,6571.10
2018-04-26,6571.10,6746.90,6557.90,6740.90
2018-04-27,6740.90,6770.60,6622.00,6669.40
2018-04-30,6669.40,6717.90,6596.00,6603.40
2018-05-01,6603.40,6739.50,6578.90,6718.00
2018-05-02,6718.00,6728.60,6624.40,6627.40
2018-05-03,6627.40,6669.40,6537.40,6665.40
2018-05-04,6665.40,6787.00,6609.30,6777.80
2018-05-07,6776.80,6850.40,6768.60,6817.60
2018-05-08,6817.60,6836.80,6770.60,6821.60
2018-05-09,6821.60,6900.30,6807.80,6895.60
2018-05-10,6895.60,6970.40,6887.90,6951.40
2018-05-11,6951.40,6975.80,6925.10,6956.60
2018-05-14,6954.30,7011.00,6953.00,6966.00
2018-05-15,6966.00,6974.10,6852.10,6890.20
2018-05-16,6890.20,6948.10,6870.50,6929.30
2018-05-17,6929.30,6955.80,6869.30,6898.00
2018-05-18,6898.00,6930.40,6856.80,6869.00
2018-05-21,6919.70,6952.40,6876.90,6909.70
2018-05-22,6909.70,6950.60,6886.10,6903.80
2018-05-23,6903.80,6958.00,6826.20,6953.00
2018-05-24,6953.00,6970.50,6882.00,6951.80
2018-05-25,6951.80,6999.70,6939.70,6959.20
2018-05-28,6985.90,7005.40,6968.70,6990.90
2018-05-29,6990.90,6992.50,6888.80,6943.00
2018-05-30,6943.00,6992.50,6916.70,6981.00
2018-05-31,6981.00,7022.10,6957.10,6980.90
2018-06-01,6980.90,7089.50,6974.00,7084.00
2018-06-04,7073.10,7151.60,7068.90,7149.10
2018-06-05,7149.10,7187.60,7137.80,7183.10
2018-06-06,7183.10,7223.00,7142.70,7217.70
2018-06-07,7217.70,7234.30,7117.00,7161.50
2018-06-08,7161.50,7163.40,7078.40,7148.40
2018-06-11,7149.90,7190.90,7129.90,7166.90
2018-06-12,7166.90,7220.80,7158.30,7219.10
2018-06-13,7219.10,7267.50,7196.50,7210.00
2018-06-14,7210.00,7297.80,7182.20,7288.30
2018-06-15,7288.30,7295.10,7222.10,7256.10
2018-06-18,7250.20,7267.50,7186.70,7251.70
2018-06-19,7251.70,7256.30,7136.60,7233.30
2018-06-20,7233.60,7312.70,7204.90,7291.70
2018-06-21,7291.70,7335.60,7204.60,7206.60
2018-06-22,7206.60,7252.50,7177.60,7197.30
2018-06-25,7197.30,7202.70,6976.20,7046.40
2018-06-26,7046.40,7111.20,7021.10,7073.40
2018-06-27,7073.40,7132.80,6969.60,6977.60
2018-06-28,6977.60,7057.70,6938.00,7039.00
2018-06-29,7039.00,7105.20,7027.40,7049.90
2018-07-02,7054.60,7101.80,6970.10,7098.10
2018-07-03,7098.10,7147.70,7005.20,7005.70
2018-07-04,7005.70,7035.90,6995.60,7025.90
2018-07-05,7025.90,7109.50,6999.50,7107.70
2018-07-06,7107.70,7220.40,7084.10,7212.60
2018-07-09,7213.10,7286.60,7212.90,7284.90
2018-07-10,7284.90,7318.50,7243.00,7253.30
2018-07-11,7239.90,7273.70,7188.70,7238.40
2018-07-12,7236.40,7370.90,7233.40,7365.90
2018-07-13,7362.30,7398.30,7351.80,7380.10
2018-07-16,7387.30,7398.80,7301.30,7305.70
2018-07-17,7305.70,7420.40,7278.10,7408.70
2018-07-18,7408.70,7422.20,7365.80,7382.50
2018-07-19,7383.00,7400.50,7338.30,7350.50
2018-07-20,7362.80,7398.00,7335.30,7349.70
2018-07-23,7354.00,7417.30,7296.80,7405.50
2018-07-24,7405.50,7474.80,7372.30,7394.70
2018-07-25,7394.70,7516.90,7382.60,7472.50
2018-07-26,7472.50,7472.50,7348.10,7414.10
2018-07-27,7414.10,7455.20,7252.20,7289.90
2018-07-30,7288.40,7298.90,7156.60,7197.50
2018-07-31,7197.50,7285.50,7179.50,7282.00
2018-08-01,7282.00,7294.50,7231.80,7275.80
2018-08-02,7275.80,7385.00,7205.20,7382.20
2018-08-03,7382.20,7405.20,7352.90,7394.50
2018-08-06,7395.10,7440.20,7378.40,7433.20
2018-08-07,7431.30,7477.50,7431.00,7470.20
2018-08-08,7467.20,7486.40,7433.40,7453.50
2018-08-09,7452.80,7496.70,7448.70,7461.00
2018-08-10,7458.70,7460.90,7380.10,7419.40
2018-08-13,7408.10,7469.10,7369.40,7408.60
2018-08-14,7409.50,7455.20,7387.70,7452.40
2018-08-15,7448.80,7454.10,7307.60,7370.30
2018-08-16,7366.60,7423.50,7352.70,7370.20
2018-08-17,7370.70,7395.20,7311.20,7380.20
2018-08-20,7380.10,7410.70,7341.90,7370.50
2018-08-21,7370.50,7442.40,7359.30,7367.10
2018-08-22,7358.00,7434.80,7342.10,7423.80
2018-08-23,7423.30,7465.30,7401.80,7414.60
2018-08-24,7415.90,7490.20,7411.50,7489.00
2018-08-27,7490.90,7560.90,7490.40,7560.20
2018-08-28,7560.00,7589.30,7556.80,7573.10
2018-08-29,7573.10,7666.50,7569.80,7664.80
2018-08-30,7664.90,7689.60,7618.30,7635.10
2018-08-31,7631.40,7675.10,7626.60,7664.30
2018-09-03,7666.80,7680.70,7653.00,7675.20
2018-09-04,7674.20,7687.40,7581.50,7637.10
2018-09-05,7636.00,7638.30,7498.80,7531.80
2018-09-06,7527.70,7539.20,7404.20,7449.40
2018-09-07,7448.90,7489.60,7389.30,7425.60
2018-09-10,7428.70,7480.70,7411.20,7456.40
2018-09-11,7456.50,7521.00,7401.70,7510.40
2018-09-12,7510.90,7538.30,7422.30,7479.60
2018-09-13,7478.10,7579.70,7467.20,7562.70
2018-09-14,7559.80,7596.10,7511.00,7540.10
2018-09-17,7532.50,7546.90,7430.20,7435.70
2018-09-18,7433.60,7536.10,7395.20,7501.20
2018-09-19,7500.10,7518.30,7443.60,7501.60
2018-09-20,7501.50,7589.60,7486.80,7586.30
2018-09-21,7576.10,7610.10,7521.40,7522.80
2018-09-24,7508.20,7569.00,7449.50,7566.80
2018-09-25,7565.80,7579.10,7527.10,7573.30
2018-09-26,7572.50,7643.70,7553.40,7566.40
2018-09-27,7565.70,7662.40,7561.90,7640.20
2018-09-28,7638.70,7652.70,7593.70,7641.90
2018-10-01,7648.60,7706.40,7630.20,7652.20
2018-10-02,7649.80,7690.50,7608.20,7635.70
2018-10-03,7632.00,7682.10,7620.10,7629.60
2018-10-04,7627.40,7627.40,7434.70,7501.30
2018-10-05,7498.10,7518.10,7325.90,7413.10
2018-10-08,7426.10,7433.00,7267.30,7372.50
2018-10-09,7371.20,7436.40,7318.20,7375.70
2018-10-10,7375.50,7393.50,6981.30,6985.00
2018-10-11,6991.90,7121.80,6891.60,7027.60
2018-10-12,7026.30,7182.30,7019.00,7165.00
2018-10-15,7162.30,7163.20,7044.30,7056.00
2018-10-16,7056.00,7344.30,7046.30,7328.00
2018-10-17,7329.50,7354.80,7208.90,7302.40
2018-10-18,7302.40,7302.40,7081.60,7142.40
2018-10-19,7140.20,7231.70,7081.10,7092.90
2018-10-22,7062.10,7199.30,7046.30,7146.90
2018-10-23,7140.00,7153.00,6934.00,7129.70
2018-10-24,7124.30,7163.50,6776.50,6865.20
2018-10-25,6865.20,7066.20,6807.60,6880.20
2018-10-26,6867.00,6977.00,6725.50,6863.00
2018-10-29,6882.40,6983.80,6573.10,6714.30
2018-10-30,6709.00,6841.40,6653.40,6835.40
2018-10-31,6855.70,7030.70,6808.90,6951.00
2018-11-01,6950.40,7072.20,6929.30,7021.70
2018-11-02,6967.30,7135.40,6905.90,6970.30
2018-11-05,6964.80,6992.90,6859.70,6943.70
2018-11-06,6939.70,7027.90,6901.00,7007.10
2018-11-07,7003.90,7218.50,6965.90,7213.70
2018-11-08,7204.40,7221.10,7123.10,7140.70
2018-11-09,7135.20,7157.00,6980.40,7023.00
2018-11-12,7019.60,7095.80,6818.60,6832.80
2018-11-13,6836.60,6954.70,6794.70,6849.20
2018-11-14,6847.90,6919.20,6737.00,6773.00
2018-11-15,6771.50,6910.60,6702.40,6878.30
2018-11-16,6863.10,6901.50,6797.00,6887.00
2018-11-19,6865.00,6926.20,6625.00,6666.80
2018-11-20,6656.00,6662.40,6442.50,6515.30
2018-11-21,6519.80,6640.90,6501.90,6570.10
2018-11-22,6573.20,6591.10,6500.40,6514.90
2018-11-23,6514.20,6595.50,6489.50,6525.90
2018-11-26,6537.40,6692.10,6525.60,6635.20
2018-11-27,6635.50,6718.90,6609.90,6714.00
2018-11-28,6722.60,6919.60,6705.80,6912.30
2018-11-29,6904.80,6940.30,6840.50,6903.00
2018-11-30,6901.50,6964.00,6868.80,6958.60
2018-12-03,7061.40,7137.10,7014.30,7053.70
2018-12-04,7049.90,7053.40,6781.90,6800.90
2018-12-05,6793.40,6861.10,6789.90,6839.20
2018-12-06,6827.90,6850.70,6628.20,6839.70
2018-12-07,6834.40,6853.70,6592.50,6626.40
2018-12-10,6594.90,6714.20,6535.70,6693.70
2018-12-11,6694.50,6809.30,6651.60,6682.30
2018-12-12,6683.90,6872.50,6683.90,6765.70
2018-12-13,6770.00,6837.50,6723.00,6744.70
2018-12-14,6746.50,6760.70,6585.30,6588.30
2018-12-17,6576.00,6635.00,6401.40,6470.40
2018-12-18,6468.40,6555.50,6434.50,6438.80
2018-12-19,6435.00,6579.40,6279.20,6327.20
2018-12-20,6327.70,6382.90,6159.00,6298.80
2018-12-21,6295.20,6316.80,6009.50,6053.30
2018-12-24,6010.20,6104.80,5870.40,5871.50
2018-12-27,6258.30,6315.00,6037.10,6292.00
2018-12-28,6296.80,6385.70,6227.20,6278.10
2018-12-31,6331.10,6360.20,6266.70,6336.00
2019-01-02,6332.80,6392.90,6138.30,6246.00
2019-01-03,6217.20,6288.00,6131.90,6155.60
2019-01-04,6154.50,6447.70,6122.40,6416.50
2019-01-07,6438.80,6522.60,6390.80,6492.00
2019-01-08,6491.30,6573.60,6455.30,6538.70
2019-01-09,6537.90,6631.30,6533.10,6590.30
2019-01-10,6581.90,6628.60,6514.90,6614.10
2019-01-11,6612.10,6619.70,6560.00,6602.50
2019-01-14,6584.20,6589.00,6510.70,6535.00
2019-01-15,6533.40,6676.70,6529.50,6666.40
2019-01-16,6664.50,6722.70,6650.30,6659.50
2019-01-17,6657.30,6747.70,6601.10,6718.10
2019-01-18,6711.50,6815.70,6700.10,6788.20
2019-01-21,6777.80,6782.80,6732.00,6752.10
2019-01-22,6742.10,6768.10,6602.70,6642.50
2019-01-23,6640.80,6715.00,6584.00,6660.20
2019-01-24,6653.70,6710.00,6644.10,6676.10
2019-01-25,6672.90,6802.50,6668.10,6787.60
2019-01-28,6774.30,6782.70,6642.10,6692.60
2019-01-29,6688.40,6715.70,6611.60,6676.40
2019-01-30,6686.10,6837.80,6652.00,6830.20
2019-01-31,6843.70,6936.90,6833.40,6922.70
2019-02-01,6899.10,6921.00,6854.50,6873.10
2019-02-04,6854.60,6965.30,6851.30,6938.80
2019-02-05,6928.90,7029.00,6922.50,7006.50
2019-02-06,7004.10,7033.00,6966.90,6982.10
2019-02-07,6981.00,6987.40,6850.90,6896.70
2019-02-08,6890.40,6917.20,6832.70,6916.70
2019-02-11,6917.70,6962.20,6889.00,6902.20
2019-02-12,6899.40,7020.90,6896.50,7011.60
2019-02-13,7008.20,7062.50,7004.40,7009.50
2019-02-14,7006.60,7049.00,6964.00,7008.70
2019-02-15,7008.90,7086.60,6968.00,7059.10
2019-02-18,7061.70,7075.90,7049.30,7074.10
2019-02-19,7069.60,7088.50,7029.40,7062.10
2019-02-20,7056.50,7095.80,7023.30,7062.40
2019-02-21,7060.70,7104.90,6996.40,7028.40
2019-02-22,7015.60,7092.90,7011.20,7090.00
2019-02-25,7106.10,7162.40,7095.40,7114.60
2019-02-26,7113.90,7145.60,7067.30,7104.80
2019-02-27,7101.40,7126.40,7042.90,7117.80
2019-02-28,7112.90,7123.40,7065.60,7102.70
2019-03-01,7097.40,7157.40,7091.20,7152.60
2019-03-04,7169.50,7205.60,7069.00,7137.10
2019-03-05,7136.20,7176.30,7119.00,7154.00
2019-03-06,7146.30,7165.20,7101.40,7105.30
2019-03-07,7100.20,7117.60,6997.80,7019.80
2019-03-08,7018.30,7027.30,6934.50,7025.00
2019-03-11,7017.30,7173.70,6995.60,7170.10
2019-03-12,7164.40,7219.40,7158.40,7208.70
2019-03-13,7206.40,7293.90,7181.50,7270.70
2019-03-14,7269.00,7287.90,7233.50,7239.30
2019-03-15,7240.80,7330.00,7238.80,7314.70
2019-03-18,7307.30,7349.80,7292.10,7334.60
2019-03-19,7331.10,7391.90,7321.60,7348.80
2019-03-20,7345.20,7426.80,7319.50,7368.70
2019-03-21,7371.80,7509.90,7338.00,7499.80
2019-03-22,7496.00,7514.10,7322.80,7331.30
2019-03-25,7344.70,7361.30,7261.80,7333.50
2019-03-26,7329.20,7419.40,7313.10,7355.20
2019-03-27,7353.00,7376.90,7249.50,7295.40
2019-03-28,7293.90,7345.20,7262.40,7327.40
2019-03-29,7323.10,7387.30,7323.10,7386.10
2019-04-01,7403.10,7480.60,7403.10,7471.90
2019-04-02,7466.00,7506.60,7457.80,7489.80
2019-04-03,7490.40,7590.60,7487.60,7555.50
2019-04-04,7554.80,7571.30,7496.00,7536.20
2019-04-05,7533.30,7583.60,7530.10,7581.20
2019-04-08,7580.00,7604.60,7537.00,7599.00
2019-04-09,7598.80,7606.90,7555.00,7560.70
2019-04-10,7564.60,7620.20,7550.40,7616.60
2019-04-11,7618.30,7635.50,7578.50,7591.60
2019-04-12,7591.20,7642.50,7586.90,7627.60
2019-04-15,7631.80,7638.20,7578.10,7625.30
2019-04-16,7627.80,7672.10,7625.00,7655.90
2019-04-17,7654.10,7712.70,7645.80,7663.20
2019-04-18,7667.40,7703.10,7640.50,7691.90
2019-04-22,7694.20,7728.50,7650.70,7718.30
2019-04-23,7715.40,7824.30,7705.80,7811.30
2019-04-24,7811.20,7832.60,7784.70,7818.20
2019-04-25,7838.20,7861.50,7774.20,7777.20
2019-04-26,7778.10,7827.70,7738.80,7824.60
2019-04-29,7820.50,7852.60,7788.40,7788.40
2019-04-30,7786.90,7842.70,7725.70,7837.70
2019-05-01,7832.10,7853.10,7723.70,7723.70
2019-05-02,7723.70,7790.40,7668.10,7723.30
2019-05-03,7718.80,7856.20,7718.00,7855.30
2019-05-06,7755.60,7805.10,7651.80,7723.10
2019-05-07,7728.60,7791.90,7569.00,7654.70
2019-05-08,7650.90,7685.50,7589.70,7626.00
2019-05-09,7623.70,7629.20,7468.80,7577.40
2019-05-10,7572.10,7636.60,7421.40,7596.40
2019-05-13,7504.60,7534.20,7291.40,7298.10
2019-05-14,7293.00,7448.80,7275.60,7410.60
2019-05-15,7409.90,7525.10,7340.50,7509.40
2019-05-16,7506.40,7627.30,7460.10,7584.80
2019-05-17,7581.30,7606.70,7489.50,7494.50
2019-05-20,7497.90,7543.10,7349.40,7390.00
2019-05-21,7391.90,7472.70,7388.40,7448.00
2019-05-22,7446.70,7460.20,7379.10,7414.50
2019-05-23,7413.30,7423.00,7257.60,7305.60
2019-05-24,7302.80,7369.00,7290.30,7303.90
2019-05-27,7303.80,7329.50,7283.30,7305.90
2019-05-28,7299.50,7363.40,7272.60,7284.70
2019-05-29,7278.90,7287.90,7175.40,7207.30
2019-05-30,7200.10,7263.90,7199.30,7247.30
2019-05-31,7240.50,7249.40,7122.90,7131.20
2019-06-03,7095.20,7127.10,6936.60,7003.70
2019-06-04,7001.50,7182.50,6977.60,7182.40
2019-06-05,7183.00,7240.90,7146.10,7225.80
2019-06-06,7195.10,7293.80,7176.10,7257.80
2019-06-07,7254.50,7447.60,7252.00,7419.50
2019-06-10,7472.00,7574.80,7428.10,7515.10
2019-06-11,7513.10,7597.60,7489.90,7514.80
2019-06-12,7510.90,7528.10,7458.50,7473.40
2019-06-13,7468.50,7532.40,7418.60,7506.60
2019-06-14,7500.30,7517.70,7448.90,7479.70
2019-06-17,7477.40,7549.80,7476.70,7539.50
2019-06-18,7536.90,7694.70,7514.50,7645.10
2019-06-19,7643.10,7685.00,7604.40,7670.30
2019-06-20,7663.30,7794.20,7662.80,7737.80
2019-06-21,7731.00,7775.70,7698.90,7724.00
2019-06-24,7707.40,7768.10,7704.10,7730.10
2019-06-25,7725.20,7754.20,7586.10,7609.60
2019-06-26,7604.80,7694.70,7592.10,7618.90
2019-06-27,7614.40,7690.20,7614.40,7661.90
2019-06-28,7656.80,7701.90,7640.80,7698.50
2019-07-01,7775.40,7826.80,7736.40,7768.30
2019-07-02,7765.80,7818.60,7739.70,7815.80
2019-07-03,7811.90,7867.70,7799.80,7863.20
2019-07-04,7867.50,7881.90,7855.80,7876.40
2019-07-05,7871.00,7884.10,7773.00,7827.00
2019-07-08,7826.50,7840.30,7754.30,7776.00
2019-07-09,7772.70,7835.40,7720.00,7821.20
2019-07-10,7820.90,7926.80,7788.70,7901.90
2019-07-11,7897.20,7941.40,7873.10,7896.40
2019-07-12,7891.40,7947.50,7888.90,7941.80
2019-07-15,7936.00,7973.30,7922.70,7965.10
2019-07-16,7961.30,7983.30,7906.30,7919.80
2019-07-17,7918.50,7949.10,7851.00,7852.20
2019-07-18,7848.10,7937.80,7816.60,7930.30
2019-07-19,7937.00,7964.60,7812.40,7813.90
2019-07-22,7813.10,7922.60,7812.40,7912.70
2019-07-23,7918.20,7971.90,7894.60,7927.30
2019-07-24,7927.40,8037.80,7912.20,7988.50
2019-07-25,7989.20,8021.50,7904.50,7969.30
2019-07-26,7978.00,8028.30,7975.60,8007.40
2019-07-29,8003.00,8020.80,7941.20,7994.00
2019-07-30,7990.10,8009.20,7917.60,7978.10
2019-07-31,7979.90,7990.60,7772.00,7828.80
2019-08-01,7817.70,8004.80,7767.40,7781.10
2019-08-02,7783.00,7797.00,7641.50,7697.70
2019-08-05,7683.30,7698.90,7353.00,7360.70
2019-08-06,7332.70,7542.10,7218.60,7510.60
2019-08-07,7504.70,7570.30,7380.80,7543.80
2019-08-08,7538.50,7731.20,7519.60,7721.80
2019-08-09,7680.50,7714.10,7587.90,7659.20
2019-08-12,7652.20,7702.10,7527.60,7563.80
2019-08-13,7559.10,7782.20,7507.30,7744.20
2019-08-14,7733.00,7756.10,7466.60,7466.60
2019-08-15,7455.90,7561.70,7379.00,7499.10
2019-08-16,7493.90,7623.10,7493.40,7602.90
2019-08-19,7616.40,7741.40,7613.70,7711.20
2019-08-20,7706.80,7743.00,7646.70,7649.60
2019-08-21,7641.00,7757.10,7640.30,7749.50
2019-08-22,7743.40,7773.60,7645.90,7697.80
2019-08-23,7695.50,7754.10,7440.10,7481.90
2019-08-26,7396.40,7618.50,7348.80,7581.60
2019-08-27,7580.80,7642.30,7531.30,7559.20
2019-08-28,7553.90,7600.00,7498.60,7574.60
2019-08-29,7572.10,7724.10,7542.70,7699.90
2019-08-30,7695.10,7764.40,7640.40,7665.50
2019-09-02,7598.70,7690.60,7577.30,7608.10
2019-09-03,7603.50,7672.50,7583.70,7612.90
2019-09-04,7605.30,7726.40,7602.30,7719.40
2019-09-05,7714.40,7882.40,7713.30,7845.80
2019-09-06,7844.90,7890.80,7834.60,7860.90
2019-09-09,7852.50,7884.20,7795.90,7830.30
2019-09-10,7827.30,7855.40,7742.40,7816.60
2019-09-11,7810.20,7896.50,7784.50,7890.00
2019-09-12,7886.50,7977.60,7884.00,7908.40
2019-09-13,7911.90,7955.30,7878.90,7884.70
2019-09-16,7822.80,7872.10,7775.10,7864.80
2019-09-17,7859.60,7898.60,7828.00,7893.80
2019-09-18,7888.60,7905.00,7791.50,7900.00
2019-09-19,7898.50,7952.30,7831.00,7896.00
2019-09-20,7889.60,7930.20,7790.40,7804.90
2019-09-23,7822.40,7875.90,7788.00,7848.00
2019-09-24,7852.00,7882.90,7682.60,7718.10
2019-09-25,7713.40,7825.20,7645.20,7803.70
2019-09-26,7799.10,7824.10,7716.30,7767.30
2019-09-27,7760.90,7803.30,7622.50,7693.30
2019-09-30,7722.90,7771.60,7689.20,7767.60
2019-10-01,7761.60,7824.90,7674.40,7693.10
2019-10-02,7693.10,7713.70,7509.30,7538.30
2019-10-03,7533.50,7643.10,7457.80,7642.00
2019-10-04,7634.10,7757.00,7607.10,7753.80
2019-10-07,7674.60,7783.40,7674.60,7723.30
2019-10-08,7717.00,7770.00,7599.40,7608.30
2019-10-09,7604.90,7717.80,7592.80,7690.10
2019-10-10,7684.80,7785.00,7570.10,7773.80
2019-10-11,7768.80,7904.90,7754.10,7845.30
2019-10-14,7838.90,7882.40,7795.70,7847.80
2019-10-15,7844.60,7960.20,7844.60,7947.50
2019-10-16,7944.20,7948.80,7896.40,7939.90
2019-10-17,7938.30,7983.70,7912.60,7942.50
2019-10-18,7941.90,7947.30,7825.70,7870.70
2019-10-21,7854.10,7941.20,7853.60,7938.70
2019-10-22,7936.00,7979.40,7828.30,7832.20
2019-10-23,7836.00,7909.30,7802.00,7908.40
2019-10-24,7910.60,7975.50,7904.80,7916.00
2019-10-25,7915.30,8033.60,7910.60,8032.00
2019-10-28,8042.70,8120.20,8041.90,8104.20
2019-10-29,8098.30,8112.50,8044.80,8049.90
2019-10-30,8048.40,8134.50,8010.60,8111.30
2019-10-31,8119.70,8132.10,8040.00,8084.90
2019-11-01,8081.40,8161.40,8078.50,8159.30
2019-11-04,8160.70,8228.00,8159.80,8214.00
2019-11-05,8210.30,8242.50,8188.20,8204.40
2019-11-06,8198.90,8222.20,8155.40,8205.80
2019-11-07,8205.80,8270.40,8180.70,8223.00
2019-11-08,8220.80,8256.80,8183.60,8250.70
2019-11-11,8247.10,8254.10,8200.70,8247.70
2019-11-12,8243.00,8295.70,8223.30,8266.50
2019-11-13,8264.00,8278.10,8216.70,8263.10
2019-11-14,8260.20,8277.00,8212.20,8264.60
2019-11-15,8257.40,8317.90,8256.10,8317.50
2019-11-18,8314.50,8361.10,8276.40,8330.80
2019-11-19,8327.90,8376.10,8310.10,8331.80
2019-11-20,8322.60,8341.70,8225.10,8282.60
2019-11-21,8239.40,8301.80,8234.10,8272.50
2019-11-22,8269.20,8308.00,8228.40,8276.30
2019-11-25,8301.90,8375.00,8293.20,8371.20
2019-11-26,8366.40,8417.00,8363.10,8399.10
2019-11-27,8395.90,8455.30,8392.70,8453.20
2019-11-28,8449.70,8454.60,8411.40,8441.70
2019-11-29,8436.10,8448.20,8403.60,8416.40
2019-12-02,8419.40,8455.50,8275.30,8308.50
2019-12-03,8307.10,8336.30,8167.30,8254.50
2019-12-04,8248.90,8318.10,8219.70,8295.50
2019-12-05,8289.10,8337.10,8270.60,8308.00
2019-12-06,8303.90,8407.00,8303.90,8399.70
2019-12-09,8402.00,8425.80,8345.90,8350.00
2019-12-10,8348.90,8396.80,8296.20,8366.80
2019-12-11,8360.90,8410.40,8344.50,8407.80
2019-12-12,8401.80,8496.80,8381.10,8470.70
2019-12-13,8484.60,8523.80,8436.70,8495.80
2019-12-16,8514.10,8594.60,8506.80,8584.50
2019-12-17,8582.10,8603.60,8570.10,8579.50
2019-12-18,8574.60,8618.10,8572.60,8601.60
2019-12-19,8601.50,8659.20,8585.40,8657.40
2019-12-20,8656.80,8700.50,8641.90,8686.70
2019-12-23,8685.30,8720.50,8685.30,8706.00
2019-12-24,8707.80,8713.30,8684.80,8707.30
2019-12-27,8778.80,8821.80,8748.30,8758.90
2019-12-30,8758.00,8790.20,8672.00,8713.00
2019-12-31,8711.70,8753.20,8673.70,8753.20
2020-01-02,8754.60,8880.90,8750.30,8880.60
2020-01-03,8878.70,8886.60,8715.00,8792.50
2020-01-06,8751.20,8858.20,8709.10,8838.30
2020-01-07,8838.30,8879.60,8810.50,8829.30
2020-01-08,8824.00,8956.30,8663.30,8931.20
2020-01-09,8933.90,9006.90,8917.60,8993.90
2020-01-10,8996.40,9040.30,8952.00,8965.10
2020-01-13,8974.90,9081.80,8969.60,9076.40
2020-01-14,9077.00,9101.20,9021.90,9050.30
2020-01-15,9050.60,9083.50,9010.90,9049.70
2020-01-16,9053.60,9128.10,9051.80,9125.80
2020-01-17,9126.60,9177.30,9118.30,9160.00
2020-01-20,9162.30,9176.50,9149.70,9165.20
2020-01-21,9166.70,9188.60,9105.30,9165.30
2020-01-22,9172.00,9244.60,9165.10,9178.90
2020-01-23,9180.60,9244.40,9141.70,9242.20
2020-01-24,9243.00,9278.70,9102.10,9134.40
2020-01-27,9047.10,9062.00,8920.50,8954.60
2020-01-28,8948.30,9130.50,8948.30,9118.60
2020-01-29,9115.90,9151.80,9065.70,9098.40
2020-01-30,9106.60,9232.10,8996.00,9229.70
2020-01-31,9215.30,9240.70,8960.40,9006.80
2020-02-03,8978.30,9150.90,8977.30,9100.50
2020-02-04,9089.20,9363.70,9068.90,9355.20
2020-02-05,9349.40,9456.90,9312.50,9382.60
2020-02-06,9385.30,9456.10,9355.20,9455.60
2020-02-07,9459.30,9460.00,9375.20,9392.40
2020-02-10,9392.70,9522.80,9322.50,9517.80
2020-02-11,9512.30,9600.80,9493.00,9523.60
2020-02-12,9529.00,9620.00,9516.40,9615.50
2020-02-13,9608.70,9636.50,9502.50,9617.10
2020-02-14,9616.70,9651.50,9581.40,9627.50
2020-02-17,9631.60,9681.20,9630.80,9660.20
2020-02-18,9594.20,9649.90,9528.00,9635.90
2020-02-19,9634.30,9739.40,9634.30,9725.00
2020-02-20,9732.10,9754.20,9508.60,9610.30
2020-02-21,9607.20,9616.60,9404.40,9448.10
2020-02-24,9340.60,9357.50,9035.80,9090.30
2020-02-25,9074.00,9216.30,8802.50,8865.80
2020-02-26,8870.70,9030.00,8702.30,8814.20
2020-02-27,8812.50,8870.20,8325.90,8342.00
2020-02-28,8332.70,8568.10,8120.90,8554.10
2020-03-02,8539.50,8877.70,8245.60,8814.50
2020-03-03,8835.40,8995.00,8512.00,8559.30
2020-03-04,8568.80,8949.70,8508.50,8889.30
2020-03-05,8886.40,8899.60,8611.10,8674.10
2020-03-06,8672.60,8726.80,8313.00,8501.20
2020-03-09,8305.90,8314.10,7884.60,7919.10
2020-03-10,7892.20,8376.70,7819.40,8355.30
2020-03-11,8322.60,8330.80,7894.20,8006.20
2020-03-12,8002.30,8106.40,7133.20,7161.40
2020-03-13,7132.90,7973.70,6944.60,7846.40
2020-03-16,7652.80,7656.50,6926.20,7050.90
2020-03-17,7044.80,7554.20,6951.20,7362.10
2020-03-18,7347.70,7392.30,6822.00,7251.60
2020-03-19,7244.10,7510.10,6884.90,7192.40
2020-03-20,7184.40,7637.50,6897.70,6900.60
2020-03-23,6699.60,7321.60,6623.10,6985.60
2020-03-24,7044.40,7577.20,7034.70,7559.90
2020-03-25,7536.70,7764.60,7377.60,7482.60
2020-03-26,7490.30,7896.70,7313.80,7868.00
2020-03-27,7875.30,7895.70,7555.90,7568.70
2020-03-30,7418.30,7886.40,7413.10,7856.80
2020-03-31,7850.00,7996.80,7749.60,7781.20
2020-04-01,7764.70,7770.40,7408.30,7467.30
2020-04-02,7488.30,7660.50,7380.00,7627.20
2020-04-03,7627.00,7664.40,7428.70,7523.50
2020-04-06,7620.60,8101.30,7599.10,8038.70
2020-04-07,8027.00,8305.70,7950.70,8003.20
2020-04-08,8001.10,8245.90,7957.50,8205.30
2020-04-09,8188.90,8328.90,8106.20,8242.20
2020-04-13,8286.30,8341.70,8078.00,8341.40
2020-04-14,8342.00,8707.20,8322.60,8707.20
2020-04-15,8702.00,8707.20,8491.60,8579.90
2020-04-16,8579.20,8847.80,8505.30,8843.60
2020-04-17,8915.00,8972.20,8696.20,8815.00
2020-04-20,8800.50,8850.00,8694.50,8721.60
2020-04-21,8712.70,8770.40,8350.60,8443.60
2020-04-22,8455.80,8703.30,8409.40,8638.20
2020-04-23,8639.50,8792.10,8588.10,8606.50
2020-04-24,8581.80,8787.00,8505.90,8774.30
2020-04-27,8801.80,8904.60,8738.30,8824.80
2020-04-28,8826.30,8952.70,8661.40,8706.20
2020-04-29,8765.50,9126.00,8741.90,9125.50
2020-04-30,9106.70,9153.00,8866.20,8878.70
2020-05-01,8848.40,8889.30,8681.80,8713.10
2020-05-04,8618.70,8837.60,8567.90,8819.80
2020-05-05,8818.20,9030.10,8809.40,8943.40
2020-05-06,8936.20,9065.20,8886.90,8954.90
2020-05-07,8962.30,9134.70,8939.50,9127.00
2020-05-08,9118.40,9244.10,9110.10,9230.90
2020-05-11,9191.40,9344.90,9124.90,9286.60
2020-05-12,9289.90,9351.10,9047.50,9050.50
2020-05-13,9051.20,9209.40,8885.40,9019.70
2020-05-14,9027.80,9109.30,8853.40,9093.50
2020-05-15,9086.80,9151.90,8930.00,9119.30
2020-05-18,9138.80,9367.10,9114.20,9323.30
2020-05-19,9327.60,9421.80,9289.20,9302.40
2020-05-20,9287.10,9499.60,9275.30,9496.30
2020-05-21,9500.60,9512.30,9355.30,9363.20
2020-05-22,9362.00,9427.50,9246.10,9426.20
2020-05-25,9397.90,9541.80,9396.90,9536.30
2020-05-26,9532.40,9609.10,9378.10,9417.30
2020-05-27,9413.50,9513.00,9178.90,9447.00
2020-05-28,9435.00,9569.80,9325.60,9462.70
2020-05-29,9455.70,9592.70,9376.10,9588.70
2020-06-01,9491.40,9607.30,9452.50,9595.30
2020-06-02,9591.60,9671.70,9506.90,9659.80
2020-06-03,9658.70,9727.40,9636.60,9691.40
2020-06-04,9687.70,9742.00,9572.10,9644.60
2020-06-05,9641.70,9846.10,9603.30,9810.40
2020-06-08,9819.00,9900.60,9747.20,9883.50
2020-06-09,9882.30,10005.00,9811.50,9961.70
2020-06-10,9966.00,10155.90,9958.70,10087.80
2020-06-11,10085.30,10105.70,9584.20,9620.20
2020-06-12,9607.40,9848.10,9495.30,9654.50
2020-06-15,9536.90,9814.00,9381.00,9811.40
2020-06-16,9810.00,10013.60,9798.70,9970.70
2020-06-17,9962.80,10059.20,9927.40,9998.00
2020-06-18,9986.80,10040.20,9878.70,9999.20
2020-06-19,9994.80,10122.80,9926.40,9937.30
2020-06-22,9890.80,10144.30,9854.40,10132.00
2020-06-23,10133.10,10306.60,9983.60,10187.80
2020-06-24,10188.10,10252.30,9938.20,10025.90
2020-06-25,10018.80,10118.40,9896.70,10108.10
2020-06-26,10104.70,10131.90,9835.90,9856.20
2020-06-29,9813.50,10008.50,9741.40,9997.50
2020-06-30,9990.70,10181.80,9951.20,10149.90
2020-07-01,10148.20,10319.20,10086.70,10266.20
2020-07-02,10265.00,10429.80,10256.50,10358.50
2020-07-03,10356.10,10398.50,10318.30,10337.00
2020-07-06,10359.40,10623.40,10350.40,10607.40
2020-07-07,10612.20,10703.40,10515.20,10535.70
2020-07-08,10534.20,10682.10,10514.30,10680.90
2020-07-09,10691.30,10782.20,10569.50,10732.80
2020-07-10,10735.40,10882.50,10635.20,10852.00
2020-07-13,10861.20,11067.90,10573.30,10609.60
2020-07-14,10614.20,10703.10,10369.70,10654.40
2020-07-15,10727.80,10776.20,10561.80,10698.50
2020-07-16,10700.20,10708.10,10485.70,10543.80
2020-07-17,10549.60,10679.20,10534.50,10638.10
2020-07-20,10631.20,10971.40,10557.10,10956.60
2020-07-21,10958.50,11067.20,10795.60,10855.70
2020-07-22,10859.40,10926.90,10773.10,10856.60
2020-07-23,10858.00,10949.00,10526.80,10577.00
2020-07-24,10582.60,10610.10,10314.50,10475.40
2020-07-27,10497.80,10694.50,10414.20,10692.90
2020-07-28,10691.50,10769.00,10525.60,10559.30
2020-07-29,10574.00,10712.10,10524.70,10711.30
2020-07-30,10709.50,10906.50,10514.50,10903.20
2020-07-31,10925.30,10950.50,10704.30,10931.00
2020-08-03,10936.90,11086.30,10889.80,11066.00
2020-08-04,11065.10,11107.60,10996.60,11091.50
2020-08-05,11089.80,11157.60,11069.70,11109.50
2020-08-06,11103.60,11282.80,11063.00,11270.00
2020-08-07,11268.80,11291.50,11044.50,11138.50
2020-08-10,11148.40,11154.90,10937.60,11089.00
2020-08-11,11075.50,11166.60,10853.30,10918.30
2020-08-12,10947.00,11189.90,10886.70,11122.80
2020-08-13,11114.50,11270.90,11100.10,11186.90
2020-08-14,11185.70,11241.70,11100.70,11154.20
2020-08-17,11152.80,11304.70,11152.80,11291.40
2020-08-18,11287.70,11418.90,11273.40,11417.60
2020-08-19,11414.20,11438.70,11301.60,11324.80
2020-08-20,11322.20,11499.90,11225.60,11484.10
2020-08-21,11485.20,11576.90,11411.10,11567.40
2020-08-24,11590.60,11726.10,11532.90,11638.00
2020-08-25,11640.40,11746.30,11580.00,11740.50
2020-08-26,11740.10,12006.30,11731.60,11990.00
2020-08-27,11986.30,12050.00,11839.00,11952.00
2020-08-28,11954.70,12022.40,11925.00,12007.50
2020-08-31,12013.20,12168.10,11993.20,12111.10
2020-09-01,12112.60,12331.90,12096.50,12331.40
2020-09-02,12323.90,12467.60,12176.70,12412.00
2020-09-03,12412.80,12440.70,11659.00,11801.10
2020-09-04,11725.30,11843.90,11142.70,11549.10
2020-09-07,11543.20,11546.60,11308.40,11502.40
2020-09-08,11509.20,11584.90,11042.10,11044.90
2020-09-09,11041.80,11478.70,10936.70,11370.40
2020-09-10,11379.10,11565.80,11088.60,11176.60
2020-09-11,11190.70,11354.70,10937.00,11067.20
2020-09-14,11114.40,11363.30,11104.60,11274.10
2020-09-15,11286.70,11495.50,11247.30,11461.80
2020-09-16,11467.40,11548.40,11239.40,11265.60
2020-09-17,11273.90,11304.00,10920.10,11081.80
2020-09-18,11071.80,11177.30,10757.70,10942.80
2020-09-21,10935.80,11024.90,10672.40,10996.20
2020-09-22,10980.30,11205.90,10913.80,11167.80
2020-09-23,11174.60,11237.00,10801.70,10833.70
2020-09-24,10810.90,11027.00,10676.90,10923.30
2020-09-25,10936.50,11180.50,10829.70,11149.20
2020-09-28,11165.00,11418.20,11155.20,11408.90
2020-09-29,11401.40,11462.50,11304.00,11333.40
2020-09-30,11331.00,11539.30,11181.30,11371.20
2020-10-01,11397.60,11611.30,11392.90,11586.10
2020-10-02,11582.60,11617.30,11220.40,11268.70
2020-10-05,11318.20,11510.30,11282.90,11483.10
2020-10-06,11482.70,11536.60,11211.40,11220.70
2020-10-07,11234.80,11519.90,11222.60,11489.30
2020-10-08,11485.40,11592.40,11484.20,11572.60
2020-10-09,11575.90,11751.90,11566.40,11736.90
2020-10-12,11710.80,12211.90,11707.50,12104.70
2020-10-13,12117.30,12264.10,12034.70,12096.20
2020-10-14,12093.40,12192.00,11918.00,11959.10
2020-10-15,11966.60,11997.50,11753.30,11899.00
2020-10-16,11909.50,12036.50,11807.50,11808.60
2020-10-19,11833.90,11965.20,11607.20,11707.30
2020-10-20,11718.70,11805.90,11612.10,11664.10
2020-10-21,11697.40,11791.90,11598.10,11700.10
2020-10-22,11689.50,11736.40,11524.10,11670.40
2020-10-23,11687.70,11704.90,11564.80,11685.10
2020-10-26,11631.70,11708.60,11356.60,11510.70
2020-10-27,11511.70,11635.50,11491.70,11566.70
2020-10-28,11565.30,11579.40,11137.00,11189.00
2020-10-29,11194.40,11469.30,11157.20,11258.50
2020-10-30,11229.10,11294.70,10959.40,11102.00
2020-11-02,11055.30,11225.40,10956.20,11087.80
2020-11-03,11089.10,11360.40,11079.80,11260.50
2020-11-04,11280.00,11856.70,11243.90,11826.90
2020-11-05,11834.00,12129.50,11783.00,12103.70
2020-11-06,12092.10,12119.90,11879.60,12102.50
2020-11-09,12157.40,12420.30,11825.50,11857.50
2020-11-10,11873.90,11912.80,11515.50,11634.80
2020-11-11,11643.40,11925.30,11587.10,11901.30
2020-11-12,11904.90,11982.20,11783.90,11870.10
2020-11-13,11864.20,11958.30,11808.40,11952.60
2020-11-16,11965.30,12070.00,11862.60,12047.30
2020-11-17,12092.60,12092.60,11961.40,11975.30
2020-11-18,11979.40,12033.00,11869.30,11879.20
2020-11-19,11882.90,12007.20,11812.10,11972.30
2020-11-20,11960.60,12027.60,11881.20,11908.80
2020-11-23,11906.50,12009.30,11816.60,11925.00
2020-11-24,11924.80,12112.20,11878.80,12109.70
2020-11-25,12105.50,12185.60,12086.60,12177.00
2020-11-26,12181.50,12230.50,12135.40,12163.50
2020-11-27,12164.90,12315.50,12145.00,12280.70
2020-11-30,12306.10,12345.80,12096.40,12327.50
2020-12-01,12336.90,12515.80,12316.70,12463.30
2020-12-02,12462.40,12476.20,12319.10,12466.80
2020-12-03,12486.10,12545.00,12448.80,12492.50
2020-12-04,12493.40,12538.90,12452.10,12511.50
2020-12-07,12534.20,12616.40,12479.60,12575.80
2020-12-08,12576.90,12654.90,12507.60,12649.10
2020-12-09,12668.40,12680.50,12311.10,12356.20
2020-12-10,12347.50,12453.00,12222.30,12391.60
2020-12-11,12395.50,12416.60,12237.20,12374.90
2020-12-14,12423.30,12557.30,12395.60,12475.20
2020-12-15,12473.40,12623.20,12429.40,12610.80
2020-12-16,12616.20,12717.30,12585.80,12688.90
2020-12-17,12687.20,12779.30,12684.90,12765.90
2020-12-18,12752.30,12800.90,12621.90,12761.20
2020-12-21,12766.70,12792.60,12474.70,12703.20
2020-12-22,12721.90,12774.40,12608.40,12720.80
2020-12-23,12712.30,12753.20,12638.30,12670.60
2020-12-24,12671.50,12738.90,12645.40,12718.40
2020-12-28,12670.50,12870.70,12670.50,12856.70
2020-12-29,12854.90,12933.20,12823.60,12872.50
2020-12-30,12868.70,12924.00,12835.30,12855.90
2020-12-31,12854.70,12910.00,12804.20,12899.10
2021-01-04,12907.10,12972.80,12535.10,12701.60
2021-01-05,12695.00,12821.10,12624.30,12816.50
2021-01-06,12812.60,12856.40,12502.40,12669.20
2021-01-07,12667.70,12972.00,12658.10,12939.00
2021-01-08,12937.00,13136.30,12932.00,13134.30
2021-01-11,13095.80,13118.30,12885.60,12917.90
2021-01-12,12926.90,12972.70,12781.40,12895.80
2021-01-13,12891.20,13017.10,12833.80,12989.50
2021-01-14,12986.90,13043.20,12895.40,12913.80
2021-01-15,12922.40,12944.50,12758.00,12780.30
2021-01-18,12789.20,12831.30,12741.40,12827.00
2021-01-19,12824.50,13046.50,12823.10,13045.50
2021-01-20,13041.20,13341.80,13032.50,13304.70
2021-01-21,13298.90,13438.30,13297.80,13412.00
2021-01-22,13406.40,13414.70,13315.40,13373.90
2021-01-25,13417.90,13569.20,13203.50,13478.50
2021-01-26,13467.20,13614.60,13394.00,13567.20
2021-01-27,13568.00,13602.10,12899.40,13074.70
2021-01-28,13049.90,13409.40,12921.20,13167.50
2021-01-29,13171.90,13200.10,12844.70,12891.50
2021-02-01,12858.30,13283.70,12739.60,13248.50
2021-02-02,13238.90,13512.70,13238.90,13509.50
2021-02-03,13514.50,13597.20,13399.80,13429.00
2021-02-04,13444.30,13580.10,13357.70,13572.80
2021-02-05,13565.70,13647.60,13528.80,13614.40
2021-02-08,13629.00,13700.80,13605.20,13694.20
2021-02-09,13689.20,13743.50,13639.90,13706.30
2021-02-10,13701.00,13778.00,13525.40,13674.00
2021-02-11,13666.00,13751.10,13620.40,13719.00
2021-02-12,13715.80,13827.80,13654.10,13827.50
2021-02-15,13815.20,13887.00,13815.20,13878.90
2021-02-16,13873.50,13909.10,13724.20,13763.40
2021-02-17,13758.40,13790.30,13547.90,13703.80
2021-02-18,13700.90,13727.00,13472.60,13644.80
2021-02-19,13639.60,13733.60,13538.90,13578.30
2021-02-22,13601.90,13633.50,13218.00,13225.50
2021-02-23,13228.50,13340.30,12763.30,13163.60
2021-02-24,13171.80,13337.20,12963.40,13316.00
2021-02-25,13304.30,13358.40,12770.10,12796.90
2021-02-26,12796.50,13095.50,12668.90,12904.40
2021-03-01,12979.10,13321.70,12952.20,13317.50
2021-03-02,13315.50,13333.10,13054.50,13060.00
2021-03-03,13062.60,13196.00,12668.60,12687.10
2021-03-04,12684.80,12799.60,12311.40,12435.70
2021-03-05,12438.20,12701.00,12210.10,12656.20
2021-03-08,12725.40,12764.30,12288.80,12338.20
2021-03-09,12340.40,12872.30,12331.50,12793.60
2021-03-10,12813.90,12997.60,12709.60,12792.50
2021-03-11,12794.80,13123.00,12727.20,13051.30
2021-03-12,13053.20,13100.60,12775.40,12941.90
2021-03-15,12963.20,13105.80,12879.60,13090.30
2021-03-16,13090.30,13304.40,13063.30,13172.20
2021-03-17,13172.30,13287.50,12950.90,13187.70
2021-03-18,13195.10,13283.20,12779.20,12807.00
2021-03-19,12818.20,12913.30,12699.10,12846.10
2021-03-22,12826.40,13173.30,12806.30,13080.30
2021-03-23,13083.90,13188.30,12995.80,13047.10
2021-03-24,13065.30,13160.90,12800.20,12813.50
2021-03-25,12811.90,12875.60,12627.50,12807.60
2021-03-26,12806.00,13003.20,12692.00,12977.20
2021-03-29,12987.80,13017.80,12821.70,12981.20
2021-03-30,12984.90,12999.30,12792.70,12908.30
2021-03-31,12902.70,13173.80,12869.60,13105.80
2021-04-01,13108.90,13349.00,13108.90,13344.60
2021-04-02,13348.20,13407.00,13342.10,13370.40
2021-04-05,13350.20,13630.10,13320.40,13615.90
2021-04-06,13615.50,13668.10,13539.30,13598.80
2021-04-07,13596.70,13655.70,13528.00,13636.60
2021-04-08,13635.20,13804.30,13630.30,13803.30
2021-04-09,13801.60,13855.20,13663.70,13826.00
2021-04-12,13831.20,13846.60,13747.20,13838.70
2021-04-13,13841.30,14008.70,13788.10,13989.40
2021-04-14,13991.00,14042.70,13784.70,13838.80
2021-04-15,13838.40,14045.10,13800.80,14009.80
2021-04-16,14007.40,14070.30,13965.30,14036.60
2021-04-19,13993.00,14063.40,13832.60,13904.70
2021-04-20,13909.40,13945.00,13730.40,13746.30
2021-04-21,13754.90,13937.40,13712.30,13902.90
2021-04-22,13904.00,13954.90,13712.70,13773.60
2021-04-23,13766.10,13992.00,13749.70,13917.00
2021-04-26,13927.40,14048.30,13877.10,14032.80
2021-04-27,14034.70,14060.60,13924.40,13962.30
2021-04-28,13966.30,14003.90,13889.70,13980.20
2021-04-29,13978.70,14074.90,13828.30,13955.90
2021-04-30,13955.70,13966.70,13830.00,13881.90
2021-05-03,13881.50,13957.40,13782.00,13795.60
2021-05-04,13796.00,13802.20,13390.90,13531.10
2021-05-05,13536.10,13675.60,13473.60,13494.70
2021-05-06,13495.30,13620.80,13399.90,13614.10
2021-05-07,13625.50,13821.10,13595.10,13727.60
2021-05-10,13721.00,13758.40,13314.60,13319.90
2021-05-11,13328.40,13384.40,13076.30,13325.40
2021-05-12,13330.10,13360.30,12969.70,12973.60
2021-05-13,12984.40,13234.60,12923.90,13100.10
2021-05-14,13104.70,13435.90,13079.20,13409.10
2021-05-17,13391.50,13455.60,13190.20,13321.10
2021-05-18,13315.80,13440.00,13186.20,13194.50
2021-05-19,13195.20,13246.60,12958.10,13223.30
2021-05-20,13220.30,13526.70,13153.30,13492.20
2021-05-21,13494.20,13573.60,13400.40,13417.60
2021-05-24,13388.90,13690.10,13361.80,13655.10
2021-05-25,13658.20,13742.60,13610.90,13673.30
2021-05-26,13670.50,13732.10,13660.40,13707.60
2021-05-27,13701.50,13723.60,13624.00,13696.10
2021-05-28,13694.50,13766.40,13665.90,13692.60
2021-05-31,13699.50,13722.60,13655.30,13659.90
2021-06-01,13661.70,13775.90,13596.40,13651.10
2021-06-02,13648.60,13714.50,13605.40,13680.50
2021-06-03,13686.10,13707.50,13464.50,13532.70
2021-06-04,13533.00,13784.30,13469.80,13763.30
2021-06-07,13778.70,13823.80,13692.60,13822.80
2021-06-08,13821.90,13917.00,13743.30,13813.10
2021-06-09,13813.30,13904.40,13805.00,13812.00
2021-06-10,13816.90,13976.30,13727.30,13972.30
2021-06-11,13976.40,13998.10,13932.70,13990.70
2021-06-14,13999.00,14132.70,13964.90,14116.40
2021-06-15,14119.90,14161.50,14007.50,14043.50
2021-06-16,14041.60,14102.00,13836.60,13938.30
2021-06-17,13943.10,14206.80,13850.80,14184.00
2021-06-18,14186.10,14212.20,14018.50,14025.00
2021-06-21,14024.60,14150.50,13965.30,14142.80
2021-06-22,14144.30,14285.00,14073.20,14275.70
2021-06-23,14278.30,14321.20,14238.10,14280.00
2021-06-24,14281.80,14428.00,14276.60,14365.00
2021-06-25,14365.20,14400.50,14319.50,14336.80
2021-06-28,14348.00,14525.20,14339.90,14509.20
2021-06-29,14506.60,14590.00,14474.40,14587.50
2021-06-30,14590.60,14603.80,14524.00,14561.30
2021-07-01,14561.40,14609.80,14476.70,14545.30
2021-07-02,14540.80,14732.70,14517.40,14704.70
2021-07-05,14707.50,14725.70,14679.10,14697.20
2021-07-06,14698.30,14792.50,14628.00,14765.10
2021-07-07,14765.80,14886.40,14729.80,14813.40
2021-07-08,14814.50,14824.40,14543.90,14716.50
2021-07-09,14715.10,14834.90,14644.00,14815.70
2021-07-12,14839.00,14891.30,14788.20,14878.30
2021-07-13,14880.50,14997.40,14797.70,14868.70
2021-07-14,14868.80,14999.00,14844.50,14898.70
2021-07-15,14898.60,14965.70,14711.70,14778.50
2021-07-16,14780.90,14872.80,14661.10,14672.80
2021-07-19,14676.90,14685.80,14449.50,14601.00
2021-07-20,14599.90,14792.60,14521.00,14732.00
2021-07-21,14733.60,14849.80,14673.40,14848.30
2021-07-22,14840.40,14988.50,14832.30,14983.50
2021-07-23,14985.90,15128.40,14939.50,15100.80
2021-07-26,15101.80,15139.80,15044.90,15129.90
2021-07-27,15127.90,15137.50,14780.60,14889.00
2021-07-28,14877.40,15084.70,14874.10,14993.50
2021-07-29,14990.00,15094.10,14911.40,14918.60
2021-07-30,14909.10,14988.50,14817.50,14972.20
2021-08-02,14979.10,15063.80,14940.80,14970.00
2021-08-03,14968.60,15061.40,14858.20,15044.40
2021-08-04,15047.90,15120.90,15008.30,15091.90
2021-08-05,15088.60,15185.50,15080.30,15185.10
2021-08-06,15174.20,15177.30,15056.70,15099.10
2021-08-09,15097.60,15157.10,15010.50,15139.00
2021-08-10,15137.50,15169.40,15006.80,15058.50
2021-08-11,15055.50,15129.50,14973.70,15018.20
2021-08-12,15015.00,15100.70,14952.40,15089.80
2021-08-13,15087.40,15154.30,15065.60,15135.80
2021-08-16,15124.20,15150.10,14926.70,15144.90
2021-08-17,15141.70,15143.10,14906.40,14979.50
2021-08-18,14974.60,15043.50,14813.00,14844.90
2021-08-19,14844.90,15012.10,14716.60,14949.90
2021-08-20,14948.20,15110.70,14860.80,15105.60
2021-08-23,15100.50,15351.30,15098.50,15342.30
2021-08-24,15337.80,15397.60,15320.90,15375.00
2021-08-25,15371.50,15408.80,15345.30,15379.00
2021-08-26,15378.80,15379.00,15267.40,15297.80
2021-08-27,15293.80,15459.70,15277.20,15435.00
2021-08-30,15444.40,15632.90,15432.10,15618.80
2021-08-31,15615.40,15688.50,15527.90,15613.40
2021-09-01,15610.40,15711.80,15589.30,15621.90
2021-09-02,15619.20,15692.80,15562.80,15613.20
2021-09-03,15612.10,15687.30,15566.10,15666.20
2021-09-06,15669.10,15722.50,15655.70,15716.30
2021-09-07,15711.60,15716.20,15618.80,15684.80
2021-09-08,15684.30,15704.50,15535.30,15620.10
2021-09-09,15622.90,15692.10,15556.70,15574.40
2021-09-10,15574.20,15682.80,15446.50,15462.60
2021-09-13,15461.20,15580.50,15366.10,15467.00
2021-09-14,15466.80,15544.70,15366.30,15410.40
2021-09-15,15409.40,15535.80,15329.10,15528.40
2021-09-16,15527.50,15553.30,15380.00,15517.10
2021-09-17,15515.70,15549.40,15297.60,15309.10
2021-09-20,15309.60,15359.10,14828.80,15012.20
2021-09-21,15013.00,15182.90,14983.40,15012.00
2021-09-22,15010.10,15246.30,14951.00,15199.40
2021-09-23,15199.60,15370.30,15195.80,15315.90
2021-09-24,15317.00,15357.60,15192.90,15338.60
2021-09-27,15339.10,15418.30,15101.40,15190.70
2021-09-28,15192.80,15209.70,14757.60,14783.70
2021-09-29,14786.40,14945.40,14725.90,14780.60
2021-09-30,14790.00,14899.00,14685.60,14706.70
2021-10-01,14715.70,14834.40,14553.10,14789.80
2021-10-04,14797.60,14849.90,14382.00,14502.10
2021-10-05,14500.80,14767.40,14423.70,14674.30
2021-10-06,14672.00,14784.20,14436.00,14780.80
2021-10-07,14781.80,15014.60,14781.30,14903.60
2021-10-08,14903.50,15009.70,14803.60,14822.50
2021-10-11,14825.90,14911.90,14691.50,14698.80
2021-10-12,14704.90,14797.00,14600.30,14612.90
2021-10-13,14607.40,14807.50,14605.40,14779.80
2021-10-14,14779.80,15083.50,14779.30,15076.80
2021-10-15,15072.10,15154.20,15033.10,15151.00
2021-10-18,15165.90,15309.00,15052.60,15298.40
2021-10-19,15302.90,15440.80,15283.10,15424.10
2021-10-20,15422.80,15459.30,15332.50,15367.90
2021-10-21,15369.70,15497.50,15314.00,15395.20
2021-10-22,15393.70,15475.50,15286.70,15336.40
2021-10-25,15337.10,15558.60,15309.50,15555.40
2021-10-26,15548.90,15714.20,15516.30,15539.40
2021-10-27,15544.70,15731.20,15520.50,15607.20
2021-10-28,15609.20,15788.80,15603.80,15679.40
2021-10-29,15690.50,15872.40,15609.10,15870.90
2021-11-01,15904.10,15926.20,15780.70,15899.20
2021-11-02,15900.40,15990.60,15860.30,15968.90
2021-11-03,15965.30,16158.40,15946.60,16144.90
2021-11-04,16140.40,16389.30,16139.70,16349.90
2021-11-05,16329.60,16459.90,16297.70,16357.40
2021-11-08,16289.10,16409.50,16278.80,16334.80
2021-11-09,16325.70,16405.40,16170.70,16210.90
2021-11-10,16211.40,16258.60,15913.90,16001.10
2021-11-11,16004.20,16131.60,15992.10,16051.00
2021-11-12,16051.90,16228.30,16012.00,16214.00
2021-11-15,16227.80,16291.60,16091.90,16208.30
2021-11-16,16206.50,16335.60,16155.20,16305.50
2021-11-17,16305.60,16409.60,16279.40,16331.10
2021-11-18,16333.90,16516.80,16313.30,16512.90
2021-11-19,16506.90,16637.60,16499.30,16595.00
2021-11-22,16614.90,16780.40,16375.40,16412.50
2021-11-23,16408.70,16434.80,16125.90,16311.70
2021-11-24,16315.00,16385.30,16113.20,16367.50
2021-11-25,16371.80,16449.00,16365.40,16417.00
2021-11-26,16417.50,16425.90,16000.40,16066.20
2021-11-29,16061.80,16450.50,16060.00,16426.80
2021-11-30,16429.60,16468.70,16081.60,16250.30
2021-12-01,16254.40,16436.60,15838.90,15870.70
2021-12-02,15911.10,16076.00,15773.50,16024.90
2021-12-03,16027.90,16130.80,15548.10,15693.80
2021-12-06,15736.40,15907.00,15569.00,15858.90
2021-12-07,15856.90,16388.20,15835.50,16379.50
2021-12-08,16382.80,16450.50,16268.00,16393.60
2021-12-09,16393.00,16433.80,16139.00,16174.40
2021-12-10,16172.20,16354.40,16151.90,16336.60
2021-12-13,16344.80,16429.50,16080.70,16111.30
2021-12-14,16102.60,16149.50,15749.90,15944.40
2021-12-15,15940.00,16314.90,15755.90,16301.00
2021-12-16,16307.10,16472.40,15807.60,15894.80
2021-12-17,15883.30,15971.20,15666.20,15840.40
2021-12-20,15821.30,15866.50,15507.70,15688.60
2021-12-21,15696.40,16000.90,15620.90,15987.70
2021-12-22,15987.20,16197.30,15895.40,16193.60
2021-12-23,16194.90,16370.80,16160.00,16317.60
2021-12-27,16350.30,16595.20,16319.00,16585.30
2021-12-28,16584.30,16672.00,16468.00,16526.30
2021-12-29,16534.90,16578.80,16402.10,16494.40
2021-12-30,16497.80,16581.80,16428.10,16447.80
2021-12-31,16451.00,16480.00,16329.40,16352.10
2022-01-03,16412.10,16523.20,16307.70,16509.80
2022-01-04,16513.40,16576.50,16151.00,16271.90
2022-01-05,16272.30,16279.40,15763.30,15763.80
2022-01-06,15774.70,15910.10,15607.90,15803.20
2022-01-07,15817.30,15863.70,15523.00,15587.00
2022-01-10,15606.70,15681.60,15164.70,15628.70
2022-01-11,15631.70,15851.60,15488.30,15836.90
2022-01-12,15840.90,16021.10,15775.10,15907.90
2022-01-13,15907.70,15991.30,15472.70,15512.70
2022-01-14,15522.90,15628.80,15325.60,15627.10
2022-01-17,15664.60,15664.60,15520.80,15566.80
2022-01-18,15589.30,15616.00,15183.80,15252.10
2022-01-19,15256.80,15384.20,15024.70,15048.10
2022-01-20,15054.40,15353.30,14660.30,14734.90
2022-01-21,14731.60,14871.60,14422.10,14432.30
2022-01-24,14422.10,14594.50,13720.60,14531.20
2022-01-25,14497.40,14512.60,13904.30,13936.90
2022-01-26,13965.90,14652.30,13965.90,14163.90
2022-01-27,14220.50,14422.20,13858.00,14123.00
2022-01-28,14185.00,14451.50,13841.20,14440.40
2022-01-31,14475.00,14927.80,14363.70,14877.40
2022-02-01,14880.50,15150.40,14742.40,15126.50
2022-02-02,15141.70,15271.80,14843.10,14877.10
2022-02-03,14854.60,14886.70,14471.30,14816.20
2022-02-04,14776.70,14835.30,14372.30,14653.50
2022-02-07,14706.10,14818.60,14525.10,14613.20
2022-02-08,14615.50,14785.60,14480.40,14757.30
2022-02-09,14760.10,15081.60,14755.50,15067.10
2022-02-10,15069.80,15070.40,14634.80,14707.00
2022-02-11,14710.80,14776.90,14198.80,14278.80
2022-02-14,14262.50,14406.70,14044.00,14271.50
2022-02-15,14271.00,14623.70,14236.10,14592.50
2022-02-16,14593.50,14674.90,14389.90,14599.70
2022-02-17,14598.00,14625.90,14142.10,14161.70
2022-02-18,14160.00,14305.00,13912.70,14007.40
2022-02-21,13924.30,14163.10,13740.20,13740.40
2022-02-22,13619.70,14114.50,13599.50,13927.30
2022-02-23,13930.80,14074.70,13478.20,13490.10
2022-02-24,13487.40,13987.00,13030.70,13916.50
2022-02-25,13915.50,14200.90,13765.70,14198.50
2022-02-28,13757.70,14295.90,13690.70,14223.30
2022-03-01,14222.40,14331.30,13905.60,14029.50
2022-03-02,14028.90,14293.10,13915.90,14199.90
2022-03-03,14193.40,14393.50,13959.50,14062.10
2022-03-04,14070.50,14089.10,13736.70,13801.70
2022-03-07,13755.00,13881.20,13267.30,13272.50
2022-03-08,13272.30,13668.20,13105.30,13203.20
2022-03-09,13199.10,13823.70,13198.10,13776.30
2022-03-10,13771.10,13777.20,13395.70,13570.40
2022-03-11,13569.50,13865.10,13279.20,13313.80
2022-03-14,13364.60,13445.40,13016.40,13081.70
2022-03-15,13080.40,13491.80,12948.20,13447.60
2022-03-16,13454.00,14031.70,13422.30,14003.30
2022-03-17,13998.20,14138.60,13824.80,14058.20
2022-03-18,14065.20,14445.80,13972.70,14437.90
2022-03-21,14417.10,14470.70,14189.90,14398.20
2022-03-22,14391.80,14695.80,14300.40,14659.90
2022-03-23,14655.20,14688.90,14447.80,14468.80
2022-03-24,14466.80,14776.40,14439.70,14768.50
2022-03-25,14770.00,14845.40,14578.70,14755.90
2022-03-28,14759.50,15001.70,14666.60,14987.30
2022-03-29,14986.60,15274.90,14962.80,15229.20
2022-03-30,15230.20,15267.80,15018.20,15113.10
2022-03-31,15109.20,15184.60,14861.30,14922.70
2022-04-01,14917.90,14964.90,14729.30,14844.50
2022-04-04,14850.50,15180.60,14806.90,15163.70
2022-04-05,15158.50,15200.20,14781.90,14861.80
2022-04-06,14860.80,14860.80,14396.50,14494.60
2022-04-07,14497.10,14633.50,14319.10,14535.80
2022-04-08,14536.60,14643.00,14311.30,14332.60
2022-04-11,14369.30,14374.70,13987.80,14006.10
2022-04-12,14012.20,14287.20,13884.30,13956.60
2022-04-13,13959.60,14267.60,13925.00,14212.90
2022-04-14,14214.10,14297.40,13880.10,13893.60
2022-04-18,13889.60,14006.70,13735.30,13968.50
2022-04-19,13972.50,14244.20,13831.20,14097.40
2022-04-20,14089.00,14300.30,13961.80,14074.50
2022-04-21,14074.20,14287.70,13672.30,13719.10
2022-04-22,13717.20,13783.50,13301.30,13322.90
2022-04-25,13345.80,13554.30,13188.40,13532.90
2022-04-26,13533.70,13588.20,12809.00,12818.20
2022-04-27,12906.20,13261.90,12883.70,13172.70
2022-04-28,13196.70,13548.30,13040.00,13316.70
2022-04-29,13193.40,13437.90,12839.30,12893.70
2022-05-02,12916.70,13091.40,12716.90,13057.70
2022-05-03,13060.20,13189.80,12975.80,13125.90
2022-05-04,13122.00,13562.30,12888.90,13503.70
2022-05-05,13522.00,13554.40,12710.20,12899.30
2022-05-06,12886.30,12931.50,12522.10,12675.20
2022-05-09,12579.00,12640.50,12140.40,12208.30
2022-05-10,12219.80,12551.70,12107.10,12332.80
2022-05-11,12331.60,12558.50,11943.00,12013.30
2022-05-12,11999.70,12133.60,11696.10,11876.30
2022-05-13,11906.80,12435.40,11905.30,12365.10
2022-05-16,12413.90,12501.40,12193.30,12239.50
2022-05-17,12239.20,12579.70,12238.40,12576.60
2022-05-18,12576.50,12593.70,11868.60,11899.60
2022-05-19,11904.30,12074.90,11703.50,11902.40
2022-05-20,11897.40,12095.50,11492.50,11833.80
2022-05-23,11873.90,12074.20,11787.20,12053.70
2022-05-24,11887.60,11896.50,11571.30,11810.10
2022-05-25,11812.90,12034.10,11674.70,11887.20
2022-05-26,11896.90,12344.70,11849.00,12259.30
2022-05-27,12252.30,12726.90,12222.20,12720.40
2022-05-30,12720.90,12884.50,12673.10,12810.30
2022-05-31,12756.30,12827.70,12476.40,12656.80
2022-06-01,12667.70,12823.10,12453.50,12549.00
2022-06-02,12548.60,12905.90,12439.20,12899.60
2022-06-03,12896.30,12945.50,12501.40,12555.50
2022-06-06,12558.90,12812.20,12516.80,12607.10
2022-06-07,12604.80,12741.60,12411.50,12682.10
2022-06-08,12682.30,12786.10,12577.20,12624.80
2022-06-09,12618.90,12728.10,12256.70,12301.20
2022-06-10,12303.60,12341.00,11826.50,11858.10
2022-06-13,11702.40,11727.60,11257.10,11335.80
2022-06-14,11344.40,11508.30,11209.60,11334.10
2022-06-15,11335.30,11766.00,11333.30,11596.20
2022-06-16,11634.50,11745.70,11040.00,11177.30
2022-06-17,11178.60,11375.60,11092.80,11279.00
2022-06-20,11299.00,11410.90,11247.70,11391.50
2022-06-21,11399.30,11650.60,11371.20,11558.20
2022-06-22,11549.80,11722.50,11295.70,11517.20
2022-06-23,11519.10,11737.10,11435.30,11663.60
2022-06-24,11669.90,12123.00,11661.80,12087.10
2022-06-27,12108.20,12236.40,11969.10,12047.70
2022-06-28,12051.70,12149.30,11636.60,11658.40
2022-06-29,11652.50,11723.10,11539.20,11666.00
2022-06-30,11666.80,11671.20,11326.50,11485.50
2022-07-01,11481.90,11603.30,11357.60,11589.50
2022-07-04,11593.90,11593.90,11482.90,11534.10
2022-07-05,11540.20,11793.10,11366.70,11788.00
2022-07-06,11797.60,11950.70,11705.60,11882.30
2022-07-07,11879.00,12147.10,11816.40,12098.50
2022-07-08,12089.10,12193.00,11931.70,12138.00
2022-07-11,12119.20,12123.70,11835.10,11880.00
2022-07-12,11880.20,12007.90,11695.00,11760.40
2022-07-13,11768.40,11949.60,11467.80,11714.30
2022-07-14,11710.30,11811.70,11491.60,11784.20
2022-07-15,11789.20,11998.90,11717.50,11994.60
2022-07-18,12048.70,12165.70,11837.70,11895.70
2022-07-19,11889.70,12309.00,11869.80,12298.90
2022-07-20,12316.60,12499.40,12216.10,12408.90
2022-07-21,12421.90,12633.80,12355.40,12552.40
2022-07-22,12542.30,12679.00,12325.60,12409.50
2022-07-25,12437.20,12482.10,12250.40,12308.70
2022-07-26,12295.10,12317.50,12055.60,12180.40
2022-07-27,12180.10,12672.80,12179.10,12563.60
2022-07-28,12560.60,12940.90,12434.50,12904.70
2022-07-29,12883.40,12989.30,12724.80,12954.30
2022-08-01,12957.40,13091.00,12834.40,12963.20
2022-08-02,12953.60,13080.60,12798.30,12902.10
2022-08-03,12910.40,13293.90,12851.30,13229.90
2022-08-04,13228.50,13338.10,13167.20,13310.00
2022-08-05,13304.40,13365.30,13067.30,13197.10
2022-08-08,13250.50,13402.20,13103.10,13196.30
2022-08-09,13183.70,13216.60,12946.10,13039.20
2022-08-10,13033.10,13391.30,12966.30,13363.60
2022-08-11,13362.50,13557.20,13269.20,13328.90
2022-08-12,13326.80,13566.80,13294.80,13561.40
2022-08-15,13542.00,13689.70,13480.40,13661.70
2022-08-16,13659.70,13725.70,13507.30,13647.40
2022-08-17,13636.90,13653.30,13388.10,13491.70
2022-08-18,13480.70,13557.60,13392.80,13521.40
2022-08-19,13516.50,13517.10,13211.70,13231.20
2022-08-22,13182.70,13207.30,12859.90,12918.20
2022-08-23,12920.70,13004.40,12808.40,12874.00
2022-08-24,12872.50,12998.00,12812.60,12942.70
2022-08-25,12932.30,13148.30,12912.20,13131.30
2022-08-26,13150.20,13207.30,12546.20,12546.20
2022-08-29,12454.80,12599.20,12392.90,12494.20
2022-08-30,12494.30,12647.40,12239.70,12351.60
2022-08-31,12359.30,12504.70,12268.70,12298.00
2022-09-01,12277.90,12292.10,12009.80,12283.70
2022-09-02,12288.90,12454.40,12033.10,12120.90
2022-09-05,12122.10,12162.30,12050.50,12128.10
2022-09-06,12133.20,12241.00,11927.40,12017.20
2022-09-07,12012.90,12304.60,11920.30,12260.90
2022-09-08,12266.30,12378.30,12115.70,12344.40
2022-09-09,12343.00,12612.10,12328.10,12590.80
2022-09-12,12651.20,12781.60,12572.80,12778.90
2022-09-13,12784.70,12880.40,12009.60,12054.70
2022-09-14,12058.90,12181.40,12009.10,12174.40
2022-09-15,12168.20,12193.60,11863.90,11900.70
2022-09-16,11879.50,11879.50,11706.80,11873.90
2022-09-19,11849.80,11993.30,11723.70,11973.40
2022-09-20,11973.40,12019.10,11757.20,11877.70
2022-09-21,11872.20,12065.60,11577.40,11595.70
2022-09-22,11592.10,11726.10,11440.30,11496.90
2022-09-23,11509.90,11531.80,11161.90,11319.80
2022-09-26,11307.90,11473.30,11191.40,11250.00
2022-09-27,11254.00,11505.50,11171.40,11291.70
2022-09-28,11295.70,11551.60,11080.60,11478.90
2022-09-29,11486.60,11504.50,11032.30,11172.30
2022-09-30,11162.70,11296.40,10965.10,10995.30
2022-10-03,10959.30,11301.80,10836.20,11253.80
2022-10-04,11256.00,11616.70,11225.20,11586.00
2022-10-05,11585.10,11652.10,11311.00,11571.10
2022-10-06,11569.10,11672.00,11446.20,11449.50
2022-10-07,11427.90,11507.30,10985.70,11039.00
2022-10-10,10988.20,11082.40,10824.10,10943.20
2022-10-11,10934.00,10982.10,10717.30,10831.10
2022-10-12,10821.30,10927.90,10757.50,10806.00
2022-10-13,10810.30,11096.70,10439.30,11017.60
2022-10-14,11025.60,11205.50,10679.90,10700.10
2022-10-17,10695.80,11101.00,10688.30,11089.00
2022-10-18,11117.90,11386.80,11035.50,11277.90
2022-10-19,11285.80,11336.40,11006.30,11108.90
2022-10-20,11092.60,11287.20,10966.80,11018.60
2022-10-21,11019.80,11346.30,10897.90,11338.40
2022-10-24,11377.90,11494.00,11175.80,11425.20
2022-10-25,11423.40,11698.10,11396.20,11550.20
2022-10-26,11473.30,11669.00,11380.40,11440.00
2022-10-27,11385.40,11502.50,10882.90,11054.40
2022-10-28,11099.50,11585.10,11025.60,11582.10
2022-10-31,11545.60,11551.90,11332.70,11420.30
2022-11-01,11424.70,11587.10,11258.70,11288.20
2022-11-02,11293.10,11426.20,10877.00,10910.80
2022-11-03,10902.30,10965.70,10678.20,10700.30
2022-11-04,10673.40,10943.60,10604.40,10843.90
2022-11-07,10733.00,11013.40,10732.80,10989.80
2022-11-08,10988.00,11206.60,10904.30,11063.60
2022-11-09,11068.80,11138.00,10796.70,10817.60
2022-11-10,10818.80,11651.80,10800.10,11651.80
2022-11-11,11644.30,11850.40,11543.60,11809.30
2022-11-14,11755.70,11874.30,11676.80,11744.70
2022-11-15,11745.30,12095.40,11738.90,11871.20
2022-11-16,11857.50,11937.30,11680.30,11746.80
2022-11-17,11752.00,11801.90,11501.90,11721.70
2022-11-18,11724.60,11821.90,11583.10,11686.50
2022-11-21,11708.30,11735.50,11533.70,11568.60
2022-11-22,11567.30,11738.50,11506.70,11720.80
2022-11-23,11727.10,11876.10,11702.00,11856.90
2022-11-24,11859.30,11919.00,11857.70,11900.50
2022-11-25,11898.00,11907.40,11748.00,11766.90
2022-11-28,11712.90,11772.30,11560.20,11608.90
2022-11-29,11607.80,11692.20,11452.80,11508.60
2022-11-30,11503.40,12064.30,11486.10,12060.90
2022-12-01,12065.20,12127.40,11931.10,12025.40
2022-12-02,12027.80,12054.60,11725.60,11968.70
2022-12-05,12004.40,12004.90,11732.90,11803.40
2022-12-06,11798.40,11838.80,11495.70,11560.40
2022-12-07,11560.90,11590.80,11418.60,11493.20
2022-12-08,11501.40,11676.80,11429.90,11632.60
2022-12-09,11637.20,11733.80,11515.30,11552.60
2022-12-12,11558.80,11722.50,11524.90,11703.00
2022-12-13,11707.80,12221.00,11686.90,11839.20
2022-12-14,11839.20,11958.30,11618.80,11775.20
2022-12-15,11765.00,11784.70,11290.50,11337.30
2022-12-16,11337.80,11379.50,11164.30,11208.70
2022-12-19,11217.20,11301.10,11022.10,11075.70
2022-12-20,11075.80,11141.20,10934.90,11088.50
2022-12-21,11100.50,11284.40,11075.00,11249.00
2022-12-22,11253.10,11280.30,10767.40,10943.60
2022-12-23,10960.90,11042.10,10818.60,10973.80
2022-12-27,11027.80,11089.20,10803.20,10820.60
2022-12-28,10821.10,10904.50,10670.10,10697.70
2022-12-29,10705.70,10982.90,10693.60,10941.40
2022-12-30,10944.70,10965.80,10769.00,10953.80
2023-01-03,11034.50,11100.20,10763.40,10861.10
2023-01-04,10852.20,10986.10,10782.20,10900.70
2023-01-05,10914.00,10966.60,10726.20,10756.80
2023-01-06,10762.00,11084.10,10673.50,11025.30
2023-01-09,11057.10,11306.50,11043.50,11104.40
2023-01-10,11107.60,11212.80,11012.50,11204.40
2023-01-11,11208.10,11404.10,11165.20,11400.30
2023-01-12,11402.10,11506.10,11217.90,11448.40
2023-01-13,11451.90,11546.80,11318.10,11532.80
2023-01-16,11545.40,11570.90,11442.30,11497.40
2023-01-17,11505.00,11618.00,11463.00,11555.80
2023-01-18,11551.00,11692.70,11401.80,11417.50
2023-01-19,11403.10,11422.80,11246.60,11331.40
2023-01-20,11340.20,11624.10,11303.40,11611.80
2023-01-23,11626.70,11923.00,11588.90,11875.40
2023-01-24,11876.40,11951.50,11777.80,11912.90
2023-01-25,11917.00,11917.00,11541.90,11819.00
2023-01-26,11815.10,12055.70,11812.50,12003.30
2023-01-27,11993.10,12252.20,11962.70,12167.00
2023-01-30,12151.40,12200.30,11909.60,11937.90
2023-01-31,11935.50,12101.00,11821.40,12069.00
2023-02-01,12067.70,12475.30,12007.30,12456.90
2023-02-02,12483.00,12900.30,12454.20,12627.80
2023-02-03,12702.90,12831.50,12508.50,12571.30
2023-02-06,12533.10,12567.00,12416.40,12470.60
2023-02-07,12477.40,12776.60,12419.00,12700.40
2023-02-08,12712.60,12768.20,12474.50,12519.80
2023-02-09,12513.30,12687.20,12327.80,12409.80
2023-02-10,12401.30,12411.00,12203.10,12301.20
2023-02-13,12327.10,12532.50,12230.20,12508.00
2023-02-14,12510.80,12648.40,12354.20,12581.20
2023-02-15,12582.60,12718.50,12489.10,12710.10
2023-02-16,12701.90,12756.30,12421.80,12431.40
2023-02-17,12428.60,12429.90,12232.60,12351.50
2023-02-20,12340.80,12391.10,12319.90,12340.50
2023-02-21,12338.30,12352.70,12065.50,12083.30
2023-02-22,12081.90,12161.00,12007.00,12137.60
2023-02-23,12149.40,12236.10,11999.80,12164.70
2023-02-24,12164.00,12186.60,11896.30,11974.60
2023-02-27,11976.00,12170.20,11968.40,12072.20
2023-02-28,12073.80,12153.30,11999.80,12019.70
2023-03-01,12016.40,12123.00,11906.50,11966.90
2023-03-02,11947.10,12074.40,11814.00,12030.60
2023-03-03,12025.70,12308.30,11993.20,12305.80
2023-03-06,12296.10,12472.50,12262.50,12308.40
2023-03-07,12307.60,12370.00,12135.00,12166.60
2023-03-08,12166.40,12248.40,12104.10,12229.90
2023-03-09,12228.00,12346.90,11975.60,12005.90
2023-03-10,11998.50,12110.90,11790.80,11858.90
2023-03-13,11914.10,12091.10,11682.70,11944.10
2023-03-14,11941.20,12223.90,11900.20,12203.50
2023-03-15,12197.40,12283.00,11964.80,12267.80
2023-03-16,12268.50,12602.30,12187.90,12582.90
2023-03-17,12572.30,12681.70,12439.30,12515.30
2023-03-20,12597.00,12623.20,12399.60,12573.70
2023-03-21,12572.50,12770.50,12550.20,12748.20
2023-03-22,12742.40,12956.10,12550.30,12574.70
2023-03-23,12573.00,12905.70,12572.30,12747.20
2023-03-24,12754.50,12799.90,12605.20,12795.90
2023-03-27,12796.60,12855.00,12647.00,12695.10
2023-03-28,12691.00,12716.10,12517.80,12632.70
2023-03-29,12636.10,12875.40,12628.80,12844.40
2023-03-30,12847.40,12995.70,12816.60,12973.50
2023-03-31,12967.30,13194.30,12944.80,13192.80
2023-04-03,13157.30,13167.40,13044.00,13150.70
2023-04-04,13141.20,13236.60,13059.00,13121.30
2023-04-05,13123.20,13140.50,12895.30,12962.90
2023-04-06,12953.80,13079.70,12849.20,13053.90
2023-04-07,13045.10,13082.50,13015.40,13073.90
2023-04-10,13072.90,13098.30,12866.10,13061.20
2023-04-11,13058.50,13106.40,12952.10,12981.20
2023-04-12,12977.20,13143.10,12842.30,12860.20
2023-04-13,12861.90,13124.40,12831.90,13076.70
2023-04-14,13078.20,13155.90,12956.70,13105.70
2023-04-17,13122.20,13128.90,12988.30,13090.20
2023-04-18,13091.20,13209.50,13049.40,13099.70
2023-04-19,13088.80,13142.20,12980.10,13081.60
2023-04-20,13077.90,13114.90,12935.60,13006.30
2023-04-21,13005.60,13033.90,12897.00,12992.00
2023-04-24,12988.30,13052.60,12887.40,12968.30
2023-04-25,12967.20,12980.60,12723.30,12834.90
2023-04-26,12866.90,12941.20,12788.50,12883.50
2023-04-27,12887.40,13257.10,12861.60,13186.90
2023-04-28,13132.40,13259.80,13095.60,13253.10
2023-05-01,13250.00,13298.00,13189.70,13221.00
2023-05-02,13218.70,13269.90,13051.10,13106.20
2023-05-03,13097.70,13242.10,13015.80,13022.90
2023-05-04,13004.00,13107.90,12936.90,12979.70
2023-05-05,12994.80,13291.30,12991.50,13247.00
2023-05-08,13256.10,13312.20,13197.10,13277.50
2023-05-09,13272.40,13290.80,13197.10,13202.40
2023-05-10,13201.00,13388.30,13148.40,13351.80
2023-05-11,13350.50,13416.80,13309.00,13391.40
2023-05-12,13388.20,13437.80,13257.90,13320.60
2023-05-15,13323.90,13434.10,13302.80,13418.40
2023-05-16,13417.70,13512.00,13382.00,13458.00
2023-05-17,13450.30,13622.20,13427.90,13594.50
2023-05-18,13595.00,13865.50,13583.90,13864.10
2023-05-19,13863.50,13914.20,13768.90,13795.40
2023-05-22,13754.60,13907.30,13754.30,13875.30
2023-05-23,13875.20,13940.30,13677.20,13699.00
2023-05-24,13696.30,13813.40,13534.30,13809.10
2023-05-25,13847.00,13996.70,13771.30,13947.50
2023-05-26,13945.10,14335.50,13891.80,14328.50
2023-05-29,14406.10,14419.50,14340.50,14374.00
2023-05-30,14376.80,14544.30,14312.60,14383.00
2023-05-31,14367.70,14405.40,14227.40,14264.20
2023-06-01,14266.80,14503.30,14225.20,14472.30
2023-06-02,14470.10,14603.80,14445.90,14560.90
2023-06-05,14553.20,14677.10,14495.10,14565.50
2023-06-06,14560.40,14607.70,14489.40,14576.80
2023-06-07,14580.60,14657.80,14291.20,14304.70
2023-06-08,14305.80,14514.10,14246.20,14507.90
2023-06-09,14504.30,14677.30,14449.90,14555.30
2023-06-12,14551.40,14831.00,14551.10,14827.90
2023-06-13,14824.50,14972.60,14784.90,14930.00
2023-06-14,14939.40,15067.30,14798.70,15056.40
2023-06-15,15042.80,15265.30,14891.80,15191.50
2023-06-16,15197.00,15301.60,15085.10,15125.40
2023-06-19,15137.10,15154.60,15063.40,15073.80
2023-06-20,15075.20,15144.90,14961.60,15080.20
2023-06-21,15081.30,15108.50,14837.70,14874.30
2023-06-22,14878.80,15076.90,14802.80,15071.50
2023-06-23,15072.30,15075.10,14824.90,14897.20
2023-06-26,14906.40,14999.40,14700.40,14721.90
2023-06-27,14727.60,14989.80,14715.00,14938.90
2023-06-28,14940.10,15073.50,14875.50,15008.80
2023-06-29,15012.00,15056.10,14881.10,14963.80
2023-06-30,14959.30,15233.20,14956.50,15173.40
2023-07-03,15196.40,15253.80,15168.70,15217.60
2023-07-04,15209.90,15230.80,15197.80,15208.50
2023-07-05,15210.00,15293.50,15119.90,15213.50
2023-07-06,15215.10,15227.20,14977.60,15086.40
2023-07-07,15078.90,15224.10,15034.80,15054.10
2023-07-10,15066.90,15089.60,14934.70,15063.40
2023-07-11,15067.70,15150.80,14983.20,15135.70
2023-07-12,15131.20,15382.20,15129.30,15331.20
2023-07-13,15332.40,15613.90,15330.80,15573.90
2023-07-14,15575.60,15733.50,15542.50,15575.20
2023-07-17,15569.40,15763.20,15545.10,15707.30
2023-07-18,15715.70,15913.30,15618.90,15831.20
2023-07-19,15831.20,15947.90,15798.00,15826.20
2023-07-20,15801.90,15814.10,15435.60,15484.40
2023-07-21,15485.20,15612.80,15409.10,15443.50
2023-07-24,15456.60,15514.30,15380.80,15464.30
2023-07-25,15469.70,15636.90,15450.60,15623.90
2023-07-26,15623.70,15642.90,15418.60,15530.40
2023-07-27,15545.90,15809.10,15418.50,15489.60
2023-07-28,15492.90,15798.60,15453.80,15747.10
2023-07-31,15757.10,15826.00,15701.30,15779.70
2023-08-01,15783.50,15802.20,15644.20,15724.80
2023-08-02,15632.50,15707.40,15331.50,15368.20
2023-08-03,15375.30,15473.50,15261.90,15371.00
2023-08-04,15362.50,15533.60,15262.10,15292.00
2023-08-07,15299.00,15424.20,15259.30,15419.80
2023-08-08,15426.30,15429.80,15152.70,15283.40
2023-08-09,15286.00,15365.70,15080.80,15135.50
2023-08-10,15135.50,15372.70,15070.10,15151.00
2023-08-11,15150.20,15200.40,14971.70,15041.30
2023-08-14,15041.20,15223.30,14960.30,15221.40
2023-08-15,15222.10,15278.30,15021.30,15055.60
2023-08-16,15054.90,15109.80,14864.30,14879.40
2023-08-17,14881.70,14959.70,14682.30,14686.70
2023-08-18,14691.30,14748.80,14554.30,14690.80
2023-08-21,14707.70,14966.40,14673.10,14924.70
2023-08-22,14928.70,15072.60,14887.30,14919.90
2023-08-23,14917.50,15309.40,14915.10,15308.20
2023-08-24,15290.40,15376.30,14776.30,14790.40
2023-08-25,14796.20,15010.70,14716.40,14934.40
2023-08-28,14961.20,15096.30,14943.30,15072.00
2023-08-29,15076.40,15407.10,15025.50,15402.70
2023-08-30,15404.60,15500.30,15339.70,15490.30
2023-08-31,15489.40,15582.60,15438.70,15514.70
2023-09-01,15510.40,15641.10,15434.10,15492.80
2023-09-04,15508.50,15565.50,15487.40,15514.90
2023-09-05,15515.80,15575.50,15407.40,15506.50
2023-09-06,15503.80,15524.70,15305.20,15382.60
2023-09-07,15385.80,15392.10,15154.30,15282.00
2023-09-08,15282.60,15390.60,15222.00,15317.40
2023-09-11,15312.40,15505.10,15304.10,15479.20
2023-09-12,15479.70,15490.00,15295.50,15315.10
2023-09-13,15316.60,15434.90,15222.30,15386.90
2023-09-14,15387.10,15529.40,15346.30,15495.40
2023-09-15,15491.70,15537.10,15177.90,15209.30
2023-09-18,15202.90,15287.80,15156.20,15250.30
2023-09-19,15250.80,15272.10,15077.50,15210.70
2023-09-20,15211.00,15266.80,14957.80,14961.40
2023-09-21,14962.90,14980.00,14671.70,14680.40
2023-09-22,14680.70,14860.00,14668.70,14705.60
2023-09-25,14708.50,14796.60,14621.10,14793.20
2023-09-26,14792.20,14792.20,14512.40,14571.20
2023-09-27,14570.70,14669.30,14436.30,14616.90
2023-09-28,14614.40,14796.50,14507.30,14726.80
2023-09-29,14725.50,14909.70,14662.50,14748.20
2023-10-02,14742.80,14903.10,14683.80,14850.40
2023-10-03,14850.20,14883.20,14510.20,14572.50
2023-10-04,14573.70,14815.10,14451.50,14764.40
2023-10-05,14763.90,14822.50,14579.30,14722.10
2023-10-06,14722.80,15021.70,14523.60,14997.60
2023-10-09,15000.70,15082.50,14816.60,15062.40
2023-10-10,15063.60,15254.40,15045.30,15153.20
2023-10-11,15152.90,15290.70,15126.50,15284.30
2023-10-12,15284.00,15344.40,15092.40,15198.70
2023-10-13,15199.50,15244.20,14942.30,14988.60
2023-10-16,14986.90,15221.50,14969.00,15189.40
2023-10-17,15189.40,15197.10,14938.80,15129.20
2023-10-18,15130.40,15130.40,14869.60,14951.90
2023-10-19,14952.10,15031.50,14733.00,14740.60
2023-10-20,14743.30,14782.90,14540.90,14550.60
2023-10-23,14545.20,14756.70,14418.50,14651.40
2023-10-24,14651.90,14853.90,14612.90,14737.40
2023-10-25,14735.90,14762.10,14362.50,14377.00
2023-10-26,14380.00,14380.00,14054.60,14127.20
2023-10-27,14127.20,14324.50,14126.70,14188.60
2023-10-30,14187.70,14398.40,14187.70,14333.40
2023-10-31,14333.60,14424.10,14233.20,14372.30
2023-11-01,14372.60,14687.40,14335.30,14686.50
2023-11-02,14686.50,14937.70,14686.50,14894.50
2023-11-03,14895.50,15157.70,14856.00,15115.50
2023-11-06,15110.70,15191.50,15073.00,15155.10
2023-11-07,15155.60,15347.80,15111.40,15311.40
2023-11-08,15311.20,15355.30,15226.90,15298.60
2023-11-09,15299.10,15393.40,15177.00,15198.80
2023-11-10,15198.60,15550.40,15146.90,15521.20
2023-11-13,15522.00,15547.90,15413.40,15502.40
2023-11-14,15502.60,15867.50,15499.40,15842.70
2023-11-15,15841.90,15994.80,15778.60,15792.60
2023-11-16,15792.60,15854.80,15742.90,15846.90
2023-11-17,15847.10,15890.50,15775.70,15826.40
2023-11-20,15825.20,16073.80,15795.20,16046.80
2023-11-21,16047.10,16081.30,15868.30,15929.30
2023-11-22,15928.90,16135.10,15904.40,16006.00
2023-11-23,16006.00,16049.50,15997.80,16024.20
2023-11-24,16025.50,16040.50,15947.20,15979.40
2023-11-27,15976.70,16062.10,15910.80,15978.10
2023-11-28,15978.10,16047.20,15921.20,16028.40
2023-11-29,16027.40,16183.80,15990.90,16018.70
2023-11-30,16019.40,16075.70,15833.10,15934.60
2023-12-01,15933.80,16028.60,15843.50,16011.80
2023-12-04,16009.30,16011.70,15707.20,15842.60
2023-12-05,15843.10,15949.10,15749.40,15887.60
2023-12-06,15887.80,16028.60,15793.20,15805.90
2023-12-07,15806.20,16059.20,15784.60,16010.20
2023-12-08,16010.60,16119.40,15883.90,16096.90
2023-12-11,16097.90,16259.00,16057.70,16255.20
2023-12-12,16255.20,16401.70,16198.50,16398.20
2023-12-13,16398.40,16606.80,16380.90,16562.10
2023-12-14,16561.80,16683.50,16426.60,16543.70
2023-12-15,16543.70,16689.40,16535.20,16619.50
2023-12-18,16617.80,16792.90,16617.80,16740.00
2023-12-19,16739.70,16847.20,16728.10,16841.70
2023-12-20,16843.20,16894.70,16579.30,16611.80
2023-12-21,16614.60,16794.00,16612.60,16769.30
2023-12-22,16769.30,16865.20,16713.90,16782.90
2023-12-26,16784.20,16943.20,16784.20,16921.60
2023-12-27,16922.60,16959.90,16881.90,16955.70
2023-12-28,16955.70,16991.20,16906.20,16917.70
2023-12-29,16918.20,16961.70,16770.90,16843.20
2024-01-02,16836.20,16880.00,16464.30,16572.80
2024-01-03,16573.10,16578.10,16364.50,16384.50
2024-01-04,16384.70,16432.40,16280.10,16294.20
2024-01-05,16294.70,16423.80,16181.10,16311.60
2024-01-08,16310.80,16663.60,16231.90,16639.40
2024-01-09,16640.90,16722.60,16513.30,16685.50
2024-01-10,16685.30,16842.60,16659.90,16815.60
2024-01-11,16815.30,16909.40,16614.90,16820.20
2024-01-12,16820.50,16907.80,16730.30,16814.30
2024-01-15,16819.10,16893.70,16808.20,16840.20
2024-01-16,16841.40,16908.30,16686.40,16852.50
2024-01-17,16851.80,16857.00,16565.90,16735.80
2024-01-18,16735.80,17001.10,16712.80,16993.80
2024-01-19,16993.60,17349.90,16986.60,17346.90
2024-01-22,17340.90,17469.50,17320.50,17342.00
2024-01-23,17341.50,17447.00,17298.10,17442.60
2024-01-24,17441.40,17681.80,17441.40,17525.00
2024-01-25,17522.00,17648.00,17434.70,17476.70
2024-01-26,17472.90,17526.60,17362.50,17398.30
2024-01-29,17401.00,17620.40,17361.40,17606.30
2024-01-30,17605.30,17641.10,17374.50,17377.00
2024-01-31,17377.00,17392.40,17129.60,17174.40
2024-02-01,17174.40,17555.40,17173.30,17540.70
2024-02-02,17539.50,17687.40,17379.40,17610.70
2024-02-05,17599.20,17666.40,17475.60,17624.30
2024-02-06,17624.80,17692.30,17484.40,17573.60
2024-02-07,17573.60,17801.30,17556.30,17782.50
2024-02-08,17783.30,17822.40,17720.90,17786.40
2024-02-09,17787.40,17998.00,17780.20,17962.90
2024-02-12,17974.40,18056.90,17846.10,17864.10
2024-02-13,17864.30,17900.60,17485.30,17636.80
2024-02-14,17636.80,17823.90,17607.10,17809.40
2024-02-15,17809.60,17905.60,17717.40,17892.90
2024-02-16,17891.70,17964.90,17655.10,17659.60
2024-02-19,17660.10,17753.90,17660.10,17739.00
2024-02-20,17735.90,17736.10,17402.10,17530.80
2024-02-21,17531.30,17659.80,17323.80,17659.10
2024-02-22,17658.90,18039.20,17628.90,17975.80
2024-02-23,17975.80,18098.00,17900.80,17920.70
2024-02-26,17915.20,18021.90,17885.20,17912.90
2024-02-27,17912.40,18007.00,17874.60,17978.10
2024-02-28,17978.10,17986.40,17814.10,17828.60
2024-02-29,17828.10,18074.90,17792.80,18035.10
2024-03-01,18036.60,18340.10,17995.90,18287.30
2024-03-04,18289.80,18353.80,18210.30,18220.50
2024-03-05,18220.30,18230.40,17813.90,17965.90
2024-03-06,17963.70,18157.90,17927.30,18024.10
2024-03-07,18024.30,18345.30,17901.50,18241.80
2024-03-08,18239.30,18428.70,18006.90,18052.90
2024-03-11,18049.70,18058.60,17892.70,17998.10
2024-03-12,17999.40,18248.00,17930.60,18229.90
2024-03-13,18228.40,18266.40,18044.00,18117.20
2024-03-14,18118.50,18191.20,17925.70,18030.10
2024-03-15,18029.70,18089.00,17772.90,17828.50
2024-03-18,17831.00,18155.70,17831.00,18005.40
2024-03-19,18002.40,18068.70,17833.60,18052.60
2024-03-20,18052.60,18322.00,18005.30,18317.30
2024-03-21,18319.50,18487.90,18306.90,18359.90
2024-03-22,18359.10,18407.70,18274.00,18345.50
2024-03-25,18346.20,18390.90,18205.20,18323.60
2024-03-26,18324.10,18411.70,18232.70,18273.00
2024-03-27,18272.50,18366.50,18173.50,18301.00
2024-03-28,18300.50,18334.60,18245.20,18262.00
2024-04-01,18262.00,18420.20,18223.20,18306.20
2024-04-02,18306.00,18319.40,18012.20,18157.10
2024-04-03,18156.30,18262.60,18045.60,18200.60
2024-04-04,18200.30,18383.10,17869.00,17889.30
2024-04-05,17888.00,18224.60,17869.70,18122.60
2024-04-08,18128.70,18203.10,18063.40,18136.40
2024-04-09,18136.90,18237.60,17988.30,18212.30
2024-04-10,18212.30,18295.70,17887.10,18025.40
2024-04-11,18024.40,18353.60,17922.40,18320.50
2024-04-12,18319.50,18344.50,17958.60,18009.50
2024-04-15,18008.60,18196.20,17687.50,17723.80
2024-04-16,17719.30,17834.60,17641.80,17742.20
2024-04-17,17742.20,17816.60,17466.80,17512.40
2024-04-18,17512.90,17622.80,17359.50,17382.90
2024-04-19,17381.90,17410.70,16973.10,17036.40
2024-04-22,17038.70,17314.30,17015.70,17211.10
2024-04-23,17212.10,17534.60,17155.20,17526.20
2024-04-24,17525.70,17666.20,17353.70,17378.10
2024-04-25,17379.30,17702.30,17180.30,17688.40
2024-04-26,17689.90,17778.40,17545.00,17717.00
2024-04-29,17713.90,17836.50,17678.50,17800.10
2024-04-30,17799.90,17810.50,17367.40,17399.40
2024-05-01,17399.70,17685.80,17293.50,17369.10
2024-05-02,17368.40,17650.10,17282.00,17637.60
2024-05-03,17638.60,17942.40,17617.50,17919.70
2024-05-06,17923.10,18106.50,17888.80,18090.40
2024-05-07,18090.40,18169.60,18056.80,18101.40
2024-05-08,18101.90,18150.10,17980.10,18069.50
2024-05-09,18068.20,18148.10,18013.00,18128.70
2024-05-10,18129.00,18257.00,18097.80,18150.20
2024-05-13,18148.00,18252.10,18145.90,18203.40
2024-05-14,18203.20,18351.40,18085.80,18329.00
2024-05-15,18328.80,18625.10,18311.60,18612.90
2024-05-16,18612.70,18678.50,18552.00,18556.30
2024-05-17,18556.80,18607.30,18465.90,18555.60
2024-05-20,18554.40,18724.70,18554.40,18674.50
2024-05-21,18674.30,18742.70,18610.80,18733.80
2024-05-22,18732.80,18827.70,18620.30,18755.90
2024-05-23,18752.70,18962.80,18562.80,18626.60
2024-05-24,18627.60,18871.10,18623.60,18816.80
2024-05-27,18815.40,18910.00,18788.20,18906.70
2024-05-28,18905.90,18937.60,18775.60,18909.80
2024-05-29,18910.30,18912.00,18703.90,18712.50
2024-05-30,18710.80,18753.20,18515.20,18563.10
2024-05-31,18561.80,18636.20,18209.70,18545.20
2024-06-03,18539.30,18733.10,18411.60,18640.00
2024-06-04,18639.20,18732.10,18490.80,18684.70
2024-06-05,18684.40,19072.80,18678.30,19069.60
2024-06-06,19069.60,19106.80,19001.90,19055.20
2024-06-07,19052.90,19139.80,18924.30,19016.60
2024-06-10,19015.90,19122.80,18967.50,19099.90
2024-06-11,19100.70,19253.30,18991.10,19244.90
2024-06-12,19244.10,19611.40,19232.70,19606.80
2024-06-13,19608.00,19688.30,19502.20,19608.50
2024-06-14,19609.80,19699.90,19503.40,19689.90
2024-06-17,19697.20,20020.40,19653.10,19936.50
2024-06-18,19936.20,20019.50,19878.80,19961.50
2024-06-19,19962.00,20007.00,19959.30,19986.20
2024-06-20,19986.20,20129.40,19720.20,19814.00
2024-06-21,19813.80,19848.90,19677.40,19770.70
2024-06-24,19772.80,19799.30,19497.50,19522.10
2024-06-25,19521.90,19753.00,19499.30,19740.10
2024-06-26,19740.40,19843.40,19675.40,19724.80
2024-06-27,19725.00,19891.00,19649.70,19842.30
2024-06-28,19842.80,20047.60,19680.80,19746.10
2024-07-01,19740.40,19858.30,19595.30,19825.60
2024-07-02,19825.60,20044.90,19696.00,20025.90
2024-07-03,20026.10,20223.30,19992.10,20202.50
2024-07-04,20207.40,20208.70,20161.20,20171.40
2024-07-05,20171.40,20429.60,20151.20,20391.90
2024-07-08,20379.50,20486.30,20377.70,20482.30
2024-07-09,20482.60,20574.20,20418.50,20490.60
2024-07-10,20489.10,20719.20,20489.10,20698.90
2024-07-11,20698.90,20789.20,20188.10,20244.40
2024-07-12,20242.20,20552.90,20148.20,20352.90
2024-07-15,20352.70,20612.40,20323.40,20444.80
2024-07-16,20443.80,20505.50,20286.70,20411.80
2024-07-17,20410.60,20420.70,19791.50,19841.30
2024-07-18,19841.80,19991.10,19586.60,19768.00
2024-07-19,19761.70,19809.20,19483.30,19531.90
2024-07-22,19532.30,19885.70,19532.30,19820.30
2024-07-23,19819.60,19926.50,19710.40,19788.50
2024-07-24,19788.00,19788.00,19018.70,19116.10
2024-07-25,19117.30,19241.80,18734.80,18844.40
2024-07-26,18847.60,19152.10,18847.60,19030.80
2024-07-29,19029.70,19240.00,18976.50,19083.10
2024-07-30,19084.60,19184.60,18592.90,18727.40
2024-07-31,18725.70,19511.10,18725.70,19449.90
2024-08-01,19448.60,19585.60,18724.40,18838.80
2024-08-02,18839.30,18853.10,18271.70,18411.90
2024-08-05,18393.70,18393.70,17247.30,18038.50
2024-08-06,18039.30,18380.70,17864.90,17997.50
2024-08-07,17998.00,18458.00,17737.80,17757.40
2024-08-08,17755.90,18496.10,17651.70,18460.70
2024-08-09,18460.70,18578.30,18288.80,18500.50
2024-08-12,18505.10,18673.60,18423.70,18537.70
2024-08-13,18534.70,19032.50,18534.70,19011.80
2024-08-14,19010.80,19116.70,18838.40,19058.10
2024-08-15,19061.10,19517.40,19014.80,19484.90
2024-08-16,19482.40,19595.90,19360.80,19528.40
2024-08-19,19517.80,19794.10,19448.30,19775.20
2024-08-20,19775.40,19855.90,19668.40,19730.40
2024-08-21,19729.40,19910.10,19700.10,19848.00
2024-08-22,19846.20,19956.00,19474.80,19544.40
2024-08-23,19544.40,19838.50,19528.50,19716.70
2024-08-26,19712.60,19790.00,19451.60,19495.10
2024-08-27,19494.10,19643.50,19390.40,19582.90
2024-08-28,19583.60,19641.80,19179.70,19255.90
2024-08-29,19262.90,19647.10,19096.20,19401.20
2024-08-30,19400.70,19588.30,19326.30,19551.30
2024-09-02,19550.40,19635.60,19478.10,19601.20
2024-09-03,19614.50,19651.60,18884.10,18964.00
2024-09-04,18965.20,19090.40,18801.10,18939.20
2024-09-05,18937.70,19127.40,18805.70,18900.40
2024-09-06,18898.20,18946.20,18312.60,18319.80
2024-09-09,18351.40,18718.10,18351.40,18702.40
2024-09-10,18705.90,18862.20,18568.70,18821.50
2024-09-11,18821.00,19283.50,18535.70,19239.60
2024-09-12,19237.10,19477.20,19180.00,19407.10
2024-09-13,19407.80,19572.30,19393.50,19501.80
2024-09-16,19497.20,19549.90,19296.40,19417.00
2024-09-17,19416.00,19619.10,19343.30,19454.20
2024-09-18,19453.20,19675.60,19345.90,19419.40
2024-09-19,19415.70,19982.50,19415.70,19842.50
2024-09-20,19843.50,19866.40,19642.10,19797.90
2024-09-23,19797.70,19952.80,19744.90,19853.20
2024-09-24,19854.20,20008.00,19747.00,19979.10
2024-09-25,19978.90,20068.20,19860.40,20037.70
2024-09-26,20038.00,20336.50,19986.90,20141.20
2024-09-27,20142.20,20194.20,19971.70,19993.20
2024-09-30,19991.50,20092.60,19863.30,20039.40
2024-10-01,20038.90,20140.00,19628.10,19770.70
2024-10-02,19771.20,19898.70,19643.70,19866.80
2024-10-03,19865.80,19925.80,19663.30,19772.40
2024-10-04,19770.20,20075.00,19756.10,20019.00
2024-10-07,20014.10,20085.50,19772.00,19840.10
2024-10-08,19840.80,20153.80,19728.60,20109.70
2024-10-09,20110.40,20309.90,20023.40,20275.00
2024-10-10,20275.70,20338.10,20132.10,20264.40
2024-10-11,20262.90,20327.30,20148.20,20248.10
2024-10-14,20246.20,20521.80,20225.80,20478.40
2024-10-15,20479.90,20503.50,20100.80,20181.20
2024-10-16,20179.90,20246.50,20055.80,20173.60
2024-10-17,20174.40,20446.10,20129.30,20236.40
2024-10-18,20235.90,20384.10,20174.50,20339.40
2024-10-21,20338.00,20417.00,20207.00,20402.40
2024-10-22,20400.90,20466.80,20226.10,20384.20
2024-10-23,20384.40,20410.10,19946.90,20143.30
2024-10-24,20143.30,20298.50,20133.80,20256.10
2024-10-25,20262.60,20581.10,20238.40,20349.00
2024-10-28,20350.00,20558.90,20350.00,20390.20
2024-10-29,20389.70,20644.90,20317.60,20592.70
2024-10-30,20592.50,20675.90,20361.50,20394.80
2024-10-31,20396.00,20396.00,19900.70,19933.20
2024-11-01,19929.70,20180.70,19912.00,20057.00
2024-11-04,20063.30,20150.20,19915.00,20014.80
2024-11-05,20014.80,20288.70,19945.90,20269.60
2024-11-06,20266.30,20837.40,20229.10,20827.10
2024-11-07,20825.90,21160.80,20766.70,21132.10
2024-11-08,21130.10,21169.90,21026.80,21134.50
2024-11-11,21131.10,21254.00,21010.60,21121.00
2024-11-12,21122.70,21168.00,20972.20,21095.80
2024-11-13,21093.00,21184.00,20975.80,21082.60
2024-11-14,21082.90,21109.90,20872.10,20899.50
2024-11-15,20902.50,20902.50,20331.80,20428.60
2024-11-18,20429.20,20657.60,20408.90,20563.90
2024-11-19,20564.20,20728.30,20319.50,20691.10
2024-11-20,20690.10,20781.70,20416.20,20678.90
2024-11-21,20675.40,20842.50,20452.00,20731.60
2024-11-22,20730.80,20818.90,20633.00,20815.60
2024-11-25,20818.20,21027.60,20727.50,20846.20
2024-11-26,20848.70,20976.10,20705.80,20950.40
2024-11-27,20949.70,20970.00,20630.00,20761.90
2024-11-28,20761.70,20867.30,20761.70,20849.10
2024-11-29,20848.20,20978.00,20766.90,20947.40
2024-12-02,20951.90,21228.60,20909.20,21179.30
2024-12-03,21179.60,21301.60,21109.30,21298.20
2024-12-04,21297.40,21524.00,21281.90,21491.60
2024-12-05,21491.90,21542.90,21412.90,21429.00
2024-12-06,21428.70,21647.00,21399.90,21614.10
2024-12-09,21612.70,21692.50,21427.70,21465.80
2024-12-10,21464.80,21601.40,21349.00,21429.70
2024-12-11,21431.20,21817.80,21404.50,21754.10
2024-12-12,21754.40,21774.00,21610.10,21639.80
2024-12-13,21638.80,21931.00,21638.80,21796.60
2024-12-16,21792.90,22204.60,21792.90,22165.20
2024-12-17,22164.70,22195.60,22021.60,22081.90
2024-12-18,22081.90,22167.90,21093.40,21238.60
2024-12-19,21242.60,21485.60,21132.40,21198.90
2024-12-20,21195.90,21602.00,20797.00,21338.00
2024-12-23,21342.30,21570.80,21271.60,21532.20
2024-12-24,21531.40,21846.60,21506.50,21843.00
2024-12-26,21843.80,21913.00,21671.60,21782.70
2024-12-27,21784.20,21811.40,21303.90,21524.40
2024-12-30,21524.80,21554.70,21069.50,21200.80
2024-12-31,21203.80,21342.30,20999.80,21053.70
2025-01-02,21052.70,21314.10,20807.20,21005.70
2025-01-03,21005.70,21380.40,20967.80,21305.30
2025-01-06,21311.90,21723.50,21306.10,21607.30
2025-01-07,21610.10,21638.30,21114.90,21210.90
2025-01-08,21210.40,21284.80,21003.30,21162.40
2025-01-09,21162.40,21186.60,21059.20,21146.10
2025-01-10,21143.80,21216.60,20721.50,20839.80
2025-01-13,20842.40,20890.30,20548.40,20846.40
2025-01-14,20844.90,20998.40,20629.40,20830.20
2025-01-15,20831.20,21306.40,20766.20,21231.10
2025-01-16,21230.80,21420.00,21027.10,21067.20
2025-01-17,21068.70,21533.80,21066.30,21441.10
2025-01-20,21445.40,21640.80,21391.20,21554.60
2025-01-21,21545.20,21650.30,21242.90,21640.60
2025-01-22,21640.40,21963.40,21640.40,21853.70
2025-01-23,21855.50,21922.00,21728.80,21894.90
2025-01-24,21894.60,21953.60,21719.70,21778.30
2025-01-27,21782.90,21782.90,20650.80,21192.50
2025-01-28,21192.00,21514.10,21051.70,21442.40
2025-01-29,21446.70,21588.00,21257.70,21462.50
2025-01-30,21463.80,21641.80,21312.80,21502.60
2025-01-31,21501.60,21859.00,21427.70,21453.50
2025-02-03,21464.80,21480.10,20869.60,21452.90
2025-02-04,21454.20,21599.40,21147.80,21485.60
2025-02-05,21486.60,21700.20,21336.70,21676.70
2025-02-06,21675.20,21789.60,21614.60,21754.40
2025-02-07,21752.20,21877.40,21468.60,21491.60
2025-02-10,21488.40,21811.20,21333.50,21753.30
2025-02-11,21753.50,21792.50,21589.40,21711.60
2025-02-12,21711.10,21786.30,21432.60,21784.40
2025-02-13,21785.40,22049.60,21679.80,22001.20
2025-02-14,22000.70,22147.20,21968.70,22131.20
2025-02-17,22127.80,22214.60,22125.80,22168.10
2025-02-18,22168.60,22254.80,22039.10,22158.90
2025-02-19,22159.90,22237.80,22056.00,22160.10
2025-02-20,22160.80,22171.90,21887.10,22073.50
2025-02-21,22071.20,22183.00,21594.20,21598.40
2025-02-24,21600.70,21760.60,21356.80,21380.40
2025-02-25,21376.20,21403.80,20943.40,21146.30
2025-02-26,21147.80,21363.20,21019.20,21228.50
2025-02-27,21227.30,21343.50,20540.00,20591.10
2025-02-28,20589.80,20900.40,20418.10,20864.90
2025-03-03,20866.70,21085.60,20286.60,20496.90
2025-03-04,20499.20,20703.10,20046.60,20509.90
2025-03-05,20504.40,20697.10,20190.60,20583.40
2025-03-06,20582.90,20620.70,19986.20,20158.10
2025-03-07,20156.60,20269.20,19750.20,20190.20
2025-03-10,20190.30,20190.30,19264.90,19466.80
2025-03-11,19464.50,19681.10,19137.90,19394.90
2025-03-12,19395.20,19781.10,19384.00,19566.40
2025-03-13,19567.40,19691.50,19168.90,19292.30
2025-03-14,19291.80,19739.20,19291.80,19664.30
2025-03-17,19654.50,19964.10,19554.00,19834.40
2025-03-18,19834.40,19864.60,19404.50,19500.80
2025-03-19,19501.10,19942.80,19461.60,19745.20
2025-03-20,19744.40,19905.00,19535.60,19695.70
2025-03-21,19694.40,19780.40,19409.70,19766.90
2025-03-24,19774.30,20218.20,19774.30,20166.80
2025-03-25,20166.80,20336.30,20105.60,20329.70
2025-03-26,20328.90,20351.20,19859.70,19904.80
2025-03-27,19905.30,20019.60,19759.10,19817.70
2025-03-28,19817.20,19833.10,19198.00,19200.20
2025-03-31,19187.80,19322.80,18810.20,19245.50
2025-04-01,19245.30,19477.60,19095.80,19435.40
2025-04-02,19432.20,19879.70,18913.20,18980.50
2025-04-03,18961.50,19015.10,18454.80,18491.60
2025-04-04,18488.80,18556.30,17241.70,17350.80
2025-04-07,17350.80,18224.10,16321.50,17497.40
2025-04-08,17493.60,18222.30,16844.80,17099.50
2025-04-09,17103.50,19242.30,16609.90,19212.10
2025-04-10,19212.40,19245.20,17789.40,18365.20
2025-04-11,18367.70,18738.60,17938.60,18680.60
2025-04-14,18680.60,19126.70,18608.50,18776.00
2025-04-15,18772.00,19015.20,18681.30,18806.60
2025-04-16,18809.60,18809.60,17992.00,18242.10
2025-04-17,18297.00,18530.50,18142.40,18304.30
2025-04-21,18300.80,18300.80,17594.80,17805.20
2025-04-22,17806.20,18405.90,17759.00,18247.30
2025-04-23,18250.80,19056.00,18250.80,18745.00
2025-04-24,18740.80,19295.80,18489.00,19237.30
2025-04-25,19238.80,19477.50,19110.40,19443.40
2025-04-28,19447.70,19522.40,19156.70,19380.80
2025-04-29,19382.50,19589.10,19280.80,19515.70
2025-04-30,19515.70,19779.20,19009.00,19744.30
2025-05-01,19746.00,20027.20,19659.80,19696.30
2025-05-02,19698.80,20178.90,19653.70,20094.90
2025-05-05,20104.20,20104.20,19877.60,19949.60
2025-05-06,19951.30,19951.30,19653.20,19761.30
2025-05-07,19759.80,20043.60,19595.00,19872.40
2025-05-08,19873.40,20255.30,19829.10,20068.90
2025-05-09,20072.40,20205.70,19978.30,20063.30
2025-05-12,20066.70,20917.20,20066.70,20882.50
2025-05-13,20878.30,21269.70,20742.40,21177.30
2025-05-14,21178.50,21344.60,21164.60,21325.70
2025-05-15,21324.70,21455.30,21117.50,21323.10
2025-05-16,21321.40,21438.10,21246.80,21319.80
2025-05-19,21330.40,21482.00,21048.00,21453.30
2025-05-20,21454.60,21504.20,21241.40,21361.00
2025-05-21,21362.80,21504.50,21019.20,21091.50
2025-05-22,21092.00,21284.80,20988.90,21161.30
2025-05-23,21162.50,21183.70,20677.60,20890.60
2025-05-26,20903.00,21265.10,20903.00,21244.80
2025-05-27,21243.70,21448.40,21102.70,21437.00
2025-05-28,21436.50,21527.20,21294.90,21488.00
2025-05-29,21486.30,21822.30,21264.90,21347.80
2025-05-30,21350.80,21399.70,21038.90,21328.40
2025-06-02,21335.30,21550.50,21137.70,21526.30
2025-06-03,21528.60,21735.60,21374.90,21663.40
2025-06-04,21664.40,21778.90,21618.60,21725.40
2025-06-05,21724.40,21908.50,21488.10,21497.10
2025-06-06,21495.30,21853.90,21462.40,21787.70
2025-06-09,21790.50,21876.70,21706.70,21809.80
2025-06-10,21811.30,21982.90,21723.00,21940.30
2025-06-11,21941.30,22085.70,21782.20,21872.30
2025-06-12,21872.50,21971.40,21712.00,21904.00
2025-06-13,21904.20,21905.40,21466.70,21642.40
2025-06-16,21645.80,22004.60,21533.20,21945.70
2025-06-17,21945.50,21960.20,21694.90,21737.00
2025-06-18,21737.00,21882.90,21651.20,21747.20
2025-06-19,21747.00,21754.70,21440.10,21504.90
2025-06-20,21492.80,21920.10,21492.80,21668.10
2025-06-23,21664.40,21890.00,21364.80,21868.10
2025-06-24,21869.30,22241.70,21865.90,22205.30
2025-06-25,22202.00,22345.20,22183.20,22269.60
2025-06-26,22269.60,22491.60,22237.80,22468.80
2025-06-27,22469.50,22619.40,22398.90,22541.70
2025-06-30,22539.30,22737.30,22539.30,22674.20
2025-07-01,22670.40,22722.40,22404.10,22501.70
2025-07-02,22500.50,22664.90,22393.50,22661.50
2025-07-03,22661.20,22907.10,22635.30,22839.90
2025-07-04,22865.60,22870.90,22690.90,22710.20
2025-07-07,22713.70,22842.90,22599.00,22657.10
2025-07-08,22656.60,22792.80,22630.80,22725.70
2025-07-09,22725.90,22935.70,22669.70,22868.00
2025-07-10,22868.00,22916.90,22726.50,22838.50
2025-07-11,22838.00,22879.30,22662.00,22773.30
2025-07-14,22768.10,22907.00,22640.80,22874.30
2025-07-15,22874.80,23064.40,22838.10,22859.70
2025-07-16,22858.00,22943.50,22679.90,22907.00
2025-07-17,22906.80,23121.20,22863.70,23107.60
2025-07-18,23107.60,23164.10,23019.10,23070.10
2025-07-21,23074.20,23278.40,23058.40,23197.90
2025-07-22,23198.90,23222.10,22969.60,23058.20
2025-07-23,23058.00,23278.40,23010.40,23274.00
2025-07-24,23272.00,23288.00,23163.40,23259.00
2025-07-25,23258.70,23342.20,23196.50,23306.20
2025-07-28,23312.00,23457.90,23310.30,23383.50
2025-07-29,23381.80,23526.10,23295.90,23326.90
2025-07-30,23327.40,23566.00,23234.70,23535.30
2025-07-31,23538.60,23723.20,23172.30,23209.30
2025-08-01,23210.60,23229.70,22673.80,22758.20
2025-08-04,22753.50,23246.00,22714.20,23243.90
2025-08-05,23244.60,23300.30,22980.00,22983.40
2025-08-06,22986.40,23342.70,22944.20,23309.30
2025-08-07,23310.10,23572.70,23230.60,23423.70
2025-08-08,23422.70,23667.40,23406.70,23657.20
2025-08-11,23668.00,23713.50,23493.00,23537.40
2025-08-12,23539.40,23866.90,23509.90,23863.30
2025-08-13,23864.00,23986.80,23804.80,23844.40
2025-08-14,23845.70,23924.10,23712.90,23812.00
2025-08-15,23810.20,23882.40,23659.30,23719.10
2025-08-18,23727.30,23810.80,23646.20,23717.30
2025-08-19,23723.30,23768.70,23358.10,23405.40
2025-08-20,23385.30,23420.40,22970.40,23253.80
2025-08-21,23257.30,23303.50,23053.50,23154.60
2025-08-22,23155.60,23583.20,23013.10,23513.20
2025-08-25,23515.00,23555.30,23384.40,23441.30
2025-08-26,23441.50,23553.50,23313.70,23549.60
2025-08-27,23550.10,23616.10,23382.10,23488.60
2025-08-28,23489.60,23753.20,23438.20,23713.00
2025-08-29,23712.70,23713.10,23358.80,23420.10
2025-09-01,23411.70,23517.60,23336.70,23466.70
2025-09-02,23469.50,23469.70,22995.10,23347.40
2025-09-03,23348.70,23496.30,23272.10,23424.90
2025-09-04,23426.40,23680.00,23382.30,23656.40
2025-09-05,23655.40,23875.30,23482.90,23651.40
2025-09-08,23650.80,23870.10,23635.90,23780.90
2025-09-09,23781.10,23905.80,23717.80,23878.90
2025-09-10,23878.70,24031.90,23778.70,23852.20
2025-09-11,23851.20,24042.10,23850.70,24002.70
2025-09-12,24003.00,24161.00,23966.90,24113.50
2025-09-15,24115.30,24326.80,24088.30,24309.00
2025-09-16,24308.50,24420.10,24274.60,24304.70
2025-09-17,24303.90,24329.30,24018.40,24278.20
2025-09-18,24276.40,24593.50,24273.60,24493.10
2025-09-19,24491.60,24667.10,24435.60,24635.10
2025-09-22,24639.70,24808.10,24532.30,24778.40
2025-09-23,24777.90,24811.10,24567.90,24623.50
2025-09-24,24622.70,24703.60,24418.10,24539.40
2025-09-25,24539.20,24586.70,24217.00,24428.60
2025-09-26,24428.10,24542.50,24315.60,24522.20
2025-09-29,24520.80,24772.70,24520.80,24613.00
2025-09-30,24612.00,24719.80,24528.20,24644.80
2025-10-01,24644.80,24843.70,24441.50,24813.80
2025-10-02,24815.10,24988.60,24803.10,24916.20
2025-10-03,24913.70,25005.20,24734.60,24796.50
2025-10-06,24792.80,25071.50,24792.80,25000.10
2025-10-07,25002.40,25096.30,24807.60,24876.90
2025-10-08,24876.20,25187.00,24851.00,25174.60
2025-10-09,25176.10,25217.30,24989.80,25113.80
2025-10-10,25114.80,25216.80,24018.60,24043.60
2025-10-13,24021.60,24805.80,24021.60,24743.30
2025-10-14,24743.60,24884.50,24265.10,24594.40
2025-10-15,24596.60,24956.50,24506.00,24785.60
2025-10-16,24783.40,25024.30,24492.00,24639.10
2025-10-17,24641.60,24906.50,24260.50,24884.90
2025-10-20,24886.20,25211.10,24816.30,25181.30
2025-10-21,25183.10,25228.70,25064.00,25124.30
2025-10-22,25125.30,25201.70,24672.20,24904.80
2025-10-23,24906.10,25161.90,24806.90,25142.50
2025-10-24,25144.30,25435.40,25144.30,25380.40
2025-10-27,25376.70,25888.10,25376.70,25879.50
2025-10-28,25879.70,26109.80,25821.80,26050.60
2025-10-29,26049.80,26260.10,25929.10,26107.10
2025-10-30,26105.10,26287.40,25744.20,26041.20
2025-10-31,26042.90,26166.40,25783.30,25882.60
2025-11-03,25877.70,26168.60,25877.70,26013.40
2025-11-04,26013.40,26013.40,25433.40,25487.30
2025-11-05,25486.50,25790.00,25196.30,25641.10
2025-11-06,25640.10,25737.50,25116.50,25229.60
2025-11-07,25227.80,25274.50,24630.20,25142.20
2025-11-10,25147.20,25689.10,25147.20,25649.50
2025-11-11,25649.20,25700.70,25411.90,25591.00
2025-11-12,25591.50,25766.20,25427.00,25564.40
2025-11-13,25563.40,25661.90,24945.50,25028.80
2025-11-14,25029.80,25233.80,24567.30,25075.10
2025-11-17,25089.70,25312.10,24682.40,24853.70
2025-11-18,24853.20,24909.40,24331.50,24482.30
2025-11-19,24482.50,24937.00,24397.10,24906.30
2025-11-20,24909.10,25260.00,24024.60,24026.80
2025-11-21,24025.10,24545.60,23856.20,24300.60
2025-11-24,24298.70,24950.90,24298.70,24920.70
2025-11-25,24920.50,25098.50,24559.40,25028.30
2025-11-26,25027.60,25344.00,25027.10,25282.40
2025-11-27,25280.60,25308.90,25256.30,25269.20
2025-11-28,25270.80,25470.90,25270.80,25441.40
2025-12-01,25455.60,25507.90,25177.30,25389.20
2025-12-02,25388.40,25661.80,25317.10,25595.40
2025-12-03,25598.40,25678.20,25415.90,25639.20
2025-12-04,25638.90,25728.10,25481.70,25628.50
2025-12-05,25628.50,25861.70,25573.40,25730.20
2025-12-08,25729.00,25862.10,25566.50,25707.70
2025-12-09,25708.70,25742.70,25566.90,25682.50
2025-12-10,25681.80,25880.30,25543.00,25815.30
2025-12-11,25814.30,25880.20,25393.20,25856.70
2025-12-12,25851.50,25851.50,25147.10,25230.90
2025-12-15,25228.30,25449.30,25067.80,25124.80
2025-12-16,25127.60,25225.70,24856.40,25103.80
2025-12-17,25103.80,25291.50,24671.90,24745.60
2025-12-18,24735.10,25198.50,24687.60,25007.90
2025-12-19,25005.90,25386.20,24998.10,25375.80
2025-12-22,25380.90,25582.90,25380.90,25489.30
2025-12-23,25488.80,25615.90,25400.60,25605.90
2025-12-24,25604.40,25687.20,25573.10,25652.00
2025-12-26,25660.20,25735.70,25634.10,25662.40
2025-12-29,25656.30,25702.20,25456.00,25556.30
2025-12-30,25555.50,25613.70,25487.90,25495.80
2025-12-31,25495.60,25539.10,25252.80,25254.70
2026-01-02,25258.40,25625.10,25090.30,25210.20
2026-01-05,25219.30,25542.40,25219.30,25409.60
2026-01-06,25409.30,25671.90,25361.90,25665.30
2026-01-07,25663.80,25828.40,25561.10,25668.50
2026-01-08,25668.30,25684.10,25413.60,25553.90
2026-01-09,25555.20,25828.90,25464.00,25775.60
2026-01-12,25774.70,25868.40,25486.00,25787.40
2026-01-13,25790.10,25896.50,25654.20,25752.70
2026-01-14,25752.70,25781.20,25277.80,25466.70
2026-01-15,25467.70,25811.10,25422.00,25563.90
2026-01-16,25563.10,25751.50,25450.50,25543.80
2026-01-19,25540.40,25540.40,25102.10,25269.20
2026-01-20,25263.60,25307.10,24964.50,25010.50
2026-01-21,25010.70,25524.60,24898.10,25377.90
2026-01-22,25380.90,25613.00,25357.80,25502.60
2026-01-23,25504.10,25720.30,25417.30,25561.90
2026-01-26,25554.90,25812.80,25269.30,25743.10
2026-01-27,25743.80,26003.50,25726.40,25994.60
2026-01-28,25995.40,26236.40,25882.50,26153.80
2026-01-29,26154.30,26181.60,25429.90,25878.90
2026-01-30,25875.60,25911.60,25464.00,25536.50
2026-02-02,25534.80,25852.00,25085.00,25774.30
2026-02-03,25776.10,25933.70,25125.40,25328.00
2026-02-04,25328.00,25423.60,24694.00,25022.90
2026-02-05,25026.90,25082.30,24321.10,24343.20
2026-02-06,24338.20,25136.90,24158.00,25013.00
2026-02-09,25022.30,25349.40,24877.10,25283.00
2026-02-10,25282.00,25368.10,25119.40,25177.20
2026-02-11,25178.20,25386.30,24980.30,25201.30
2026-02-12,25201.30,25345.40,24654.70,24754.50
2026-02-13,24754.80,24931.70,24514.70,24712.90
2026-02-16,24704.30,24860.90,24610.40,24680.70
2026-02-17,24682.80,24830.30,24390.60,24710.40
2026-02-18,24709.40,25070.20,24645.80,24877.30
2026-02-19,24876.00,24991.80,24685.60,24773.90
2026-02-20,24773.20,25077.70,24618.60,25017.30
2026-02-23,25016.20,25016.20,24625.80,24744.70
2026-02-24,24745.90,25036.10,24658.60,24975.70
2026-02-25,24975.20,25452.70,24953.40,25419.20
2026-02-26,25419.70,25419.70,24832.60,24996.70
2026-02-27,24998.00,25068.50,24753.60,24915.20
2026-03-02,24922.80,25076.30,24454.40,24971.40
2026-03-03,24972.20,24986.90,24331.40,24687.70
2026-03-04,24690.70,25196.50,24481.10,25117.60
2026-03-05,25116.80,25223.50,24758.20,24994.30
2026-03-06,24992.30,25122.20,24588.50,24661.10
2026-03-09,24644.20,25048.40,23992.00,24949.40
2026-03-10,24950.70,25209.50,24828.00,25001.80
2026-03-11,25000.80,25173.80,24869.20,24939.30
2026-03-12,24941.30,24942.50,24519.30,24569.10
2026-03-13,24569.10,24807.80,24342.80,24353.00
2026-03-16,24335.30,24824.60,24286.60,24664.30
2026-03-17,24664.50,24907.20,24524.30,24817.60
2026-03-18,24818.80,25005.00,24370.10,24414.60
2026-03-19,24409.90,24532.50,24133.10,24424.20
2026-03-20,24423.90,24468.30,23781.30,24015.50
2026-03-23,24025.40,24575.30,23587.80,24208.90
2026-03-24,24210.70,24364.80,23950.70,24212.80
2026-03-25,24221.30,24360.50,24101.40,24185.60
2026-03-26,24184.10,24238.80,23588.50,23647.60
2026-03-27,23641.80,23803.30,23060.70,23101.80
2026-03-30,23081.90,23403.70,22861.10,22942.70
2026-03-31,22942.40,23805.70,22801.40,23735.00
2026-04-01,23737.20,24182.20,23713.70,24021.20
2026-04-02,24022.20,24100.70,23502.90,24053.40
2026-04-03,24056.70,24096.10,23947.10,23967.80
2026-04-06,23929.00,24299.40,23830.20,24193.70
2026-04-07,24209.00,24303.20,23797.00,24246.40
2026-04-08,24381.00,25103.90,24211.70,24882.70
2026-04-09,24885.30,25113.60,24800.20,25088.30
2026-04-10,25076.40,25242.80,25040.50,25163.50
2026-04-13,24812.00,25440.60,24776.20,25437.70
2026-04-14,25427.70,25857.40,25418.60,25847.90
2026-04-15,25840.40,26233.10,25791.40,26215.40
2026-04-16,26213.80,26422.00,26136.30,26326.30
2026-04-17,26313.30,26743.40,26305.40,26702.20
2026-04-20,26442.10,26694.70,26401.60,26645.60
2026-04-21,26629.80,26771.80,26424.60,26595.70
2026-04-22,26605.20,27005.40,26604.20,26978.70
2026-04-23,26942.60,27028.00,26554.30,26821.30
2026-04-24,26897.90,27336.70,26885.40,27317.60
2026-04-27,27247.20,27422.30,27183.70,27304.70
2026-04-28,27309.20,27398.80,26900.60,27078.90
2026-04-29,27089.70,27295.40,26984.40,27038.70
2026-04-30,27108.70,27512.40,27053.60,27487.70
2026-05-01,27523.50,27806.50,27426.90,27677.40
2026-05-04,27763.20,27863.60,27511.70,27645.40
2026-05-05,27668.60,28148.20,27635.30,28109.80
2026-05-06,28159.70,28698.90,28149.70,28613.20
2026-05-07,28561.00,28844.90,28453.80,28549.00
2026-05-08,28456.40,29282.70,28452.10,29241.00
2026-05-11,29200.70,29392.20,29134.20,29311.20
2026-05-12,29317.40,29372.60,28663.80,29055.70
2026-05-13,29068.20,29483.30,28980.70,29451.90
2026-05-14,29459.00,29702.90,29366.80,29604.00
2026-05-15,29609.10,29653.60,29014.30,29099.30
2026-05-18,29073.30,29354.00,28752.00,29011.40
2026-05-19,29045.20,29125.00,28600.00,28831.70
2026-05-20,28866.20,29328.70,28737.30,29215.70
2026-05-21,29186.90,29485.30,29043.90,29384.40
2026-05-22,29387.40,29683.30,29372.90,29472.60
2026-05-25,29629.10,29940.60,29629.10,29893.40
2026-05-26,29916.00,30069.10,29691.50,29995.50
2026-05-27,30007.30,30331.60,29831.10,30077.80
2026-05-28,30068.60,30300.40,29720.50,30272.90
2026-05-29,30290.50,30492.60,30176.20,30340.30
2026-06-01,30383.40,30676.80,30268.60,30510.40
2026-06-02,30527.40,30749.10,30306.60,30729.70
2026-06-03,30728.80,30794.20,30465.90,30481.30
2026-06-04,30437.50,30595.50,30144.30,30402.40
2026-06-05,30393.70,30413.40,28771.40,28840.70
2026-06-08,28872.70,29738.40,28819.90,29430.70
2026-06-09,29433.20,29844.30,28228.20,29138.20
2026-06-10,29058.90,29253.30,28414.40,28472.40
2026-06-11,28470.40,29547.70,28272.70,29444.20
2026-06-12,29452.30,29774.40,29239.30,29683.70
2026-06-15,29935.80,30637.60,29935.80,30556.60
2026-06-16,30567.90,30702.10,30008.70,30034.60
2026-06-17,30067.70,30323.70,29664.70,29877.50
2026-06-18,29890.00,30524.10,29839.50,30466.50
2026-06-19,30497.90,30513.70,30133.40,30406.90
2026-06-22,30286.80,30719.00,30089.30,30416.60
2026-06-23,30408.80,30454.60,29340.00,29508.30
2026-06-24,29536.40,29920.10,29028.50,29854.60
2026-06-25,29863.90,30026.80,29063.10,29527.60
2026-06-26,29500.90,29659.90,28930.60,29062.40
2026-06-29,29082.20,29845.30,29052.20,29769.90
2026-06-30,29784.30,30376.50,29710.60,30275.60
2026-07-01,30286.50,30332.50,29788.80,29845.50
2026-07-02,29881.30,30105.50,29114.00,29338.50
2026-07-03,29357.50,29745.70,29312.00,29695.00
2026-07-06,29748.60,29887.00,29477.40,29741.60
2026-07-07,29752.00,29769.80,29006.40,29217.50
2026-07-08,29150.40,29357.90,28710.70,29205.40
2026-07-09,29218.70,29794.10,29199.00,29729.50
2026-07-10,29742.20,29879.50,29475.20,29867.00
2026-07-13,29746.50,29854.70,29203.10,29250.00
2026-07-14,29265.00,29743.70,29124.00,29618.20
2026-07-15,29622.70,29885.20,29219.70,29530.90
2026-07-16,29532.90,29623.40,28909.10,29011.20
2026-07-17,29030.20,29051.40,28243.30,28598.50
2026-07-20,28603.40,29034.10,28551.40,28619.20
2026-07-21,28638.50,29205.60,28546.50,29131.20
2026-07-22,29154.20,29189.40,28809.00,29016.30
2026-07-23,28970.60,29132.10,28289.30,28599.90
2026-07-24,28562.80,28595.30,28074.50,28171.50
2026-07-27,28388.80,28631.30,27806.30,28072.80
2026-07-28,28083.40,28093.90,27474.00,27825.70
2026-07-29,27839.90,28042.90,27074.40,27140.90
2026-07-30,27090.40,28269.90,27088.40,28195.90
2026-07-31,28192.70,28595.40,27950.50,28205.70
2026-08-03,28488.00,28845.70,28191.60,28808.70
2026-08-04,28807.50,29841.00,28718.90,29707.20
2026-08-05,29678.40,29961.80,29419.40,29477.10
2026-08-06,29454.60,29577.30,29132.60,29389.60
2026-08-07,29411.40,29762.60,29349.40,29716.30
2026-08-10,29790.10,29885.50,29621.50,29666.10
2026-08-11,29680.10,29792.80,29440.00,29550.40
2026-08-12,29560.30,29911.70,29534.80,29713.30
2026-08-13,29734.10,30180.00,29691.60,30122.10
2026-08-14,30123.20,30192.60,29939.10,30058.80
2026-08-17,30114.10,30262.60,29978.70,29999.30
2026-08-18,30006.60,30047.00,29445.80,29490.90
2026-08-19,29498.90,29690.80,29311.80,29492.70
2026-08-20,29503.70,29621.40,29137.80,29247.70
2026-08-21,29278.00,29471.30,29152.30,29306.30
2026-08-24,29341.90,29418.80,28886.80,29071.20
2026-08-25,29086.70,29357.90,28958.70,29224.40
2026-08-26,29247.60,29376.90,29041.10,29373.60
2026-08-27,29476.50,29653.90,29349.00,29580.80
2026-08-28,29582.00,29759.70,29388.20,29475.50
2026-08-31,29500.40,29508.40,29240.90,29488.40
2026-09-01,29484.50,29541.50,28973.80,29111.70
2026-09-02,29107.40,29186.30,28902.10,29117.20
2026-09-03,29145.90,29556.60,29050.10,29475.40
2026-09-04,29476.90,29669.20,29440.20,29501.10
2026-09-07,29527.40,29663.30,29514.40,29586.80
2026-09-08,29594.20,29746.70,29407.30,29507.40
2026-09-09,29510.40,29620.80,29319.90,29457.20
2026-09-10,29455.10,29507.50,29043.30,29134.20
2026-09-11,29143.20,29504.10,29040.90,29396.70
2026-09-14,29035.90,29318.10,28825.20,29203.70
2026-09-15,29196.90,29211.30,28925.80,28995.40
2026-09-16,28988.70,29263.20,28764.80,28977.80
2026-09-17,28989.50,29512.10,28963.80,29437.40
2026-09-18,29447.20,29718.60,29372.30,29684.30
2026-09-21,29667.90,30598.10,29638.70,30520.20
2026-09-22,30531.40,30805.60,30412.90,30734.40
2026-09-23,30747.00,30837.60,30385.90,30518.70
2026-09-24,30494.30,30534.80,30078.30,30441.20
2026-09-25,30479.60,30745.80,30433.10,30666.50
2026-09-28,30633.30,30680.80,30118.70,30319.30
2026-09-29,30331.20,30487.70,30135.40,30411.50
2026-09-30,30428.50,30668.70,30278.90,30490.40
2026-10-01,30476.10,30914.80,30295.60,30534.10
2026-10-02,30531.10,31047.30,30531.10,30817.10
