<DATE>	<OPEN>	<HIGH>	<LOW>	<CLOSE>
1998.04.22	310.3	314.4	310.0	313.5
1998.04.23	312.6	315.2	311.9	314.3
1998.04.24	313.4	314.2	311.8	312.9
1998.04.27	312.25	313.65	308.9	309.9
1998.04.28	309.39	310.9	306.3	308.2
1998.04.29	307.65	311.4	307.0	310.5
1998.04.30	310.79	312.1	305.5	306.9
1998.05.01	306.25	307.2	301.1	302.5
1998.05.04	302.45	306.0	302.0	304.6
1998.05.05	303.65	305.25	302.5	303.6
1998.05.06	303.6	304.3	299.4	301.0
1998.05.07	300.45	301.5	296.6	298.75
1998.05.08	297.2	301.8	297.2	300.1
1998.05.11	299.55	301.6	297.7	300.6
1998.05.12	299.8	300.6	296.9	298.2
1998.05.13	297.8	300.1	295.2	298.7
1998.05.14	297.8	298.8	295.1	298.8
1998.05.15	298.6	303.9	298.6	301.5
1998.05.18	301.0	302.2	298.5	299.8
1998.05.19	299.15	300.7	298.1	299.0
1998.05.20	297.85	301.4	297.0	299.9
1998.05.21	299.1	300.9	298.7	300.9
1998.05.22	301.0	301.7	299.2	300.1
1998.05.25	298.85	299.5	298.8	299.5
1998.05.26	299.3	300.1	294.7	295.8
1998.05.27	294.75	296.5	290.4	293.35
1998.05.28	294.15	295.0	292.8	293.45
1998.05.29	292.65	294.8	291.2	293.2
1998.06.01	292.75	293.4	288.1	288.7
1998.06.02	288.0	292.3	286.75	291.4
1998.06.03	290.85	294.65	290.0	293.4
1998.06.04	291.9	293.4	291.4	293.4
1998.06.05	292.6	294.2	290.3	291.9
1998.06.08	290.95	296.7	289.0	296.7
1998.06.09	294.9	299.3	292.3	293.9
1998.06.10	292.8	295.6	288.65	293.5
1998.06.11	292.35	294.8	286.5	287.3
1998.06.12	286.5	289.4	284.5	286.25
1998.06.15	285.25	287.1	283.7	285.1
1998.06.16	284.25	289.0	283.95	288.9
1998.06.17	288.85	294.4	287.4	293.7
1998.06.18	295.7	296.0	290.9	293.5
1998.06.19	293.0	300.5	292.0	299.0
1998.06.22	299.29	299.8	293.6	296.0
1998.06.23	295.85	296.35	293.4	295.3
1998.06.24	293.75	295.4	291.9	293.1
1998.06.25	292.45	295.4	292.0	294.1
1998.06.26	293.25	295.0	292.1	294.1
1998.06.29	292.9	294.6	291.9	293.9
1998.06.30	293.3	298.3	293.3	297.2
1998.07.01	297.65	298.7	295.0	296.7
1998.07.02	295.75	296.9	293.2	294.1
1998.07.03	293.5	295.55	293.4	295.1
1998.07.06	293.85	294.7	292.2	293.5
1998.07.07	293.4	295.9	292.7	295.2
1998.07.08	294.9	296.15	290.8	293.5
1998.07.09	293.0	293.9	290.6	292.35
1998.07.10	291.0	291.95	289.5	291.1
1998.07.13	289.6	292.7	288.0	291.9
1998.07.14	291.29	294.7	291.2	293.4
1998.07.15	292.95	294.7	292.05	294.0
1998.07.16	293.2	295.7	292.3	293.5
1998.07.17	293.1	294.9	292.8	294.75
1998.07.20	293.45	295.7	293.3	295.7
1998.07.21	295.35	296.1	294.5	295.1
1998.07.22	294.6	295.6	293.6	294.5
1998.07.23	293.8	295.1	292.0	293.4
1998.07.24	293.8	295.4	290.2	291.7
1998.07.27	291.1	291.95	289.3	290.6
1998.07.28	289.75	292.2	289.35	292.0
1998.07.29	291.5	292.4	289.0	290.3
1998.07.30	289.5	291.6	288.6	290.25
1998.07.31	288.8	290.5	285.7	286.7
1998.08.03	286.2	287.5	282.5	283.2
1998.08.04	283.55	289.8	283.55	288.6
1998.08.05	289.55	290.35	286.9	288.2
1998.08.06	287.5	288.8	286.3	287.7
1998.08.07	287.0	288.0	285.2	286.9
1998.08.10	286.1	287.2	285.0	287.2
1998.08.11	287.2	287.7	282.9	284.2
1998.08.12	283.8	286.9	282.1	283.0
1998.08.13	282.3	285.1	282.0	285.1
1998.08.14	284.95	286.0	283.3	284.3
1998.08.17	284.2	286.1	282.2	285.3
1998.08.18	284.45	285.9	283.8	285.2
1998.08.19	285.3	287.3	282.7	283.6
1998.08.20	283.3	286.5	282.75	285.4
1998.08.21	284.65	286.2	283.2	285.05
1998.08.24	283.9	285.5	283.6	284.9
1998.08.25	284.6	285.55	281.8	283.4
1998.08.26	282.7	285.5	280.8	282.5
1998.08.27	281.2	282.2	276.2	276.8
1998.08.28	278.4	278.4	270.75	274.6
1998.08.31	273.9	277.4	273.8	275.8
1998.09.01	277.1	280.0	276.85	279.1
1998.09.02	278.4	281.6	278.4	280.5
1998.09.03	279.8	286.9	278.1	285.2
1998.09.04	285.4	287.7	284.0	287.1
1998.09.07	286.5	289.6	286.5	288.8
1998.09.08	288.0	289.0	284.8	286.3
1998.09.09	286.3	287.35	282.9	284.5
1998.09.10	283.9	292.4	283.9	290.7
1998.09.11	291.25	297.3	289.8	294.0
1998.09.14	292.45	293.6	288.8	290.6
1998.09.15	289.45	292.9	288.8	290.2
1998.09.16	289.05	290.6	287.2	287.9
1998.09.17	287.1	291.2	286.35	291.2
1998.09.18	292.3	292.8	289.0	291.7
1998.09.21	290.4	294.1	287.7	289.2
1998.09.22	288.3	290.1	287.4	287.9
1998.09.23	287.25	289.5	287.05	289.5
1998.09.24	289.75	295.1	289.55	294.1
1998.09.25	294.05	300.3	293.5	294.4
1998.09.28	293.15	295.6	291.6	295.6
1998.09.29	296.35	297.9	293.2	294.9
1998.09.30	295.1	298.0	293.2	297.2
1998.10.01	296.2	301.7	294.8	300.55
1998.10.02	299.85	303.8	299.0	300.8
1998.10.05	300.1	301.15	295.6	296.9
1998.10.06	295.45	298.1	293.8	296.5
1998.10.07	296.85	300.75	296.8	300.75
1998.10.08	301.85	305.2	299.1	299.9
1998.10.09	300.3	302.5	296.0	297.0
1998.10.12	296.75	299.7	294.5	296.5
1998.10.13	295.5	297.6	295.1	296.8
1998.10.14	296.35	297.5	294.4	296.3
1998.10.15	295.65	298.7	295.65	298.7
1998.10.16	299.9	301.3	297.2	300.2
1998.10.19	299.8	300.3	295.9	296.4
1998.10.20	295.75	297.25	294.5	296.5
1998.10.21	295.9	297.6	294.4	295.5
1998.10.22	294.7	295.5	291.2	292.5
1998.10.23	292.7	294.0	291.6	293.1
1998.10.26	291.85	292.2	290.6	292.2
1998.10.27	291.9	294.0	291.9	294.0
1998.10.28	292.6	294.95	292.5	293.3
1998.10.29	292.9	295.0	292.55	293.9
1998.10.30	293.4	295.0	291.7	292.8
1998.11.02	292.6	293.8	289.6	290.2
1998.11.03	289.95	290.85	287.6	289.2
1998.11.04	289.4	291.9	288.8	291.2
1998.11.05	290.35	294.9	290.3	294.3
1998.11.06	293.0	295.1	292.0	293.4
1998.11.09	292.4	294.1	289.5	292.9
1998.11.10	292.29	294.5	291.4	293.9
1998.11.11	293.1	294.9	292.3	293.3
1998.11.12	293.1	297.9	292.6	297.1
1998.11.13	296.45	298.0	294.9	296.2
1998.11.16	295.5	296.2	294.2	295.2
1998.11.17	294.55	295.55	293.25	294.4
1998.11.18	294.0	298.5	293.8	297.7
1998.11.19	297.3	298.65	295.0	295.9
1998.11.20	296.05	297.5	294.9	296.4
1998.11.23	295.9	297.0	294.9	296.25
1998.11.24	296.25	297.4	295.3	296.5
1998.11.25	296.0	297.7	295.1	296.95
1998.11.26	295.8	296.4	295.4	296.4
1998.11.27	295.75	297.4	295.05	296.55
1998.11.30	295.8	296.8	292.85	293.6
1998.12.01	292.29	294.9	292.29	294.0
1998.12.02	293.7	295.1	292.6	293.3
1998.12.03	292.95	294.6	291.2	292.1
1998.12.04	291.9	293.7	291.5	292.7
1998.12.07	291.8	297.6	291.8	295.3
1998.12.08	294.8	295.8	292.9	293.85
1998.12.09	293.85	295.4	293.0	293.9
1998.12.10	293.8	296.0	293.6	294.5
1998.12.11	294.9	296.1	289.3	291.1
1998.12.14	291.45	292.6	289.9	291.6
1998.12.15	291.3	293.7	291.0	293.1
1998.12.16	292.5	294.8	292.35	294.8
1998.12.17	295.35	296.7	290.7	291.8
1998.12.18	291.65	293.1	288.4	289.3
1998.12.21	289.5	291.1	288.1	289.2
1998.12.22	288.25	289.8	286.7	287.9
1998.12.23	287.35	288.4	285.0	287.1
1998.12.24	286.85	287.95	285.3	286.5
1998.12.28	285.6	286.4	285.5	286.4
1998.12.29	286.45	288.3	285.8	286.6
1998.12.30	286.0	288.4	285.9	287.3
1998.12.31	287.0	289.0	286.7	288.5
1999.01.04	288.3	289.15	286.1	287.6
1999.01.05	287.5	288.15	285.9	287.2
1999.01.06	286.65	288.4	286.35	287.9
1999.01.07	287.85	292.3	287.4	291.95
1999.01.08	291.1	292.6	290.3	291.6
1999.01.11	290.9	293.75	290.3	293.2
1999.01.12	292.45	293.2	287.0	288.8
1999.01.13	288.0	289.0	284.4	286.8
1999.01.14	285.35	286.7	285.0	286.7
1999.01.15	285.65	286.7	284.8	286.7
1999.01.18	285.9	287.1	285.7	287.1
1999.01.19	286.8	287.95	285.3	286.8
1999.01.20	286.05	286.8	285.05	286.8
1999.01.21	287.0	289.0	286.0	287.8
1999.01.22	287.15	288.5	285.7	286.6
1999.01.25	286.2	288.7	285.75	288.0
1999.01.26	287.5	288.4	285.3	286.3
1999.01.27	285.7	286.65	282.0	283.4
1999.01.28	283.15	285.7	281.4	284.5
1999.01.29	284.05	287.2	284.05	286.4
1999.02.01	286.4	289.5	286.4	289.1
1999.02.02	288.65	290.6	288.1	288.8
1999.02.03	288.6	289.25	286.0	287.9
1999.02.04	286.5	289.8	286.5	289.8
1999.02.05	289.65	290.7	288.3	288.8
1999.02.08	288.4	289.3	288.3	289.3
1999.02.09	288.6	289.15	286.4	288.0
1999.02.10	287.6	289.0	286.6	287.4
1999.02.11	286.4	287.7	286.2	287.7
1999.02.12	287.7	290.8	286.6	289.8
1999.02.15	289.15	290.95	289.0	289.75
1999.02.16	287.6	289.8	284.2	285.3
1999.02.17	285.05	286.8	284.5	285.0
1999.02.18	285.15	286.7	284.8	286.7
1999.02.19	285.75	289.2	285.6	288.6
1999.02.22	287.6	288.4	286.2	287.5
1999.02.23	286.15	287.2	285.85	287.2
1999.02.24	287.05	288.8	285.4	288.2
1999.02.25	287.5	288.9	286.0	288.2
1999.02.26	286.4	288.2	285.1	287.3
1999.03.01	286.5	287.6	285.1	286.9
1999.03.02	286.3	289.6	285.8	287.0
1999.03.03	286.0	286.9	285.3	286.9
1999.03.04	286.4	289.1	285.8	288.5
1999.03.05	287.05	288.2	286.8	288.2
1999.03.08	287.8	291.9	287.7	291.8
1999.03.09	291.05	294.5	291.0	292.3
1999.03.10	291.0	292.7	291.0	292.7
1999.03.11	292.6	294.1	292.2	294.1
1999.03.12	294.15	294.65	290.8	292.1
1999.03.15	291.9	292.45	286.1	286.9
1999.03.16	286.65	287.5	281.4	284.3
1999.03.17	283.6	285.8	283.1	284.3
1999.03.18	283.75	284.8	281.5	283.6
1999.03.19	283.0	284.6	282.6	284.5
1999.03.22	283.7	284.6	283.7	284.6
1999.03.23	284.35	285.8	282.2	284.8
1999.03.24	284.25	285.35	283.4	284.3
1999.03.25	283.75	284.5	281.8	283.7
1999.03.26	283.3	283.9	278.7	280.0
1999.03.29	279.85	281.4	279.4	280.6
1999.03.30	279.7	281.25	278.8	279.5
1999.03.31	279.0	281.2	278.1	280.3
1999.04.01	279.9	281.45	279.8	280.7
1999.04.05	279.6	280.1	277.0	278.7
1999.04.06	278.25	281.0	277.8	280.2
1999.04.07	279.9	281.1	279.5	280.8
1999.04.08	279.65	282.15	279.2	281.1
1999.04.09	280.25	282.5	279.2	281.8
1999.04.12	281.65	284.8	281.6	283.1
1999.04.13	282.2	284.5	281.9	284.2
1999.04.14	283.5	284.9	280.5	281.7
1999.04.15	281.7	284.65	280.85	283.8
1999.04.16	283.65	285.4	283.2	284.5
1999.04.19	283.3	285.45	283.3	285.1
1999.04.20	284.3	285.65	283.55	284.7
1999.04.21	284.1	284.8	282.75	284.1
1999.04.22	282.8	283.3	282.35	283.3
1999.04.23	283.3	284.8	282.7	283.8
1999.04.26	283.15	283.9	280.2	281.5
1999.04.27	280.9	283.1	280.05	282.5
1999.04.28	281.8	283.95	281.65	283.2
1999.04.29	282.6	286.8	282.4	286.3
1999.04.30	285.5	288.1	283.6	286.8
1999.05.03	286.2	287.2	285.35	286.5
1999.05.04	286.2	286.7	284.55	285.9
1999.05.05	285.35	288.45	284.85	287.5
1999.05.06	286.7	290.2	286.6	289.8
1999.05.07	288.85	289.65	279.05	283.0
1999.05.10	282.1	282.6	276.9	278.1
1999.05.11	278.15	280.2	277.2	278.4
1999.05.12	278.2	279.25	276.0	277.6
1999.05.13	277.3	279.15	276.9	277.9
1999.05.14	277.6	278.6	275.1	276.2
1999.05.17	275.5	277.15	274.0	274.7
1999.05.18	274.85	275.85	273.3	274.1
1999.05.19	273.5	274.1	271.85	273.4
1999.05.20	273.1	275.45	272.5	274.7
1999.05.21	274.35	275.65	272.0	273.2
1999.05.24	271.75	272.4	271.3	272.4
1999.05.25	272.65	273.8	269.2	270.9
1999.05.26	270.5	271.4	268.7	269.6
1999.05.27	269.0	271.8	267.4	271.1
1999.05.28	270.5	272.2	268.1	270.5
1999.05.31	269.9	271.65	269.6	270.8
1999.06.01	269.85	270.35	264.85	267.9
1999.06.02	267.5	268.25	265.0	265.7
1999.06.03	265.05	267.2	263.25	266.2
1999.06.04	265.9	267.45	264.1	265.5
1999.06.07	264.4	267.9	264.05	265.9
1999.06.08	264.7	266.0	261.1	262.5
1999.06.09	262.5	263.4	257.4	259.8
1999.06.10	258.6	261.1	256.9	258.7
1999.06.11	258.5	261.45	258.5	260.9
1999.06.14	259.0	261.8	258.6	260.8
1999.06.15	259.95	261.15	258.9	259.7
1999.06.16	258.45	259.85	257.85	258.6
1999.06.17	258.15	259.6	257.75	258.7
1999.06.18	258.75	263.65	257.75	259.8
1999.06.21	258.8	260.4	258.05	259.2
1999.06.22	258.85	260.1	257.7	258.6
1999.06.23	257.95	261.1	257.9	260.9
1999.06.24	260.3	261.75	259.85	260.8
1999.06.25	260.75	261.9	258.6	259.7
1999.06.28	259.35	261.45	258.8	260.8
1999.06.29	260.35	262.65	260.15	261.0
1999.06.30	260.15	261.25	260.05	261.25
1999.07.01	262.25	263.9	261.9	263.9
1999.07.02	262.7	263.0	262.4	263.0
1999.07.05	262.8	263.75	261.5	262.5
1999.07.06	262.0	263.05	255.5	257.1
1999.07.07	256.4	259.1	255.25	257.6
1999.07.08	255.95	258.15	255.6	257.2
1999.07.09	256.15	259.4	255.8	257.4
1999.07.12	256.5	257.55	255.0	255.9
1999.07.13	254.15	256.8	253.4	256.1
1999.07.14	255.65	256.5	253.6	254.5
1999.07.15	253.85	255.05	252.45	254.3
1999.07.16	254.0	257.05	253.1	254.1
1999.07.19	253.75	254.75	252.8	253.5
1999.07.20	252.2	253.2	252.05	253.2
1999.07.21	253.1	256.3	252.15	255.7
1999.07.22	255.2	257.4	253.45	256.2
1999.07.23	255.45	256.4	254.3	255.0
1999.07.26	255.4	255.9	252.6	254.2
1999.07.27	253.8	255.25	253.4	254.1
1999.07.28	253.5	255.3	252.95	254.3
1999.07.29	253.7	256.6	253.05	256.6
1999.07.30	256.2	257.5	254.9	256.2
1999.08.02	255.65	256.25	253.6	255.6
1999.08.03	254.35	257.4	254.35	256.4
1999.08.04	256.3	258.85	254.15	256.4
1999.08.05	256.3	257.75	254.75	255.7
1999.08.06	254.7	255.7	254.25	255.7
1999.08.09	255.7	258.1	255.15	257.4
1999.08.10	257.0	257.3	256.05	257.3
1999.08.11	257.45	261.2	256.6	259.2
1999.08.12	259.05	261.95	258.85	261.3
1999.08.13	260.7	261.85	259.4	260.9
1999.08.16	260.1	260.95	257.95	260.4
1999.08.17	258.75	261.2	258.6	261.2
1999.08.18	261.4	262.5	258.5	259.9
1999.08.19	259.25	260.25	257.1	259.0
1999.08.20	258.1	259.65	257.1	257.6
1999.08.23	256.85	258.15	253.9	254.6
1999.08.24	254.45	255.25	252.5	253.1
1999.08.25	253.0	254.15	251.7	252.6
1999.08.26	252.25	254.3	251.95	253.2
1999.08.27	253.3	255.65	252.85	254.0
1999.08.30	253.25	255.1	253.05	254.3
1999.08.31	254.25	256.6	253.65	256.0
1999.09.01	255.7	256.4	253.1	254.2
1999.09.02	253.85	256.5	253.25	255.7
1999.09.03	255.25	256.7	253.4	254.5
1999.09.06	254.0	255.7	254.0	255.1
1999.09.07	254.55	256.95	253.95	256.2
1999.09.08	255.5	256.2	255.15	256.2
1999.09.09	256.0	257.85	255.95	257.5
1999.09.10	256.65	257.4	255.55	256.8
1999.09.13	256.25	257.6	255.65	256.85
1999.09.14	255.85	257.0	255.6	257.0
1999.09.15	256.95	258.2	255.8	257.0
1999.09.16	256.2	256.9	254.95	256.3
1999.09.17	256.0	256.6	254.5	255.0
1999.09.20	254.5	256.15	254.35	255.3
1999.09.21	254.55	261.3	254.15	261.3
1999.09.22	260.35	265.5	259.6	264.8
1999.09.23	263.4	265.9	261.95	265.9
1999.09.24	266.0	271.75	264.95	269.0
1999.09.27	268.5	285.25	268.5	282.7
1999.09.28	283.9	327.8	283.25	309.4
1999.09.29	306.5	323.0	296.5	305.5
1999.09.30	298.0	308.0	296.5	304.5
1999.10.01	297.25	313.7	297.25	310.3
1999.10.04	307.0	322.75	307.0	320.2
1999.10.05	322.5	342.0	320.0	328.0
1999.10.06	319.0	328.5	313.0	326.0
1999.10.07	328.0	330.0	313.5	324.8
1999.10.08	322.0	327.5	315.5	322.2
1999.10.11	319.0	322.4	314.0	320.8
1999.10.12	318.5	326.5	314.5	319.2
1999.10.13	317.25	326.6	316.5	322.3
1999.10.14	323.25	326.5	310.5	314.9
1999.10.15	313.8	319.45	311.75	316.4
1999.10.18	313.38	320.0	308.85	311.7
1999.10.19	310.5	312.75	304.5	309.6
1999.10.20	307.5	311.75	303.8	307.3
1999.10.21	306.0	308.0	300.3	305.7
1999.10.22	302.75	307.0	300.1	303.9
1999.10.25	301.3	304.0	297.5	300.7
1999.10.26	297.5	300.1	288.0	291.1
1999.10.27	286.5	295.3	285.75	294.5
1999.10.28	296.0	302.5	291.75	300.5
1999.10.29	299.0	302.7	296.5	300.2
1999.11.01	294.5	299.0	286.0	291.6
1999.11.02	288.8	294.25	287.8	292.5
1999.11.03	290.25	294.4	289.8	293.3
1999.11.04	292.0	293.3	289.75	293.3
1999.11.05	291.5	293.88	287.0	291.6
1999.11.08	286.75	290.5	286.4	290.4
1999.11.09	289.5	293.25	289.5	292.6
1999.11.10	291.75	299.75	290.5	298.8
1999.11.11	296.5	299.5	293.0	294.5
1999.11.12	293.5	295.25	290.1	291.8
1999.11.15	290.75	294.0	288.6	292.0
1999.11.16	291.25	295.9	290.5	295.3
1999.11.17	293.5	297.38	293.4	295.6
1999.11.18	294.5	295.5	292.7	294.3
1999.11.19	293.4	296.2	292.6	295.5
1999.11.22	293.85	296.5	293.4	295.5
1999.11.23	294.1	298.3	294.0	298.3
1999.11.24	297.7	300.4	296.2	299.4
1999.11.25	298.4	299.4	297.62	298.88
1999.11.26	298.35	299.0	296.28	297.62
1999.11.29	296.2	298.65	289.7	291.7
1999.11.30	290.65	294.75	290.1	291.2
1999.12.01	290.7	292.05	287.9	290.2
1999.12.02	289.15	290.12	283.2	285.5
1999.12.03	284.25	285.35	278.88	280.3
1999.12.06	278.4	283.0	274.0	276.6
1999.12.07	277.6	284.4	277.6	284.0
1999.12.08	282.0	286.5	280.4	282.2
1999.12.09	281.3	282.62	277.9	278.5
1999.12.10	277.4	281.95	277.4	279.2
1999.12.13	278.4	280.5	278.0	280.5
1999.12.14	279.9	282.2	278.55	280.2
1999.12.15	279.65	284.5	279.25	283.0
1999.12.16	283.0	283.5	279.15	282.2
1999.12.17	281.25	286.38	281.25	284.3
1999.12.20	283.3	285.38	282.3	284.4
1999.12.21	283.65	288.07	281.88	288.07
1999.12.22	287.32	291.0	285.05	287.1
1999.12.23	286.45	288.25	284.9	287.2
1999.12.24	286.0	287.75	286.0	287.75
1999.12.27	287.12	288.0	286.5	288.0
1999.12.28	287.6	291.35	287.1	290.3
1999.12.29	290.0	292.2	289.4	291.2
1999.12.30	290.1	291.9	287.7	288.8
1999.12.31	290.38	292.0	287.25	289.0
2000.01.03	287.5	289.0	287.5	289.0
2000.01.04	283.62	291.5	279.45	282.0
2000.01.05	282.0	283.95	279.25	281.1
2000.01.06	280.55	283.6	278.7	281.7
2000.01.07	280.88	283.8	280.15	282.0
2000.01.10	281.15	283.0	280.51	282.0
2000.01.11	281.5	284.5	280.25	283.7
2000.01.12	282.5	283.55	281.0	282.8
2000.01.13	281.13	285.3	281.0	284.5
2000.01.14	284.0	285.68	282.65	284.6
2000.01.17	283.8	287.4	282.4	285.75
2000.01.18	285.15	289.3	284.7	289.1
2000.01.19	286.65	289.7	286.5	289.7
2000.01.20	289.1	290.25	286.9	288.95
2000.01.21	288.2	290.1	286.55	289.5
2000.01.24	287.0	289.77	286.0	288.0
2000.01.25	287.0	291.5	285.5	286.5
2000.01.26	287.5	288.1	284.15	286.55
2000.01.27	284.9	287.8	284.9	287.6
2000.01.28	285.5	288.45	280.3	282.75
2000.01.31	281.6	287.65	281.6	283.9
2000.02.01	283.3	284.7	282.0	282.9
2000.02.02	281.5	287.2	281.5	285.2
2000.02.03	284.65	288.5	283.4	287.4
2000.02.04	287.5	315.8	285.45	310.8
2000.02.07	313.0	327.0	301.0	304.0
2000.02.08	302.0	307.0	294.8	300.1
2000.02.09	300.5	312.5	298.2	307.7
2000.02.10	307.0	317.65	307.0	317.45
2000.02.11	315.35	318.75	307.2	311.15
2000.02.14	310.35	316.75	304.75	309.65
2000.02.15	306.75	309.75	300.0	302.5
2000.02.16	302.05	306.0	297.0	303.5
2000.02.17	301.5	310.5	297.3	301.5
2000.02.18	300.1	306.3	299.8	305.75
2000.02.21	303.4	307.5	302.75	306.25
2000.02.22	305.75	306.75	300.95	305.7
2000.02.23	304.3	306.62	299.3	300.8
2000.02.24	300.8	302.7	297.45	299.1
2000.02.25	297.8	299.75	291.1	294.5
2000.02.28	291.25	294.5	290.75	293.2
2000.02.29	292.1	295.35	291.3	292.7
2000.03.01	291.7	294.88	288.25	289.8
2000.03.02	288.7	294.0	287.0	289.25
2000.03.03	287.38	292.0	286.88	289.0
2000.03.06	288.0	290.88	287.2	288.4
2000.03.07	287.25	294.55	287.0	293.7
2000.03.08	293.0	294.7	287.5	288.5
2000.03.09	289.0	294.0	287.5	291.7
2000.03.10	290.7	293.75	287.9	289.5
2000.03.13	290.0	292.65	288.6	290.9
2000.03.14	290.0	292.5	287.55	289.4
2000.03.15	288.5	291.7	287.6	289.5
2000.03.16	288.6	290.25	284.9	287.0
2000.03.17	285.9	287.85	282.4	285.1
2000.03.20	282.8	287.05	282.8	286.4
2000.03.21	285.1	292.15	283.25	290.2
2000.03.22	289.3	291.4	284.5	288.5
2000.03.23	287.0	290.6	282.35	285.7
2000.03.24	285.3	288.25	283.5	285.5
2000.03.27	284.5	285.85	279.8	281.1
2000.03.28	280.3	283.0	278.7	280.5
2000.03.29	279.5	281.15	274.6	276.9
2000.03.30	274.7	279.8	274.7	277.4
2000.03.31	276.75	280.9	274.0	279.4
2000.04.03	278.5	279.88	276.4	278.7
2000.04.04	277.4	289.25	275.3	284.4
2000.04.05	283.75	286.2	275.75	282.0
2000.04.06	281.3	282.7	278.1	281.0
2000.04.07	279.9	281.9	278.85	280.7
2000.04.10	280.1	283.3	279.15	282.5
2000.04.11	281.4	284.7	280.45	282.1
2000.04.12	281.0	284.35	278.55	282.7
2000.04.13	281.7	283.5	279.2	282.4
2000.04.14	281.2	287.0	279.65	283.1
2000.04.17	284.25	285.8	280.0	282.0
2000.04.18	281.0	283.4	279.9	281.8
2000.04.19	280.8	282.7	279.6	281.2
2000.04.20	280.2	281.9	278.3	280.3
2000.04.21	279.3	280.6	279.1	280.5
2000.04.24	279.5	281.4	279.0	280.3
2000.04.25	280.4	281.2	277.2	278.9
2000.04.26	277.4	281.0	274.2	276.62
2000.04.27	275.1	278.2	274.65	277.3
2000.04.28	276.7	277.6	272.6	273.6
2000.05.01	275.0	275.5	272.1	273.9
2000.05.02	273.6	277.0	272.8	275.2
2000.05.03	275.15	278.0	275.0	278.0
2000.05.04	278.0	283.3	276.2	280.2
2000.05.05	280.1	283.2	277.4	279.2
2000.05.08	278.7	281.2	276.0	276.8
2000.05.09	276.3	278.5	275.0	277.5
2000.05.10	277.0	279.8	276.3	278.0
2000.05.11	277.4	278.8	275.2	276.4
2000.05.12	275.6	278.0	275.2	276.4
2000.05.15	276.2	277.9	273.9	275.7
2000.05.16	275.2	278.0	274.5	275.9
2000.05.17	274.9	276.9	271.5	274.3
2000.05.18	273.5	275.0	271.55	274.1
2000.05.19	272.65	275.3	272.15	274.5
2000.05.22	273.85	277.65	273.0	276.3
2000.05.23	275.3	277.5	272.9	274.5
2000.05.24	273.9	275.0	272.15	274.0
2000.05.25	273.0	275.4	268.7	270.8
2000.05.26	269.8	273.9	269.0	272.8
2000.05.29	272.2	275.0	271.6	272.6
2000.05.30	271.6	275.3	271.6	273.7
2000.05.31	272.6	273.95	271.4	272.6
2000.06.01	271.7	274.45	271.0	273.1
2000.06.02	272.3	283.2	272.15	281.4
2000.06.05	280.8	286.75	277.6	285.7
2000.06.06	285.2	291.65	281.3	290.0
2000.06.07	289.0	290.0	283.85	287.8
2000.06.08	286.9	288.0	283.35	284.7
2000.06.09	284.2	287.25	283.0	284.35
2000.06.12	282.75	286.5	282.65	286.5
2000.06.13	286.0	294.62	284.15	286.0
2000.06.14	285.25	291.5	285.0	291.5
2000.06.15	291.5	293.75	286.25	290.1
2000.06.16	289.05	292.45	287.0	289.5
2000.06.19	288.9	290.9	285.0	286.5
2000.06.20	285.25	288.1	284.85	286.75
2000.06.21	285.75	288.05	285.1	286.4
2000.06.22	285.65	289.95	284.4	285.9
2000.06.23	285.05	287.15	282.2	283.4
2000.06.26	282.9	285.2	281.55	284.2
2000.06.27	283.2	286.15	282.6	286.15
2000.06.28	285.8	293.6	283.85	293.0
2000.06.29	292.4	293.15	287.6	289.65
2000.06.30	288.8	290.75	287.3	289.3
2000.07.03	288.6	290.6	287.4	288.2
2000.07.04	287.5	289.6	286.0	288.3
2000.07.05	286.4	288.4	283.5	284.5
2000.07.06	283.8	286.9	281.9	283.9
2000.07.07	283.2	285.25	281.6	284.0
2000.07.10	283.4	285.9	282.6	284.4
2000.07.11	283.7	284.9	281.5	282.8
2000.07.12	283.0	284.0	279.0	280.9
2000.07.13	280.4	282.4	279.4	280.75
2000.07.14	279.55	281.3	279.4	281.3
2000.07.17	280.2	284.65	280.2	283.8
2000.07.18	283.3	284.6	281.55	282.9
2000.07.19	282.1	283.1	277.05	279.4
2000.07.20	278.9	281.75	277.25	280.5
2000.07.21	280.0	282.05	278.5	280.6
2000.07.24	280.25	281.0	278.5	279.75
2000.07.25	279.0	282.15	277.6	279.3
2000.07.26	278.8	280.95	278.0	280.0
2000.07.27	279.75	281.95	277.45	279.0
2000.07.28	278.2	279.9	277.3	278.9
2000.07.31	278.0	279.0	276.05	277.5
2000.08.01	276.95	279.05	276.0	277.6
2000.08.02	277.0	279.6	275.95	277.8
2000.08.03	276.85	278.9	272.3	274.2
2000.08.04	273.65	275.7	271.7	273.5
2000.08.07	272.5	275.0	272.0	274.0
2000.08.08	273.6	275.5	271.55	273.75
2000.08.09	272.7	274.7	270.8	273.05
2000.08.10	271.75	273.95	271.0	273.0
2000.08.11	272.75	276.05	272.0	275.4
2000.08.14	274.5	277.1	272.6	275.0
2000.08.15	274.75	275.9	273.65	274.9
2000.08.16	274.4	278.1	273.95	277.7
2000.08.17	277.5	279.4	275.35	277.9
2000.08.18	277.4	278.25	275.0	277.15
2000.08.21	276.45	277.8	273.85	275.7
2000.08.22	274.9	276.25	272.05	274.0
2000.08.23	273.5	274.6	270.4	271.5
2000.08.24	271.0	273.75	270.0	273.2
2000.08.25	272.7	275.35	272.0	274.5
2000.08.28	273.4	274.25	272.8	274.25
2000.08.29	273.55	275.75	272.1	273.75
2000.08.30	272.5	274.0	272.1	274.0
2000.08.31	273.8	279.1	272.7	278.2
2000.09.01	277.5	278.5	275.0	277.0
2000.09.04	276.7	278.35	276.0	277.25
2000.09.05	276.8	278.0	274.4	276.1
2000.09.06	275.4	277.15	273.05	275.0
2000.09.07	274.2	275.05	272.0	274.1
2000.09.08	273.0	275.25	271.0	273.4
2000.09.11	272.7	274.75	271.7	273.4
2000.09.12	272.9	276.05	272.05	273.3
2000.09.13	272.85	274.65	271.65	273.0
2000.09.14	272.6	274.6	271.6	272.8
2000.09.15	272.3	274.1	270.6	272.7
2000.09.18	271.8	274.8	270.95	272.0
2000.09.19	271.5	273.65	270.35	272.65
2000.09.20	271.8	273.4	268.7	269.6
2000.09.21	269.1	272.0	268.25	271.1
2000.09.22	270.4	276.5	269.6	272.4
2000.09.25	271.9	275.05	271.55	274.6
2000.09.26	274.1	276.15	273.3	274.6
2000.09.27	274.1	279.95	273.6	278.7
2000.09.28	278.3	279.25	274.6	275.1
2000.09.29	275.8	277.85	272.25	274.5
2000.10.02	274.1	275.05	272.35	273.7
2000.10.03	273.2	274.1	271.35	272.5
2000.10.04	271.9	274.6	269.75	271.35
2000.10.05	270.3	272.75	268.4	270.2
2000.10.06	270.6	272.0	268.85	269.9
2000.10.09	269.15	270.65	269.1	270.65
2000.10.10	270.1	273.85	268.25	273.0
2000.10.11	272.5	275.45	270.15	271.2
2000.10.12	269.95	276.55	269.95	276.55
2000.10.13	276.55	278.1	271.2	272.9
2000.10.16	272.65	274.3	270.25	272.3
2000.10.17	271.8	272.65	268.9	271.5
2000.10.18	271.05	274.35	269.4	271.0
2000.10.19	271.5	272.35	269.65	271.15
2000.10.20	270.8	275.7	269.65	271.8
2000.10.23	270.9	272.65	269.4	270.6
2000.10.24	270.0	272.15	269.3	270.4
2000.10.25	270.0	271.05	265.65	267.0
2000.10.26	266.5	268.0	263.95	265.5
2000.10.27	265.2	267.3	261.85	264.72
2000.10.30	264.42	266.65	263.8	264.7
2000.10.31	264.0	266.35	263.1	264.75
2000.11.01	264.45	267.3	262.85	264.4
2000.11.02	264.5	267.15	263.2	265.0
2000.11.03	264.5	267.25	263.55	265.4
2000.11.06	265.45	267.05	264.1	265.3
2000.11.07	264.7	267.3	263.0	265.0
2000.11.08	264.2	266.3	263.4	265.4
2000.11.09	264.9	267.2	263.35	266.45
2000.11.10	265.55	266.95	263.75	265.0
2000.11.13	264.75	266.45	263.65	264.6
2000.11.14	264.25	265.9	263.65	264.75
2000.11.15	264.45	267.2	263.95	265.45
2000.11.16	264.6	268.85	264.3	266.85
2000.11.17	266.15	267.55	264.65	266.0
2000.11.20	266.0	267.45	265.25	266.7
2000.11.21	266.3	268.45	265.15	266.1
2000.11.22	265.4	268.1	265.15	266.8
2000.11.23	266.3	268.1	265.0	266.1
2000.11.24	265.1	266.1	265.0	266.1
2000.11.27	265.7	271.35	265.25	270.3
2000.11.28	269.5	271.65	268.2	269.9
2000.11.29	269.1	270.7	265.7	266.8
2000.11.30	266.3	271.35	265.25	270.7
2000.12.01	270.2	273.5	268.6	269.6
2000.12.04	269.5	272.6	269.1	271.15
2000.12.05	270.7	272.75	269.8	270.85
2000.12.06	270.3	276.0	269.9	274.95
2000.12.07	274.5	276.4	270.85	274.0
2000.12.08	273.55	274.8	271.85	273.0
2000.12.11	272.5	273.75	269.9	270.7
2000.12.12	270.3	272.7	269.7	271.3
2000.12.13	270.8	271.5	267.8	269.75
2000.12.14	269.0	271.55	268.05	269.8
2000.12.15	268.8	270.7	268.55	270.7
2000.12.18	270.3	271.4	269.3	270.4
2000.12.19	269.9	271.05	268.75	270.5
2000.12.20	270.3	274.5	269.25	273.1
2000.12.21	272.6	275.45	272.0	274.4
2000.12.22	273.9	275.95	272.75	274.2
2000.12.25	273.54	273.89	273.54	273.54
2000.12.26	273.55	275.45	272.9	274.7
2000.12.27	274.2	276.45	273.85	275.7
2000.12.28	275.15	276.65	270.95	272.5
2000.12.29	272.0	274.85	270.65	272.5
2001.01.01	272.45	272.7	272.25	272.5
2001.01.02	272.25	274.0	267.5	269.55
2001.01.03	268.4	270.45	266.0	268.3
2001.01.04	267.9	269.8	266.3	267.8
2001.01.05	267.25	269.5	266.4	268.4
2001.01.08	267.85	270.4	267.45	268.6
2001.01.09	268.1	269.1	266.5	268.0
2001.01.10	267.5	268.55	264.1	265.2
2001.01.11	264.7	266.35	263.0	264.9
2001.01.12	264.1	265.45	263.1	264.57
2001.01.15	264.1	265.1	262.85	263.81
2001.01.16	263.48	266.2	262.45	264.0
2001.01.17	263.7	264.94	262.36	264.3
2001.01.18	263.5	265.85	262.9	265.3
2001.01.19	264.8	267.25	263.95	265.0
2001.01.22	264.5	269.05	264.2	267.15
2001.01.23	266.8	269.75	265.05	266.8
2001.01.24	266.5	267.5	263.2	265.4
2001.01.25	264.5	265.95	262.6	265.2
2001.01.26	264.7	267.4	261.7	263.55
2001.01.29	262.9	265.25	262.05	263.5
2001.01.30	262.8	267.1	262.5	266.1
2001.01.31	265.6	267.2	263.8	266.55
2001.02.01	265.6	269.45	264.55	268.6
2001.02.02	268.2	269.15	266.2	267.8
2001.02.05	267.2	268.05	264.75	265.75
2001.02.06	265.3	267.5	261.85	264.0
2001.02.07	263.5	265.8	262.15	263.6
2001.02.08	263.1	264.4	260.0	260.9
2001.02.09	260.6	262.15	258.8	260.9
2001.02.12	260.4	262.6	260.1	261.7
2001.02.13	261.2	262.4	259.7	261.2
2001.02.14	260.4	261.9	259.25	260.35
2001.02.15	259.8	261.0	254.7	256.1
2001.02.16	255.55	260.05	253.5	259.2
2001.02.19	258.6	260.55	258.2	259.9
2001.02.20	259.4	260.2	255.75	256.9
2001.02.21	255.75	259.95	255.65	258.9
2001.02.22	258.5	261.45	257.15	259.3
2001.02.23	258.8	262.4	258.05	261.8
2001.02.26	261.3	267.5	261.25	266.8
2001.02.27	266.3	270.12	265.4	268.5
2001.02.28	267.0	269.0	264.15	267.4
2001.03.01	266.9	268.55	264.65	265.9
2001.03.02	265.4	266.3	261.95	263.1
2001.03.05	262.5	263.95	261.45	263.3
2001.03.06	262.9	264.0	259.5	261.0
2001.03.07	260.4	263.5	259.55	262.5
2001.03.08	262.2	267.85	261.65	266.3
2001.03.09	267.6	273.05	265.5	272.0
2001.03.12	271.9	275.6	269.25	272.8
2001.03.13	272.3	273.15	267.15	268.4
2001.03.14	267.9	270.65	262.35	263.4
2001.03.15	262.7	264.4	259.2	260.9
2001.03.16	260.4	263.0	257.95	259.3
2001.03.19	259.1	262.55	258.25	260.95
2001.03.20	260.6	263.75	260.35	261.8
2001.03.21	261.3	263.05	260.45	263.05
2001.03.22	262.6	264.0	260.55	262.3
2001.03.23	261.8	264.6	261.3	262.6
2001.03.26	261.9	263.75	260.55	262.9
2001.03.27	262.4	264.0	260.65	261.8
2001.03.28	260.7	262.7	259.05	260.3
2001.03.29	260.0	261.45	258.15	259.2
2001.03.30	258.9	260.6	256.75	258.2
2001.04.02	257.8	259.0	254.2	255.8
2001.04.03	255.3	259.05	254.9	257.75
2001.04.04	256.8	261.25	256.25	258.7
2001.04.05	258.2	259.85	257.2	258.8
2001.04.06	258.3	260.85	257.2	260.3
2001.04.09	259.8	261.75	257.75	258.8
2001.04.10	258.25	259.75	256.05	257.75
2001.04.11	257.2	260.25	256.35	259.05
2001.04.12	258.45	261.35	257.4	260.4
2001.04.13	259.9	260.75	259.0	259.5
2001.04.16	259.0	264.65	259.0	263.6
2001.04.17	263.4	264.75	259.55	261.3
2001.04.18	260.8	262.8	257.95	261.5
2001.04.19	260.5	265.2	260.35	265.2
2001.04.20	265.2	266.1	263.3	264.9
2001.04.23	264.15	265.55	262.0	263.9
2001.04.24	263.4	265.4	262.35	264.4
2001.04.25	263.9	265.15	261.35	262.5
2001.04.26	262.4	264.95	261.5	264.4
2001.04.27	263.9	267.45	263.3	263.9
2001.04.30	263.3	263.8	262.65	263.8
2001.05.01	263.3	264.4	263.25	264.4
2001.05.02	263.8	265.25	263.35	265.25
2001.05.03	265.35	268.05	264.5	266.5
2001.05.04	266.0	268.05	264.9	266.4
2001.05.07	266.15	267.15	264.98	266.5
2001.05.08	266.0	266.6	264.05	265.5
2001.05.09	265.0	271.25	264.45	270.3
2001.05.10	269.8	271.15	267.9	269.5
2001.05.11	269.0	270.25	267.45	268.3
2001.05.14	267.9	269.6	267.05	268.9
2001.05.15	267.7	268.2	266.0	268.2
2001.05.16	268.2	273.05	267.75	272.5
2001.05.17	272.0	275.15	271.05	274.0
2001.05.18	272.8	287.3	271.1	287.3
2001.05.21	285.75	299.0	282.15	285.9
2001.05.22	285.2	286.75	281.1	285.4
2001.05.23	284.9	286.5	281.8	284.0
2001.05.24	283.75	288.5	275.3	279.4
2001.05.25	278.9	282.3	274.57	277.9
2001.05.28	277.4	280.0	275.75	277.9
2001.05.29	277.6	279.3	272.55	274.1
2001.05.30	273.25	276.2	264.4	266.3
2001.05.31	265.8	269.02	264.8	266.1
2001.06.01	265.6	268.1	264.55	267.3
2001.06.04	266.5	268.4	264.6	266.0
2001.06.05	265.5	267.6	264.25	266.5
2001.06.06	266.0	268.3	264.8	266.5
2001.06.07	265.5	266.8	265.0	266.8
2001.06.08	266.3	275.5	265.6	274.0
2001.06.11	273.0	274.25	266.1	268.4
2001.06.12	267.8	273.25	266.6	272.0
2001.06.13	271.5	274.15	269.05	272.6
2001.06.14	272.15	277.4	270.45	276.25
2001.06.15	275.2	276.85	269.75	271.8
2001.06.18	271.0	274.65	270.6	273.0
2001.06.19	272.15	275.5	271.55	273.9
2001.06.20	273.4	274.8	270.65	273.0
2001.06.21	272.5	274.65	270.85	273.2
2001.06.22	272.7	276.2	271.6	272.9
2001.06.25	272.3	275.65	272.15	274.2
2001.06.26	274.0	279.55	272.6	276.4
2001.06.27	276.25	277.95	270.95	272.85
2001.06.28	272.35	276.0	267.3	269.5
2001.06.29	269.25	272.65	268.75	271.1
2001.07.02	270.6	271.45	267.4	269.8
2001.07.03	269.3	272.5	267.25	268.0
2001.07.04	267.5	269.15	267.15	268.2
2001.07.05	267.7	268.95	264.45	265.6
2001.07.06	265.1	267.9	264.15	266.5
2001.07.09	266.5	267.65	265.1	266.9
2001.07.10	266.4	268.25	265.6	266.6
2001.07.11	266.1	270.35	265.5	268.7
2001.07.12	268.75	269.25	265.25	267.1
2001.07.13	266.6	268.3	265.65	267.6
2001.07.16	266.95	269.75	266.25	267.75
2001.07.17	266.75	268.1	266.25	268.1
2001.07.18	268.1	271.6	266.75	271.0
2001.07.19	270.75	272.35	267.25	269.8
2001.07.20	268.75	271.85	268.35	270.3
2001.07.23	270.15	270.8	268.25	269.1
2001.07.24	268.6	270.65	267.95	270.0
2001.07.25	269.5	270.25	266.75	268.2
2001.07.26	267.5	269.0	265.35	266.7
2001.07.27	266.2	268.45	265.0	267.8
2001.07.30	267.6	268.75	264.45	265.5
2001.07.31	265.0	267.65	264.0	267.1
2001.08.01	266.6	269.25	265.9	268.2
2001.08.02	267.7	269.1	266.65	268.3
2001.08.03	267.8	269.55	266.25	268.8
2001.08.06	268.5	269.25	266.65	268.0
2001.08.07	267.15	268.45	265.75	267.9
2001.08.08	267.4	269.25	265.75	268.6
2001.08.09	267.6	273.9	266.6	273.9
2001.08.10	273.9	277.55	272.1	274.8
2001.08.13	273.5	277.9	273.5	276.2
2001.08.14	275.2	276.5	273.0	276.5
2001.08.15	276.5	278.45	274.25	276.1
2001.08.16	275.6	277.35	274.15	275.6
2001.08.17	275.1	281.7	274.4	279.5
2001.08.20	279.0	280.05	275.35	276.3
2001.08.21	275.8	279.0	273.45	275.3
2001.08.22	274.8	278.55	273.95	275.0
2001.08.23	274.5	276.9	273.75	275.6
2001.08.24	275.1	276.35	271.55	273.1
2001.08.27	272.25	274.95	270.95	273.1
2001.08.28	272.55	273.25	270.15	272.55
2001.08.29	272.0	274.85	271.7	273.9
2001.08.30	273.0	275.05	271.75	275.05
2001.08.31	274.95	276.75	271.95	274.7
2001.09.03	274.45	274.95	272.6	273.75
2001.09.04	273.25	274.25	270.75	272.4
2001.09.05	271.55	273.25	270.7	272.3
2001.09.06	271.8	274.15	270.75	273.4
2001.09.07	272.9	275.25	271.7	273.4
2001.09.10	273.0	274.1	270.45	272.0
2001.09.11	271.5	296.0	270.8	287.0
2001.09.12	286.0	293.0	275.5	278.5
2001.09.13	278.0	284.0	275.5	281.5
2001.09.14	281.0	291.0	278.0	285.8
2001.09.17	288.0	296.0	283.75	290.5
2001.09.18	289.4	292.0	285.12	288.0
2001.09.19	287.5	293.3	286.0	290.4
2001.09.20	289.9	291.5	286.9	288.9
2001.09.21	288.4	296.1	287.5	291.7
2001.09.24	290.5	293.5	286.7	289.5
2001.09.25	289.0	291.25	286.5	290.0
2001.09.26	289.5	294.4	286.75	293.3
2001.09.27	292.8	293.93	288.5	292.2
2001.09.28	291.7	294.65	289.4	293.45
2001.10.01	292.0	293.7	289.8	291.95
2001.10.02	291.45	293.5	288.3	289.7
2001.10.03	289.2	293.5	288.62	289.7
2001.10.04	289.2	292.7	288.1	290.1
2001.10.05	289.6	292.88	289.5	291.2
2001.10.08	290.75	294.62	290.2	292.15
2001.10.09	291.65	293.5	287.5	288.25
2001.10.10	287.75	291.25	283.5	285.1
2001.10.11	284.6	288.7	279.7	281.5
2001.10.12	282.2	286.6	281.0	284.7
2001.10.15	284.2	286.25	280.9	281.7
2001.10.16	281.3	284.25	280.3	281.6
2001.10.17	281.1	285.0	280.55	282.7
2001.10.18	282.2	284.3	277.3	279.7
2001.10.19	279.2	283.6	277.2	279.9
2001.10.22	279.4	280.0	274.7	275.8
2001.10.23	275.3	278.7	273.95	276.2
2001.10.24	275.7	277.2	274.77	275.6
2001.10.25	275.2	278.07	274.6	277.5
2001.10.26	276.5	278.4	276.0	277.6
2001.10.29	277.1	279.9	276.65	279.4
2001.10.30	278.9	282.0	278.6	280.75
2001.10.31	280.25	282.5	277.8	279.75
2001.11.01	279.25	281.8	278.15	279.9
2001.11.02	279.05	281.3	278.8	280.2
2001.11.05	279.7	280.65	277.35	279.3
2001.11.06	278.3	280.4	277.85	280.4
2001.11.07	280.25	281.6	278.6	281.0
2001.11.08	280.3	281.25	276.05	277.3
2001.11.09	276.8	280.8	276.0	277.95
2001.11.12	277.2	282.5	277.0	278.65
2001.11.13	278.15	280.6	275.6	277.8
2001.11.14	277.3	280.05	276.55	278.0
2001.11.15	277.6	278.6	274.15	275.6
2001.11.16	275.1	277.35	273.45	275.1
2001.11.19	274.1	275.25	271.85	272.5
2001.11.20	272.1	274.0	272.05	273.25
2001.11.21	272.5	273.35	271.7	272.9
2001.11.22	272.3	273.05	271.85	272.6
2001.11.23	272.1	272.9	272.0	272.65
2001.11.26	272.3	273.1	272.0	272.7
2001.11.27	272.3	273.4	272.25	273.2
2001.11.28	273.3	275.9	273.1	274.8
2001.11.29	273.7	275.35	273.05	274.0
2001.11.30	273.4	276.55	273.1	274.65
2001.12.03	274.15	278.7	274.0	277.6
2001.12.04	276.6	277.05	275.05	275.5
2001.12.05	275.0	276.1	273.25	274.2
2001.12.06	273.3	276.1	273.1	274.55
2001.12.07	273.5	274.75	273.25	274.3
2001.12.10	273.8	274.2	270.95	272.5
2001.12.11	272.1	272.75	271.35	272.6
2001.12.12	272.0	274.3	271.9	274.3
2001.12.13	273.8	274.25	273.25	274.25
2001.12.14	273.75	278.95	273.55	278.2
2001.12.17	276.85	278.3	276.15	278.1
2001.12.18	278.0	281.75	277.55	280.7
2001.12.19	279.7	279.8	274.85	275.9
2001.12.20	275.4	278.85	274.0	276.1
2001.12.21	275.6	279.0	275.6	277.9
2001.12.24	277.2	278.38	276.9	277.8
2001.12.25	277.8	280.75	277.5	279.0
2001.12.26	278.0	279.5	277.7	279.0
2001.12.27	278.5	280.25	276.35	276.8
2001.12.28	276.3	277.8	275.55	276.3
2001.12.31	275.9	279.6	275.65	279.2
2002.01.01	278.2	278.7	276.7	278.7
2002.01.02	278.2	278.95	277.35	278.5
2002.01.03	278.0	279.75	276.55	278.2
2002.01.04	277.55	279.15	276.8	278.7
2002.01.07	277.9	280.01	276.9	278.5
2002.01.08	278.0	279.5	277.75	278.8
2002.01.09	278.3	284.15	278.2	283.95
2002.01.10	283.1	289.0	282.3	286.15
2002.01.11	285.65	287.65	285.15	287.3
2002.01.14	286.1	286.85	284.35	284.9
2002.01.15	284.5	285.0	282.55	284.4
2002.01.16	283.9	289.0	283.05	286.9
2002.01.17	286.65	288.35	283.55	283.8
2002.01.18	283.3	284.3	282.45	283.3
2002.01.21	282.8	283.55	281.5	282.3
2002.01.22	281.8	283.55	280.5	281.35
2002.01.23	280.9	282.5	278.15	279.0
2002.01.24	278.5	279.35	277.35	279.0
2002.01.25	278.25	279.2	277.75	279.2
2002.01.28	278.7	279.4	277.95	278.5
2002.01.29	277.9	281.7	276.6	281.7
2002.01.30	281.2	283.5	279.2	281.7
2002.01.31	281.2	282.95	280.75	282.95
2002.02.01	282.2	286.7	281.45	286.0
2002.02.04	285.25	291.6	284.9	291.6
2002.02.05	289.6	298.5	289.1	297.3
2002.02.06	296.95	306.5	295.5	296.5
2002.02.07	296.38	303.0	296.38	303.0
2002.02.08	301.0	308.3	299.6	303.5
2002.02.11	303.0	304.8	297.1	299.0
2002.02.12	298.5	301.75	296.9	300.0
2002.02.13	299.5	300.4	295.1	299.25
2002.02.14	298.75	300.2	297.4	299.7
2002.02.15	298.9	301.8	297.4	297.6
2002.02.18	298.0	298.88	296.38	297.5
2002.02.19	297.0	298.35	292.0	292.85
2002.02.20	292.35	293.9	290.3	291.2
2002.02.21	290.7	293.5	289.55	292.5
2002.02.22	292.0	294.12	291.1	292.5
2002.02.25	292.25	292.8	290.4	292.3
2002.02.26	291.8	297.55	291.68	297.5
2002.02.27	297.0	299.12	295.15	296.1
2002.02.28	296.1	297.55	295.4	296.3
2002.03.01	295.8	299.05	294.75	297.9
2002.03.04	297.1	299.62	296.35	296.6
2002.03.05	296.1	299.0	293.55	294.05
2002.03.06	293.3	294.55	292.1	293.25
2002.03.07	292.65	293.15	289.05	289.3
2002.03.08	288.8	289.85	287.4	289.5
2002.03.11	289.35	293.45	288.9	290.95
2002.03.12	290.45	295.15	290.0	294.1
2002.03.13	293.1	294.4	292.45	293.1
2002.03.14	292.6	293.3	290.05	291.0
2002.03.15	290.5	291.15	288.85	289.8
2002.03.18	289.8	293.38	289.5	292.8
2002.03.19	291.8	293.55	291.35	292.95
2002.03.20	292.45	292.8	291.2	292.1
2002.03.21	291.6	293.15	291.6	292.9
2002.03.22	292.9	298.38	292.6	298.0
2002.03.25	296.9	298.3	296.6	298.1
2002.03.26	297.25	297.75	295.35	296.5
2002.03.27	296.25	302.8	295.85	302.0
2002.03.28	301.5	304.27	300.0	302.4
2002.03.29	301.9	303.0	301.75	302.25
2002.04.01	301.75	303.1	300.45	303.1
2002.04.02	302.6	306.2	301.88	305.6
2002.04.03	305.1	306.45	300.8	302.3
2002.04.04	301.8	302.5	298.45	300.75
2002.04.05	300.25	301.75	297.75	299.8
2002.04.08	299.35	300.75	297.95	300.25
2002.04.09	299.75	299.8	297.75	298.3
2002.04.10	297.8	301.65	296.75	301.0
2002.04.11	300.5	302.75	298.5	302.4
2002.04.12	301.65	301.9	299.7	301.9
2002.04.15	301.4	302.2	299.15	299.6
2002.04.16	299.1	299.5	297.15	298.75
2002.04.17	298.25	302.15	297.6	301.8
2002.04.18	301.3	305.6	301.0	303.4
2002.04.19	302.9	304.8	300.7	302.1
2002.04.22	301.5	304.0	301.35	302.65
2002.04.23	302.0	304.05	301.5	303.4
2002.04.24	303.4	306.05	303.0	304.3
2002.04.25	303.55	308.6	303.55	307.4
2002.04.26	307.15	311.5	305.6	311.1
2002.04.29	310.25	312.0	308.0	311.05
2002.04.30	310.55	310.85	306.55	308.2
2002.05.01	307.7	310.35	306.7	308.85
2002.05.02	308.1	308.75	306.35	307.6
2002.05.03	307.1	312.85	307.05	311.7
2002.05.06	311.0	312.7	310.0	311.2
2002.05.07	310.7	313.4	308.6	311.3
2002.05.08	310.8	312.55	307.55	308.0
2002.05.09	308.0	310.75	307.55	309.8
2002.05.10	308.8	311.45	308.6	310.8
2002.05.13	310.1	311.25	308.85	310.7
2002.05.14	310.0	310.35	306.45	307.4
2002.05.15	306.9	308.8	305.95	308.8
2002.05.16	308.3	310.15	308.1	309.6
2002.05.17	309.4	311.65	308.75	310.8
2002.05.20	310.1	316.15	309.75	315.7
2002.05.21	315.2	316.75	311.5	315.9
2002.05.22	315.2	319.35	315.1	317.4
2002.05.23	316.9	323.48	315.0	321.8
2002.05.24	321.3	322.25	317.3	320.3
2002.05.27	319.8	321.25	319.7	320.0
2002.05.28	319.5	328.1	319.5	324.1
2002.05.29	323.85	327.05	322.6	324.8
2002.05.30	324.2	326.3	321.0	324.8
2002.05.31	324.2	329.25	323.5	326.3
2002.06.03	325.8	328.05	324.45	326.9
2002.06.04	327.6	331.15	323.75	324.7
2002.06.05	324.1	326.95	319.75	321.2
2002.06.06	320.9	325.4	320.8	325.4
2002.06.07	324.85	327.3	322.1	323.7
2002.06.10	324.1	324.6	317.25	318.8
2002.06.11	318.3	320.85	315.45	320.8
2002.06.12	320.1	321.6	318.5	319.0
2002.06.13	318.5	321.0	316.4	317.9
2002.06.14	317.75	323.65	317.6	319.6
2002.06.17	318.6	320.0	316.6	316.6
2002.06.18	316.7	319.8	316.25	319.8
2002.06.19	319.5	321.9	318.55	320.6
2002.06.20	320.35	324.0	318.9	323.7
2002.06.21	323.2	324.6	321.95	324.4
2002.06.24	323.9	326.3	322.0	322.4
2002.06.25	322.0	325.1	317.5	321.2
2002.06.26	320.7	325.1	318.9	319.0
2002.06.27	318.5	321.3	316.1	318.0
2002.06.28	317.75	320.5	309.9	314.2
2002.07.01	313.7	314.9	310.9	314.9
2002.07.02	314.15	315.4	312.2	312.7
2002.07.03	312.2	313.85	310.0	310.9
2002.07.04	310.4	311.1	310.3	310.5
2002.07.05	310.55	312.0	310.5	311.8
2002.07.08	310.7	314.0	309.9	312.6
2002.07.09	312.1	316.6	310.0	316.4
2002.07.10	315.9	316.7	313.9	315.8
2002.07.11	315.2	317.5	313.2	316.3
2002.07.12	315.8	316.5	314.8	315.8
2002.07.15	315.7	320.9	315.7	318.4
2002.07.16	317.3	320.35	316.0	318.0
2002.07.17	317.5	318.1	315.5	317.5
2002.07.18	317.0	317.7	316.25	317.7
2002.07.19	317.2	325.4	316.5	323.7
2002.07.22	323.2	325.23	321.9	322.9
2002.07.23	322.4	322.8	311.2	312.75
2002.07.24	312.4	318.5	306.6	311.0
2002.07.25	310.5	311.6	308.0	310.1
2002.07.26	309.5	311.5	300.5	303.5
2002.07.29	303.7	304.0	301.0	302.4
2002.07.30	301.9	305.4	301.5	304.85
2002.07.31	304.0	305.5	302.0	303.3
2002.08.01	302.8	304.7	298.45	304.4
2002.08.02	303.9	307.5	303.5	306.9
2002.08.05	306.6	309.35	305.2	307.9
2002.08.06	307.4	307.5	304.7	306.1
2002.08.07	305.6	315.05	303.7	313.8
2002.08.08	313.3	314.2	310.1	310.4
2002.08.09	309.9	314.6	308.05	314.3
2002.08.12	313.8	317.5	313.15	314.1
2002.08.13	313.5	315.4	313.3	315.4
2002.08.14	314.9	317.0	310.8	311.5
2002.08.15	311.4	316.7	311.2	315.2
2002.08.16	314.2	314.85	312.1	313.7
2002.08.19	313.2	315.4	304.3	306.5
2002.08.20	306.0	309.75	305.9	308.8
2002.08.21	308.7	309.2	305.5	307.8
2002.08.22	307.3	307.4	304.6	306.9
2002.08.23	306.3	306.85	303.95	306.8
2002.08.26	306.2	310.1	306.2	309.3
2002.08.27	308.7	312.6	308.15	312.5
2002.08.28	312.0	312.1	309.2	310.0
2002.08.29	309.3	313.7	307.0	313.7
2002.08.30	313.2	314.3	311.4	312.5
2002.09.02	312.0	312.15	311.65	312.0
2002.09.03	311.5	314.2	310.9	313.9
2002.09.04	313.3	315.5	312.3	314.5
2002.09.05	314.0	319.0	313.45	319.0
2002.09.06	318.5	321.1	317.6	320.0
2002.09.09	319.4	323.6	318.8	321.0
2002.09.10	320.5	320.7	317.1	317.5
2002.09.11	317.0	318.0	314.4	317.1
2002.09.12	316.6	319.5	316.4	318.85
2002.09.13	318.3	319.6	315.4	316.6
2002.09.16	316.55	318.5	314.6	317.45
2002.09.17	315.75	318.02	313.5	317.75
2002.09.18	318.35	321.6	316.3	320.17
2002.09.19	320.37	323.82	319.32	323.27
2002.09.20	323.05	324.5	320.5	322.15
2002.09.23	322.15	325.1	320.9	322.75
2002.09.24	322.22	328.3	322.2	326.15
2002.09.25	326.25	326.8	322.0	322.25
2002.09.26	322.47	323.75	318.5	320.05
2002.09.27	319.9	322.3	318.8	319.95
2002.09.30	320.25	325.5	319.4	324.17
2002.10.01	323.5	323.5	323.5	323.5
2002.10.02	320.5	323.2	319.8	322.85
2002.10.03	323.05	324.72	321.1	321.65
2002.10.04	321.37	323.1	319.0	322.25
2002.10.07	322.25	323.7	321.2	322.37
2002.10.08	322.45	322.8	317.92	318.25
2002.10.09	318.45	320.7	318.2	320.05
2002.10.10	320.05	321.2	316.0	316.85
2002.10.11	316.97	318.6	315.9	316.75
2002.10.14	318.45	319.1	316.8	317.95
2002.10.15	318.4	318.7	312.1	313.4
2002.10.16	313.5	315.4	313.2	314.35
2002.10.17	313.75	314.32	310.4	311.55
2002.10.18	311.45	313.7	310.22	312.85
2002.10.21	312.5	314.1	310.2	311.15
2002.10.22	311.05	313.9	310.2	313.05
2002.10.23	313.0	314.1	311.6	311.85
2002.10.24	311.95	312.9	308.5	311.4
2002.10.25	311.77	314.6	308.5	313.05
2002.10.28	313.27	315.6	312.5	315.4
2002.10.29	314.55	318.6	314.3	316.75
2002.10.30	316.97	317.7	315.6	316.37
2002.10.31	316.25	318.5	315.7	317.77
2002.11.01	317.75	321.8	317.3	318.75
2002.11.04	320.35	320.6	316.5	318.55
2002.11.05	318.55	320.2	317.5	317.75
2002.11.06	317.85	318.8	316.6	318.15
2002.11.07	318.05	321.5	317.8	320.97
2002.11.08	321.05	323.5	320.0	321.55
2002.11.11	321.55	322.1	319.5	321.65
2002.11.12	321.47	325.1	320.4	324.45
2002.11.13	323.75	325.4	316.5	318.92
2002.11.14	319.07	320.0	316.8	318.1
2002.11.15	318.15	321.4	317.2	320.55
2002.11.18	320.55	321.3	317.8	319.45
2002.11.19	319.35	320.8	318.3	318.75
2002.11.20	318.85	320.35	317.2	317.85
2002.11.21	317.95	319.1	317.02	317.65
2002.11.22	317.75	322.5	316.3	321.05
2002.11.25	320.15	321.5	316.7	318.07
2002.11.26	318.25	319.4	316.9	318.35
2002.11.27	318.45	319.1	315.62	317.25
2002.11.28	317.37	318.6	316.02	317.85
2002.11.29	317.85	320.6	316.8	317.9
2002.12.02	318.47	319.3	315.7	317.75
2002.12.03	317.85	321.32	316.9	320.75
2002.12.04	320.65	324.1	319.4	322.15
2002.12.05	322.15	325.3	320.7	324.57
2002.12.06	324.65	329.6	323.62	326.25
2002.12.09	326.57	326.82	324.5	325.95
2002.12.10	326.05	326.8	322.3	323.45
2002.12.11	323.55	325.6	322.4	324.97
2002.12.12	324.85	333.1	324.0	331.35
2002.12.13	331.25	336.0	329.8	330.55
2002.12.16	333.15	337.8	331.9	336.65
2002.12.17	336.75	343.2	335.6	336.75
2002.12.18	336.85	343.4	335.7	343.4
2002.12.19	345.22	354.72	343.2	345.55
2002.12.20	345.86	349.05	338.35	340.75
2002.12.23	340.76	346.6	340.45	345.35
2002.12.24	345.65	349.5	344.4	346.55
2002.12.25	346.97	347.5	343.5	344.72
2002.12.26	345.47	350.52	343.1	349.75
2002.12.27	349.65	351.51	346.6	349.25
2002.12.30	349.17	350.5	341.85	343.65
2002.12.31	343.65	348.4	341.1	347.8
2003.01.01	347.3	347.8	346.7	347.8
2003.01.02	348.05	348.3	342.11	345.58
2003.01.03	345.36	353.5	343.0	351.25
2003.01.06	349.85	357.35	349.6	351.25
2003.01.07	350.75	352.05	344.45	347.25
2003.01.08	347.15	356.0	344.8	353.59
2003.01.09	353.45	357.75	350.9	354.26
2003.01.10	353.86	356.65	350.05	354.75
2003.01.13	354.75	355.4	351.2	353.0
2003.01.14	354.85	355.25	351.01	351.5
2003.01.15	351.75	353.9	345.51	350.75
2003.01.16	350.55	359.2	350.1	357.45
2003.01.17	357.09	358.85	354.95	356.55
2003.01.20	356.55	357.4	355.34	355.75
2003.01.21	355.75	358.25	353.05	357.9
2003.01.22	357.75	363.0	357.1	361.55
2003.01.23	362.09	368.21	360.61	363.35
2003.01.24	363.05	370.5	362.5	368.35
2003.01.27	373.97	374.22	367.0	369.65
2003.01.28	369.09	370.55	365.4	368.96
2003.01.29	369.25	371.61	365.21	365.95
2003.01.30	366.25	370.6	362.4	370.04
2003.01.31	370.36	372.22	366.9	368.15
2003.02.03	368.15	372.2	367.4	371.05
2003.02.04	371.34	382.09	371.09	382.09
2003.02.05	382.11	388.75	370.0	371.5
2003.02.06	370.0	376.85	367.8	370.25
2003.02.07	369.3	375.15	366.75	369.75
2003.02.10	370.0	373.36	362.4	362.75
2003.02.11	362.61	365.95	360.25	363.45
2003.02.12	363.84	365.75	351.09	352.75
2003.02.13	352.9	358.95	346.75	356.55
2003.02.14	356.75	358.35	347.85	351.55
2003.02.17	351.0	352.35	341.0	347.2
2003.02.18	347.0	348.97	342.25	343.55
2003.02.19	343.85	349.7	341.97	349.7
2003.02.20	349.61	354.78	349.1	352.45
2003.02.21	352.64	355.05	350.35	351.9
2003.02.24	351.75	358.04	350.0	357.09
2003.02.25	357.07	360.65	350.25	351.95
2003.02.26	352.09	355.55	350.9	354.05
2003.02.27	354.62	357.15	345.0	345.95
2003.02.28	345.11	351.5	344.75	349.95
2003.03.03	349.5	349.86	344.7	349.86
2003.03.04	349.95	355.0	348.97	353.15
2003.03.05	354.11	357.9	351.28	353.55
2003.03.06	353.87	357.4	352.1	356.25
2003.03.07	356.34	358.6	346.5	350.75
2003.03.10	352.22	355.5	351.47	354.72
2003.03.11	354.85	355.47	348.2	350.65
2003.03.12	350.53	351.0	345.3	346.0
2003.03.13	346.35	346.86	331.45	334.35
2003.03.14	334.45	338.15	331.5	336.35
2003.03.17	339.95	345.65	334.45	336.9
2003.03.18	337.15	340.98	333.75	338.1
2003.03.19	337.95	341.25	333.95	336.43
2003.03.20	336.85	338.15	331.6	332.25
2003.03.21	331.97	335.0	325.49	326.05
2003.03.24	328.13	331.25	325.88	329.65
2003.03.25	329.85	334.7	327.1	328.55
2003.03.26	328.74	331.25	327.88	330.25
2003.03.27	330.35	334.62	328.1	328.45
2003.03.28	329.6	332.9	328.9	332.45
2003.03.31	332.61	337.0	332.2	336.55
2003.04.01	337.11	339.15	333.28	334.95
2003.04.02	335.5	335.8	327.38	329.95
2003.04.03	329.5	329.8	323.13	325.32
2003.04.04	325.41	325.95	321.88	325.38
2003.04.07	321.72	323.38	318.88	322.8
2003.04.08	322.72	324.63	319.07	323.05
2003.04.09	323.01	327.6	320.88	326.82
2003.04.10	326.85	327.7	323.86	326.5
2003.04.11	326.12	329.55	322.88	328.05
2003.04.14	326.13	327.7	323.7	324.85
2003.04.15	324.63	326.62	321.88	324.95
2003.04.16	324.72	327.13	322.38	326.45
2003.04.17	326.82	328.5	325.5	327.13
2003.04.18	327.22	327.7	325.3	327.0
2003.04.21	327.13	334.3	326.3	333.55
2003.04.22	333.65	336.66	331.7	333.11
2003.04.23	333.15	336.09	330.8	331.25
2003.04.24	331.22	335.5	330.87	334.45
2003.04.25	334.3	334.97	332.09	333.25
2003.04.28	333.34	335.6	328.43	334.05
2003.04.29	328.7	334.8	327.13	333.45
2003.04.30	329.1	340.35	328.85	338.55
2003.05.01	339.45	343.75	337.7	341.75
2003.05.02	342.15	344.0	338.7	340.95
2003.05.05	341.72	343.7	340.47	342.25
2003.05.06	342.35	345.45	340.97	344.55
2003.05.07	344.34	345.05	339.15	342.05
2003.05.08	341.95	349.95	340.5	348.6
2003.05.09	348.65	349.62	346.2	348.55
2003.05.12	348.8	352.85	348.47	351.25
2003.05.13	351.5	352.25	348.55	349.71
2003.05.14	350.0	355.85	348.05	352.45
2003.05.15	352.5	356.3	350.7	352.0
2003.05.16	351.65	357.5	351.07	354.75
2003.05.19	357.0	366.0	356.4	366.0
2003.05.20	366.34	370.6	363.8	367.95
2003.05.21	368.05	373.65	363.36	372.34
2003.05.22	371.84	373.3	366.4	368.34
2003.05.23	368.25	371.3	365.0	368.75
2003.05.26	368.0	371.36	367.3	370.9
2003.05.27	370.61	375.02	364.5	365.11
2003.05.28	364.95	367.3	358.3	364.52
2003.05.29	366.11	370.35	359.4	369.25
2003.05.30	368.61	369.45	360.4	364.85
2003.06.02	363.25	367.7	359.36	365.95
2003.06.03	365.85	367.65	363.25	365.25
2003.06.04	365.52	366.37	360.59	362.75
2003.06.05	361.82	370.3	360.7	368.3
2003.06.06	368.22	369.1	361.4	363.85
2003.06.09	362.75	367.45	360.8	361.32
2003.06.10	362.05	362.3	351.15	352.34
2003.06.11	353.11	357.7	351.0	354.72
2003.06.12	355.0	356.27	350.7	353.4
2003.06.13	353.22	357.5	351.2	356.75
2003.06.16	356.75	361.75	356.47	359.4
2003.06.17	359.35	365.28	356.97	362.8
2003.06.18	363.12	364.8	356.38	357.15
2003.06.19	357.7	363.1	355.2	362.0
2003.06.20	361.3	363.4	355.1	356.25
2003.06.23	357.25	358.86	350.28	352.72
2003.06.24	352.75	355.3	345.67	347.09
2003.06.25	347.5	350.3	346.47	347.4
2003.06.26	347.35	348.9	343.05	344.15
2003.06.27	343.95	347.4	342.4	345.22
2003.06.30	345.11	348.7	343.8	345.75
2003.07.01	345.85	353.85	344.17	350.82
2003.07.02	350.72	353.4	349.67	351.5
2003.07.03	351.22	352.5	348.9	350.62
2003.07.04	351.02	351.7	350.1	351.05
2003.07.07	350.63	352.08	346.89	347.92
2003.07.08	347.78	348.58	342.23	344.22
2003.07.09	344.5	346.5	343.27	344.17
2003.07.10	344.43	346.17	342.07	345.1
2003.07.11	345.03	345.8	342.45	344.8
2003.07.14	345.0	348.5	344.0	347.39
2003.07.15	347.35	349.77	341.02	342.51
2003.07.16	342.57	344.9	340.1	343.3
2003.07.17	343.52	345.77	340.73	344.49
2003.07.18	344.68	348.3	342.98	347.15
2003.07.21	347.5	352.8	346.7	351.47
2003.07.22	352.0	353.68	347.87	350.75
2003.07.23	351.12	359.97	349.92	359.97
2003.07.24	360.4	364.3	355.9	357.0
2003.07.25	360.11	364.92	359.3	362.75
2003.07.28	362.75	368.0	359.87	364.5
2003.07.29	365.25	365.7	360.28	361.5
2003.07.30	361.55	362.1	354.88	356.42
2003.07.31	356.35	358.25	353.28	354.25
2003.08.01	355.32	357.92	344.95	346.35
2003.08.04	347.6	350.8	346.4	349.3
2003.08.05	349.45	352.57	348.0	351.9
2003.08.06	352.1	353.87	345.48	351.5
2003.08.07	351.22	354.69	349.25	352.6
2003.08.08	352.75	358.25	352.1	356.75
2003.08.11	356.34	362.59	355.9	361.85
2003.08.12	361.72	362.65	357.97	358.52
2003.08.13	358.55	365.1	355.59	362.45
2003.08.14	362.65	367.8	350.77	366.86
2003.08.15	366.84	367.17	362.9	363.5
2003.08.18	363.61	364.25	357.4	358.35
2003.08.19	358.84	362.95	355.95	361.71
2003.08.20	361.94	367.15	361.19	366.25
2003.08.21	366.34	366.95	358.05	361.09
2003.08.22	361.15	364.68	357.98	362.95
2003.08.25	362.55	364.12	360.19	361.15
2003.08.26	361.35	366.35	358.9	364.55
2003.08.27	364.65	374.45	362.8	372.6
2003.08.28	372.12	372.75	365.1	369.8
2003.08.29	370.0	378.0	366.35	375.55
2003.09.01	375.0	379.35	374.35	375.55
2003.09.02	375.5	379.55	371.05	371.6
2003.09.03	371.8	375.75	369.55	373.8
2003.09.04	374.3	375.75	370.25	373.3
2003.09.05	373.6	379.35	370.25	377.35
2003.09.08	377.0	377.55	373.25	375.1
2003.09.09	375.25	384.1	374.25	382.6
2003.09.10	381.8	383.12	378.12	380.5
2003.09.11	380.6	381.85	374.7	379.8
2003.09.12	380.5	382.4	374.55	375.3
2003.09.15	375.5	377.55	372.25	374.1
2003.09.16	374.3	376.85	371.35	373.1
2003.09.17	373.6	377.55	372.0	376.6
2003.09.18	376.6	380.25	374.95	376.6
2003.09.19	376.6	383.8	372.0	381.8
2003.09.22	381.25	388.85	380.75	387.0
2003.09.23	386.8	388.25	382.65	385.1
2003.09.24	384.8	389.85	382.75	389.3
2003.09.25	389.35	394.0	383.3	385.6
2003.09.26	385.5	386.85	378.8	380.6
2003.09.29	381.5	385.5	378.8	382.3
2003.09.30	382.8	388.8	381.2	385.35
2003.10.01	385.5	386.85	382.4	384.8
2003.10.02	384.8	387.35	380.72	383.0
2003.10.03	382.8	386.4	366.0	369.55
2003.10.06	369.8	373.85	368.85	372.85
2003.10.07	373.11	377.6	371.8	376.3
2003.10.08	376.8	378.7	374.3	375.5
2003.10.09	375.3	377.85	367.7	370.25
2003.10.10	370.0	374.35	368.3	373.65
2003.10.13	373.1	375.85	369.3	374.55
2003.10.14	374.75	377.1	372.0	375.5
2003.10.15	375.5	376.75	371.1	373.3
2003.10.16	372.8	375.55	370.35	372.1
2003.10.17	371.6	373.05	366.2	371.55
2003.10.20	371.3	374.85	369.25	373.6
2003.10.21	373.1	382.1	372.2	381.5
2003.10.22	381.0	387.7	379.45	386.1
2003.10.23	385.75	388.55	382.5	384.3
2003.10.24	384.5	392.7	383.55	388.8
2003.10.27	387.6	389.05	385.05	388.1
2003.10.28	387.6	389.05	382.05	383.1
2003.10.29	382.6	387.8	379.4	386.5
2003.10.30	386.3	391.95	381.75	383.8
2003.10.31	383.3	389.6	381.2	384.5
2003.11.03	384.6	385.6	375.8	376.65
2003.11.04	377.35	381.2	376.0	379.8
2003.11.05	379.05	384.55	378.4	381.6
2003.11.06	381.5	384.55	378.85	379.95
2003.11.07	379.6	383.9	375.65	383.3
2003.11.10	382.8	387.7	381.85	385.95
2003.11.11	385.6	389.75	385.25	387.95
2003.11.12	387.6	396.9	386.45	394.47
2003.11.13	394.63	398.3	391.9	393.92
2003.11.14	394.05	399.4	393.02	397.48
2003.11.17	396.7	399.89	385.55	391.3
2003.11.18	390.8	399.0	389.75	397.41
2003.11.19	397.47	401.01	392.3	395.05
2003.11.20	394.75	397.6	391.5	393.52
2003.11.21	393.15	398.96	392.35	395.82
2003.11.24	395.82	397.25	390.0	391.42
2003.11.25	391.37	394.1	389.23	391.23
2003.11.26	391.25	401.1	390.35	396.87
2003.11.27	396.89	397.85	394.55	395.25
2003.11.28	395.5	399.85	393.55	398.05
2003.12.01	397.5	403.95	396.55	402.3
2003.12.02	403.5	406.25	398.85	403.5
2003.12.03	403.0	405.35	400.15	404.8
2003.12.04	404.3	405.45	399.25	402.5
2003.12.05	403.1	407.15	399.25	406.1
2003.12.08	406.3	410.05	404.05	407.3
2003.12.09	407.3	409.85	405.35	408.0
2003.12.10	408.0	412.25	405.05	405.75
2003.12.11	405.3	406.85	402.74	404.5
2003.12.12	404.8	409.05	403.6	409.05
2003.12.15	403.2	410.95	401.05	410.25
2003.12.16	410.35	410.6	406.9	407.15
2003.12.17	406.8	412.9	406.8	412.45
2003.12.18	412.55	412.9	407.3	410.65
2003.12.19	410.65	411.4	407.2	409.1
2003.12.22	409.35	411.7	407.8	409.85
2003.12.23	409.75	411.4	408.6	410.75
2003.12.24	410.75	413.0	410.3	411.8
2003.12.25	411.7	414.3	411.6	412.7
2003.12.26	412.65	414.3	410.4	413.3
2003.12.29	413.55	415.9	411.7	414.9
2003.12.30	415.15	417.4	414.3	416.25
2003.12.31	416.35	417.9	413.9	415.75
2004.01.01	414.61	415.19	414.45	414.88
2004.01.02	415.35	416.5	414.5	415.3
2004.01.05	415.55	425.1	415.3	423.65
2004.01.06	423.55	430.7	420.6	422.35
2004.01.07	422.25	424.9	419.6	420.45
2004.01.08	420.45	425.6	417.2	423.75
2004.01.09	423.85	427.7	420.6	426.55
2004.01.12	426.75	429.1	423.0	424.85
2004.01.13	425.35	427.0	422.3	423.9
2004.01.14	424.05	425.25	417.3	420.4
2004.01.15	420.55	420.8	407.5	409.07
2004.01.16	408.67	411.0	405.2	406.6
2004.01.19	406.65	409.3	406.2	407.0
2004.01.20	407.25	413.4	405.1	412.78
2004.01.21	412.74	413.5	407.1	410.65
2004.01.22	410.85	413.4	407.9	409.35
2004.01.23	409.45	412.9	406.2	407.7
2004.01.26	407.7	409.5	404.0	404.25
2004.01.27	404.05	412.5	403.0	410.05
2004.01.28	410.15	415.3	407.9	410.45
2004.01.29	410.05	411.2	396.3	399.35
2004.01.30	399.25	402.8	398.4	402.4
2004.02.02	402.3	403.4	394.1	398.25
2004.02.03	398.1	403.7	398.1	399.55
2004.02.04	399.45	401.3	398.5	400.78
2004.02.05	400.85	401.1	396.7	396.95
2004.02.06	397.35	409.0	394.38	403.35
2004.02.09	403.48	407.87	402.25	406.75
2004.02.10	406.63	410.5	405.6	406.25
2004.02.11	406.04	412.0	404.46	409.95
2004.02.12	409.68	414.0	409.45	413.46
2004.02.13	413.48	417.5	406.6	410.03
2004.02.16	410.03	412.19	409.67	411.79
2004.02.17	411.8	416.36	410.9	415.77
2004.02.18	415.85	417.12	409.24	412.09
2004.02.19	412.04	413.35	407.7	409.58
2004.02.20	409.59	412.01	393.7	397.4
2004.02.23	397.0	400.8	395.5	398.8
2004.02.24	398.66	404.8	397.93	404.26
2004.02.25	404.26	405.3	392.9	395.63
2004.02.26	395.64	397.85	390.6	395.09
2004.02.27	395.09	398.3	391.9	396.24
2004.03.01	396.25	403.31	396.03	399.15
2004.03.02	399.2	402.13	390.7	393.46
2004.03.03	393.44	394.01	387.9	392.43
2004.03.04	392.46	395.83	391.15	392.94
2004.03.05	392.97	401.85	391.91	401.35
2004.03.08	401.34	401.7	397.75	400.67
2004.03.09	400.68	406.4	400.08	404.24
2004.03.10	403.95	404.74	397.35	400.02
2004.03.11	400.07	401.48	396.9	400.75
2004.03.12	400.75	403.01	394.7	395.35
2004.03.15	395.37	400.9	395.06	399.4
2004.03.16	399.39	404.1	398.98	402.15
2004.03.17	401.9	407.55	401.0	406.91
2004.03.18	406.89	412.75	405.78	410.99
2004.03.19	411.0	413.4	408.8	412.41
2004.03.22	412.38	418.95	411.06	417.27
2004.03.23	417.27	420.8	415.06	419.71
2004.03.24	419.71	420.05	414.4	417.06
2004.03.25	417.05	418.6	414.61	416.65
2004.03.26	416.65	424.0	414.8	421.95
2004.03.29	422.08	422.61	416.16	416.83
2004.03.30	416.81	422.5	416.32	421.63
2004.03.31	421.64	427.6	420.14	427.18
2004.04.01	427.21	432.6	424.6	427.59
2004.04.02	427.6	431.5	417.35	421.39
2004.04.05	421.48	421.81	413.2	415.27
2004.04.06	415.25	419.82	413.79	418.74
2004.04.07	418.74	424.2	417.21	422.7
2004.04.08	422.68	423.56	418.3	419.69
2004.04.09	419.69	421.53	419.22	421.26
2004.04.12	421.07	422.32	417.09	419.86
2004.04.13	419.9	421.52	405.07	406.97
2004.04.14	406.94	408.09	396.52	399.74
2004.04.15	399.74	401.77	395.37	398.98
2004.04.16	398.98	402.9	396.58	400.82
2004.04.19	400.37	405.5	399.97	400.53
2004.04.20	400.54	401.32	395.56	397.67
2004.04.21	397.71	398.05	389.56	390.8
2004.04.22	390.79	394.2	390.13	393.4
2004.04.23	393.4	396.95	392.5	395.19
2004.04.26	395.1	398.2	393.0	395.8
2004.04.27	395.86	399.5	395.86	398.58
2004.04.28	398.59	398.98	383.45	385.9
2004.04.29	385.9	388.42	377.38	386.81
2004.04.30	386.77	391.24	385.67	387.59
2004.05.03	387.59	389.87	385.64	387.29
2004.05.04	387.31	393.88	387.01	391.53
2004.05.05	391.28	395.19	390.13	393.6
2004.05.06	393.6	394.02	386.63	388.17
2004.05.07	388.25	390.3	377.4	378.99
2004.05.10	379.02	379.99	371.45	378.58
2004.05.11	378.34	380.33	374.32	377.09
2004.05.12	377.08	384.7	376.81	377.6
2004.05.13	377.61	379.5	372.8	374.84
2004.05.14	374.5	377.97	372.8	377.06
2004.05.17	376.82	383.93	376.5	379.59
2004.05.18	379.6	379.98	375.25	375.75
2004.05.19	375.72	383.76	375.04	382.4
2004.05.20	382.43	383.3	378.08	378.56
2004.05.21	378.56	387.58	378.26	384.97
2004.05.24	384.97	387.12	383.25	386.1
2004.05.25	386.14	390.29	384.73	388.49
2004.05.26	388.51	392.93	387.56	388.17
2004.05.27	388.2	396.27	387.93	395.24
2004.05.28	395.84	396.98	392.47	394.07
2004.05.31	394.05	396.05	393.76	395.38
2004.06.01	395.41	399.18	393.3	394.7
2004.06.02	394.71	397.13	390.05	391.71
2004.06.03	391.65	393.11	387.34	388.18
2004.06.04	388.14	391.97	384.37	391.03
2004.06.07	390.6	394.51	390.6	393.86
2004.06.08	393.5	395.31	390.9	390.9
2004.06.09	390.8	392.1	383.64	384.53
2004.06.10	384.3	388.05	381.6	385.5
2004.06.11	385.6	386.25	383.05	384.3
2004.06.14	384.8	386.55	382.05	383.3
2004.06.15	383.3	389.35	381.35	387.8
2004.06.16	389.1	390.55	382.85	384.1
2004.06.17	384.3	390.05	383.25	388.8
2004.06.18	388.6	396.55	386.05	394.8
2004.06.21	394.6	397.55	392.35	393.6
2004.06.22	393.95	397.05	392.55	394.8
2004.06.23	395.1	397.35	392.55	395.55
2004.06.24	395.8	403.55	393.35	402.8
2004.06.25	402.5	403.55	400.35	401.6
2004.06.28	402.5	405.35	399.05	400.3
2004.06.29	401.1	401.55	390.55	392.6
2004.06.30	391.6	397.05	391.35	392.1
2004.07.01	392.8	396.55	391.75	395.5
2004.07.02	395.3	400.55	391.55	398.55
2004.07.05	398.13	399.48	397.15	398.05
2004.07.06	398.26	399.58	388.41	392.55
2004.07.07	392.56	403.9	392.13	402.24
2004.07.08	402.21	409.47	399.62	407.77
2004.07.09	407.78	408.55	405.3	407.48
2004.07.12	407.49	408.98	405.3	407.96
2004.07.13	407.98	408.32	400.73	402.1
2004.07.14	402.13	406.38	402.13	405.15
2004.07.15	405.18	406.0	401.13	403.96
2004.07.16	403.98	407.92	402.45	406.4
2004.07.19	406.14	408.38	404.12	405.7
2004.07.20	405.68	406.9	399.17	401.77
2004.07.21	401.73	402.45	394.4	397.0
2004.07.22	397.03	398.69	393.73	395.0
2004.07.23	395.03	396.0	387.0	390.28
2004.07.26	390.43	392.78	389.18	390.88
2004.07.27	390.88	393.95	385.6	387.0
2004.07.28	387.0	391.25	385.18	389.08
2004.07.29	389.06	391.53	385.2	387.37
2004.07.30	387.39	392.87	387.08	391.33
2004.08.02	391.27	394.72	390.95	392.03
2004.08.03	392.05	395.07	388.73	394.11
2004.08.04	394.13	394.55	390.33	392.39
2004.08.05	392.4	393.73	390.48	392.44
2004.08.06	392.45	400.4	391.46	399.55
2004.08.09	394.65	401.07	394.4	400.67
2004.08.10	400.67	401.32	398.62	400.0
2004.08.11	399.96	400.25	392.83	395.5
2004.08.12	395.59	398.13	393.63	394.38
2004.08.13	394.38	399.23	392.4	398.97
2004.08.16	398.97	404.3	398.29	403.0
2004.08.17	402.97	405.62	400.18	404.46
2004.08.18	404.47	405.57	401.28	404.36
2004.08.19	404.34	408.27	403.89	406.9
2004.08.20	406.85	414.44	404.92	413.12
2004.08.23	413.08	413.43	408.33	410.41
2004.08.24	410.38	410.71	401.94	402.7
2004.08.25	402.68	408.44	402.39	407.7
2004.08.26	407.7	409.75	404.23	407.32
2004.08.27	407.31	409.2	400.72	403.2
2004.08.30	403.23	409.32	402.93	407.8
2004.08.31	407.87	411.42	406.58	410.21
2004.09.01	410.2	410.52	406.6	408.7
2004.09.02	408.66	408.99	405.49	405.93
2004.09.03	405.96	406.81	398.98	400.51
2004.09.06	400.51	402.65	400.22	402.27
2004.09.07	402.33	402.6	396.62	398.21
2004.09.08	398.2	400.6	394.87	399.6
2004.09.09	399.6	400.93	397.2	398.61
2004.09.10	398.65	403.46	398.35	402.0
2004.09.13	402.01	405.18	398.95	404.2
2004.09.14	404.2	407.31	402.3	405.7
2004.09.15	405.79	406.16	402.86	405.08
2004.09.16	405.08	406.32	402.1	404.75
2004.09.17	404.8	407.43	403.09	405.91
2004.09.20	405.91	406.2	403.43	405.3
2004.09.21	405.43	410.5	404.12	408.4
2004.09.22	408.45	409.11	404.07	407.36
2004.09.23	407.4	412.48	406.45	410.93
2004.09.24	410.98	412.22	406.72	408.05
2004.09.27	408.08	410.61	407.2	409.03
2004.09.28	409.07	413.47	408.17	412.53
2004.09.29	412.57	414.66	410.93	413.05
2004.09.30	413.08	419.36	411.21	418.76
2004.10.01	418.75	420.08	416.95	419.49
2004.10.04	419.3	419.55	411.55	413.85
2004.10.05	414.3	420.05	412.55	418.2
2004.10.06	418.75	420.25	416.05	417.6
2004.10.07	417.75	420.35	417.05	417.6
2004.10.08	417.8	423.95	417.15	422.8
2004.10.11	422.6	423.55	420.95	422.1
2004.10.12	422.1	422.55	412.77	415.05
2004.10.13	415.3	417.05	409.55	415.95
2004.10.14	416.3	419.05	414.05	417.8
2004.10.15	417.55	421.55	417.3	418.8
2004.10.18	418.6	420.45	416.05	416.3
2004.10.19	415.8	420.95	414.55	419.8
2004.10.20	420.2	426.25	419.55	423.8
2004.10.21	423.8	426.55	421.85	423.8
2004.10.22	423.55	425.45	420.55	424.2
2004.10.25	424.35	430.55	424.1	428.3
2004.10.26	428.6	429.35	424.55	426.8
2004.10.27	427.1	428.85	422.8	424.3
2004.10.28	424.1	427.8	420.3	424.3
2004.10.29	424.5	429.05	423.3	428.6
2004.11.01	429.1	430.85	425.95	427.0
2004.11.02	427.6	428.55	417.05	421.25
2004.11.03	421.6	427.55	419.05	427.1
2004.11.04	427.05	433.35	425.55	429.3
2004.11.05	429.35	434.35	424.75	433.6
2004.11.08	433.6	435.55	430.95	431.8
2004.11.09	432.1	436.95	431.05	434.85
2004.11.10	435.3	438.35	432.25	434.6
2004.11.11	434.3	435.85	431.85	434.8
2004.11.12	434.6	439.25	434.05	437.8
2004.11.15	438.3	440.55	435.45	436.5
2004.11.16	436.3	441.05	435.05	439.8
2004.11.17	439.7	445.35	438.25	444.6
2004.11.18	444.8	446.45	439.9	442.8
2004.11.19	443.1	448.55	441.55	447.1
2004.11.22	446.55	449.25	445.85	448.8
2004.11.23	448.8	449.95	445.75	447.1
2004.11.24	447.3	449.85	446.95	449.05
2004.11.25	449.05	452.45	449.0	451.3
2004.11.26	451.9	455.55	449.25	452.25
2004.11.29	452.5	455.05	449.25	453.8
2004.11.30	453.8	454.05	447.85	450.85
2004.12.01	451.1	455.95	450.05	454.8
2004.12.02	454.6	457.05	446.85	449.3
2004.12.03	449.1	456.55	447.95	455.8
2004.12.06	455.3	456.55	450.75	452.3
2004.12.07	452.1	455.35	450.18	450.91
2004.12.08	450.94	451.2	433.21	440.58
2004.12.09	440.59	441.66	432.27	437.25
2004.12.10	437.33	438.0	431.51	434.32
2004.12.13	434.23	440.38	433.91	439.05
2004.12.14	439.02	447.58	434.77	435.57
2004.12.15	435.55	441.92	435.01	440.55
2004.12.16	440.52	443.16	435.46	437.35
2004.12.17	437.33	443.3	436.63	441.5
2004.12.20	441.52	444.48	440.76	442.25
2004.12.21	442.26	443.82	440.18	441.55
2004.12.22	441.58	442.94	438.65	439.74
2004.12.23	439.71	442.83	439.27	442.0
2004.12.24	441.96	443.43	441.37	442.59
2004.12.27	442.59	445.77	441.96	444.98
2004.12.28	445.0	445.73	442.7	444.21
2004.12.29	444.2	444.7	433.33	436.38
2004.12.30	436.4	439.08	433.6	437.35
2004.12.31	437.38	439.36	436.85	438.32
2005.01.03	438.45	438.71	426.72	429.55
2005.01.04	429.52	430.18	423.71	427.51
2005.01.05	427.5	428.77	425.1	426.58
2005.01.06	426.31	427.85	420.17	421.37
2005.01.07	421.39	425.48	416.57	419.02
2005.01.10	419.02	422.03	418.65	419.72
2005.01.11	419.71	423.13	419.25	421.66
2005.01.12	421.66	428.09	420.43	426.09
2005.01.13	426.1	427.32	423.0	425.15
2005.01.14	425.16	425.76	420.36	423.1
2005.01.17	423.11	423.6	421.1	422.49
2005.01.18	422.49	424.3	421.12	423.02
2005.01.19	423.04	427.32	421.8	423.1
2005.01.20	423.13	423.5	419.9	422.3
2005.01.21	422.35	428.69	420.9	427.23
2005.01.24	427.21	428.37	426.3	427.32
2005.01.25	427.34	461.35	420.91	422.14
2005.01.26	422.15	428.18	421.23	426.78
2005.01.27	426.8	428.42	423.85	426.23
2005.01.28	426.27	428.05	424.0	427.05
2005.01.31	426.46	426.75	419.45	422.6
2005.02.01	422.58	422.9	419.32	421.2
2005.02.02	421.21	423.08	419.92	421.9
2005.02.03	421.88	422.22	414.48	417.2
2005.02.04	417.17	418.22	413.78	414.7
2005.02.07	414.78	416.53	412.45	413.38
2005.02.08	413.38	414.74	410.57	412.7
2005.02.09	412.68	414.08	410.25	413.7
2005.02.10	413.71	419.07	411.68	417.8
2005.02.11	417.82	422.35	416.18	420.91
2005.02.14	420.91	426.63	420.48	425.77
2005.02.15	425.75	427.2	423.43	425.78
2005.02.16	425.77	426.23	421.93	425.15
2005.02.17	425.15	428.88	424.03	427.08
2005.02.18	427.11	428.3	425.6	427.2
2005.02.21	427.18	429.4	426.0	427.4
2005.02.22	427.41	436.06	422.96	435.8
2005.02.23	435.78	436.24	431.53	434.5
2005.02.24	434.51	437.1	432.27	434.2
2005.02.25	434.05	435.83	431.03	434.82
2005.02.28	435.25	438.43	434.55	435.61
2005.03.01	435.62	436.18	430.63	432.75
2005.03.02	432.76	434.18	428.58	432.89
2005.03.03	432.89	433.8	428.9	429.65
2005.03.04	429.66	437.0	429.0	434.2
2005.03.07	434.3	435.8	433.1	434.5
2005.03.08	434.8	441.05	433.8	440.6
2005.03.09	440.8	442.9	438.77	440.6
2005.03.10	440.37	443.1	439.7	442.55
2005.03.11	442.56	447.5	440.07	445.85
2005.03.14	446.06	446.38	439.77	440.91
2005.03.15	440.92	444.47	439.36	440.5
2005.03.16	440.46	444.2	439.73	443.65
2005.03.17	443.62	444.3	437.17	438.74
2005.03.18	438.72	440.3	435.61	439.33
2005.03.21	439.31	439.61	428.81	431.15
2005.03.22	431.13	432.91	426.23	426.75
2005.03.23	426.71	428.97	424.16	425.33
2005.03.24	425.35	426.88	424.2	425.07
2005.03.25	425.07	425.98	424.74	425.47
2005.03.28	425.48	426.71	423.28	425.98
2005.03.29	426.01	428.23	425.49	426.18
2005.03.30	426.17	428.46	425.5	426.15
2005.03.31	426.21	429.3	425.9	428.73
2005.04.01	428.71	429.13	424.54	426.08
2005.04.04	426.25	426.98	422.28	424.3
2005.04.05	424.28	425.9	422.52	425.15
2005.04.06	425.13	427.82	423.94	426.65
2005.04.07	426.65	428.77	425.26	425.85
2005.04.08	425.86	427.73	424.37	427.05
2005.04.11	427.05	430.12	426.0	428.05
2005.04.12	428.06	430.75	426.16	428.23
2005.04.13	428.22	429.88	426.73	428.86
2005.04.14	428.9	429.63	421.83	423.66
2005.04.15	423.67	426.34	422.35	424.8
2005.04.18	424.84	428.37	423.02	427.44
2005.04.19	427.45	434.23	426.36	433.95
2005.04.20	433.96	438.45	431.23	434.54
2005.04.21	434.53	435.53	431.81	432.53
2005.04.22	432.54	435.77	431.87	434.61
2005.04.25	434.66	435.17	432.4	434.65
2005.04.26	434.68	437.94	434.08	437.06
2005.04.27	437.08	437.56	431.78	432.18
2005.04.28	432.16	434.27	430.35	431.55
2005.04.29	431.53	437.1	430.9	434.95
2005.05.02	434.96	435.87	428.5	429.84
2005.05.03	429.83	430.23	424.81	427.74
2005.05.04	427.72	430.23	426.61	429.5
2005.05.05	429.33	431.91	427.78	430.45
2005.05.06	430.43	431.46	423.79	426.23
2005.05.09	426.2	426.93	424.5	426.28
2005.05.10	426.26	428.47	425.97	426.6
2005.05.11	426.62	429.07	425.3	427.61
2005.05.12	427.63	427.9	420.28	422.2
2005.05.13	422.21	422.66	418.7	420.2
2005.05.16	420.25	421.06	417.93	419.75
2005.05.17	419.76	421.6	418.36	418.73
2005.05.18	418.75	422.11	418.41	421.77
2005.05.19	421.75	423.5	419.28	420.8
2005.05.20	420.88	421.45	416.4	417.65
2005.05.23	417.7	418.76	416.58	417.5
2005.05.24	417.47	419.75	416.06	418.12
2005.05.25	418.38	419.92	416.86	419.55
2005.05.26	419.55	420.38	416.78	417.95
2005.05.27	417.96	420.74	417.35	420.43
2005.05.30	420.45	420.76	417.93	418.5
2005.05.31	418.25	418.25	414.15	417.1
2005.06.01	416.31	417.87	414.38	415.42
2005.06.02	415.4	424.06	414.83	421.94
2005.06.03	421.93	425.2	421.48	422.43
2005.06.06	422.55	427.6	422.16	425.95
2005.06.07	425.93	427.72	423.98	424.7
2005.06.08	424.71	426.95	422.75	423.2
2005.06.09	423.1	425.4	420.9	423.75
2005.06.10	423.8	428.9	422.0	427.0
2005.06.13	427.0	430.9	424.0	429.25
2005.06.14	429.2	429.55	426.2	426.75
2005.06.15	426.8	430.4	425.8	429.05
2005.06.16	428.95	437.0	428.05	435.65
2005.06.17	435.55	439.7	435.2	437.65
2005.06.20	437.7	441.6	437.2	438.15
2005.06.21	438.1	439.1	433.8	438.75
2005.06.22	438.7	439.4	435.9	438.05
2005.06.23	438.3	442.7	435.65	441.35
2005.06.24	441.45	444.0	438.1	439.85
2005.06.27	439.8	440.7	438.4	439.8
2005.06.28	439.85	440.4	435.1	435.55
2005.06.29	435.65	438.5	433.8	437.25
2005.06.30	437.2	439.5	434.65	435.55
2005.07.01	435.5	437.0	426.6	427.55
2005.07.04	427.7	428.4	426.1	427.65
2005.07.05	427.5	428.05	421.3	422.9
2005.07.06	422.85	425.7	422.6	423.55
2005.07.07	423.6	429.3	421.1	423.3
2005.07.08	423.35	425.35	421.3	423.05
2005.07.11	423.15	426.9	422.75	425.9
2005.07.12	426.25	428.15	424.65	426.9
2005.07.13	426.95	427.9	423.3	423.8
2005.07.14	423.9	425.05	418.7	419.5
2005.07.15	419.45	422.0	417.85	421.55
2005.07.18	421.6	423.0	419.9	420.85
2005.07.19	420.8	422.4	418.65	420.1
2005.07.20	419.8	423.8	419.7	423.1
2005.07.21	422.9	426.2	422.7	425.6
2005.07.22	425.8	427.2	423.95	425.0
2005.07.25	425.05	427.25	424.25	425.75
2005.07.26	426.0	426.4	422.05	423.5
2005.07.27	423.45	426.25	421.65	425.5
2005.07.28	425.45	429.6	424.1	427.95
2005.07.29	428.0	431.2	426.75	429.6
2005.08.01	429.55	433.0	428.8	432.3
2005.08.02	432.4	433.75	430.85	432.1
2005.08.03	432.3	437.85	430.8	436.75
2005.08.04	436.8	439.75	435.35	437.75
2005.08.05	437.7	439.55	436.75	437.25
2005.08.08	437.3	438.2	434.0	434.7
2005.08.09	434.95	436.1	432.75	434.75
2005.08.10	434.8	437.9	434.1	437.55
2005.08.11	437.5	447.65	436.7	445.85
2005.08.12	445.8	450.04	443.55	446.15
2005.08.15	445.9	446.5	440.7	442.25
2005.08.16	442.3	447.3	440.3	446.15
2005.08.17	446.2	446.6	437.95	440.0
2005.08.18	440.2	443.05	437.67	439.65
2005.08.19	439.7	440.95	435.75	436.4
2005.08.22	436.0	441.15	435.85	438.25
2005.08.23	438.3	440.8	437.65	439.25
2005.08.24	439.15	441.25	435.6	437.65
2005.08.25	437.6	440.25	437.0	438.65
2005.08.26	438.8	440.6	435.85	437.4
2005.08.29	437.6	441.4	436.35	436.85
2005.08.30	436.8	437.9	429.05	431.55
2005.08.31	431.6	435.8	430.85	435.05
2005.09.01	434.85	445.8	434.6	442.5
2005.09.02	442.55	447.5	441.6	444.5
2005.09.05	444.45	447.1	443.6	445.15
2005.09.06	445.25	446.6	442.72	444.5
2005.09.07	444.4	446.2	443.0	444.9
2005.09.08	444.8	449.8	443.7	446.7
2005.09.09	446.6	449.5	445.8	449.0
2005.09.12	448.2	451.7	447.1	449.5
2005.09.13	449.1	449.5	444.4	446.1
2005.09.14	446.0	450.5	445.95	449.7
2005.09.15	449.8	455.7	448.47	455.45
2005.09.16	455.3	460.35	453.9	459.4
2005.09.19	459.5	468.6	458.3	464.45
2005.09.20	464.35	470.8	463.3	463.6
2005.09.21	463.7	472.4	463.7	472.15
2005.09.22	472.05	475.2	462.9	465.9
2005.09.23	465.75	466.5	460.69	463.7
2005.09.26	463.49	467.4	458.8	466.3
2005.09.27	466.35	466.6	457.7	463.0
2005.09.28	462.95	470.3	461.05	468.8
2005.09.29	468.7	473.65	468.05	472.05
2005.09.30	472.15	474.5	467.7	468.95
2005.10.03	468.86	473.0	463.86	465.6
2005.10.04	465.95	470.0	464.2	466.0
2005.10.05	466.05	466.95	462.75	464.4
2005.10.06	464.5	473.8	464.3	473.15
2005.10.07	473.1	475.85	469.6	474.6
2005.10.10	474.68	478.8	472.2	474.95
2005.10.11	474.9	478.45	474.36	475.3
2005.10.12	475.25	480.11	469.95	470.65
2005.10.13	470.6	474.2	467.5	471.35
2005.10.14	471.3	472.0	465.5	469.31
2005.10.17	469.4	475.5	469.1	473.75
2005.10.18	473.7	474.45	469.95	471.95
2005.10.19	471.75	471.95	461.65	464.35
2005.10.20	464.3	465.05	459.75	460.9
2005.10.21	460.95	467.45	460.4	466.8
2005.10.24	466.62	468.65	463.0	465.0
2005.10.25	465.05	473.7	464.06	472.3
2005.10.26	472.35	473.9	470.35	470.7
2005.10.27	470.55	475.75	470.05	473.25
2005.10.28	473.3	474.65	469.25	472.85
2005.10.31	472.85	473.05	464.75	465.65
2005.11.01	465.9	466.54	457.8	459.05
2005.11.02	458.95	463.95	458.82	462.95
2005.11.03	462.5	465.09	458.7	460.9
2005.11.04	460.8	464.3	454.75	456.49
2005.11.07	456.6	459.7	455.95	459.4
2005.11.08	459.35	462.6	456.52	460.55
2005.11.09	460.5	467.9	459.7	466.8
2005.11.10	466.85	470.15	464.95	466.2
2005.11.11	466.3	469.05	464.8	468.5
2005.11.14	468.3	470.7	466.5	467.55
2005.11.15	467.3	469.85	466.4	468.4
2005.11.16	468.1	479.3	468.1	479.04
2005.11.17	479.05	487.0	477.7	485.75
2005.11.18	485.55	488.85	483.55	485.05
2005.11.21	485.6	491.55	484.6	491.45
2005.11.22	491.4	495.25	489.45	494.35
2005.11.23	494.25	494.35	487.15	491.9
2005.11.24	492.3	494.55	491.8	493.25
2005.11.25	493.3	496.85	493.15	495.75
2005.11.28	495.65	499.15	493.15	498.45
2005.11.29	498.55	502.45	494.43	499.33
2005.11.30	498.85	499.45	491.95	492.85
2005.12.01	492.95	504.35	490.7	503.95
2005.12.02	503.85	506.5	499.75	503.15
2005.12.05	503.05	509.65	503.05	509.05
2005.12.06	509.14	511.15	503.85	510.85
2005.12.07	510.95	516.7	508.63	514.74
2005.12.08	514.92	520.95	512.53	520.85
2005.12.09	521.15	530.78	519.63	525.85
2005.12.12	526.0	541.0	525.69	527.95
2005.12.13	527.52	529.6	517.95	518.35
2005.12.14	518.25	518.5	505.05	506.25
2005.12.15	506.42	509.35	499.6	502.75
2005.12.16	503.87	507.4	492.85	502.75
2005.12.19	501.8	509.05	501.45	503.55
2005.12.20	503.5	508.1	491.65	492.0
2005.12.21	492.4	495.15	489.45	495.15
2005.12.22	495.0	504.7	493.5	503.95
2005.12.23	504.25	506.22	499.75	502.81
2005.12.26	503.05	503.51	502.35	502.55
2005.12.27	502.65	508.55	502.51	507.65
2005.12.28	507.35	517.85	507.35	516.45
2005.12.29	516.53	517.65	510.55	516.47
2005.12.30	517.03	517.4	512.35	516.97
2006.01.02	516.85	517.4	516.85	517.4
2006.01.03	516.54	534.65	516.54	534.1
2006.01.04	534.2	535.45	525.03	534.0
2006.01.05	533.72	534.75	522.28	524.5
2006.01.06	524.51	540.03	523.0	539.28
2006.01.09	539.0	551.45	534.95	548.9
2006.01.10	548.78	548.78	539.25	543.03
2006.01.11	542.4	549.63	539.45	547.25
2006.01.12	547.2	549.7	541.85	546.2
2006.01.13	546.53	557.75	544.25	555.71
2006.01.16	555.9	562.1	555.4	561.78
2006.01.17	561.8	564.15	551.75	554.5
2006.01.18	554.35	557.45	542.5	543.03
2006.01.19	542.65	559.15	539.95	557.53
2006.01.20	558.03	568.03	551.87	553.54
2006.01.23	553.53	560.53	551.35	559.12
2006.01.24	559.03	559.87	552.85	557.97
2006.01.25	558.65	566.65	556.53	563.1
2006.01.26	563.0	563.6	554.37	560.4
2006.01.27	559.59	564.6	555.35	558.94
2006.01.30	556.6	569.0	556.6	568.03
2006.01.31	567.85	572.7	565.65	568.2
2006.02.01	570.6	571.7	563.2	569.28
2006.02.02	569.1	575.1	567.5	572.2
2006.02.03	571.6	573.9	564.65	567.4
2006.02.06	567.0	573.78	567.0	569.66
2006.02.07	569.58	570.9	546.5	548.5
2006.02.08	548.0	552.9	544.75	551.2
2006.02.09	550.9	566.73	549.4	564.1
2006.02.10	564.23	568.73	546.6	550.75
2006.02.13	549.0	551.6	538.27	540.74
2006.02.14	540.09	547.7	534.65	547.29
2006.02.15	547.0	547.76	535.9	539.7
2006.02.16	539.45	548.1	535.62	547.6
2006.02.17	547.9	554.4	543.85	551.75
2006.02.20	551.75	556.52	551.48	555.78
2006.02.21	555.77	556.2	551.25	554.1
2006.02.22	554.2	555.77	547.1	555.4
2006.02.23	555.5	555.5	547.87	549.0
2006.02.24	548.7	559.4	547.09	558.75
2006.02.27	558.65	558.9	552.4	553.7
2006.02.28	553.78	562.6	552.7	561.4
2006.03.01	561.35	566.7	560.1	562.7
2006.03.02	562.5	570.2	561.47	569.6
2006.03.03	569.5	570.54	564.1	565.07
2006.03.06	565.21	568.2	551.64	555.0
2006.03.07	555.2	558.17	548.03	552.5
2006.03.08	552.4	553.9	538.25	543.29
2006.03.09	543.1	550.5	539.54	545.0
2006.03.10	545.1	546.86	533.5	540.7
2006.03.13	540.7	546.7	540.45	545.7
2006.03.14	545.6	552.4	542.52	550.79
2006.03.15	551.1	557.25	550.04	552.79
2006.03.16	552.7	556.6	547.1	555.2
2006.03.17	555.1	557.6	551.6	553.6
2006.03.19	553.75	554.2	553.5	553.8
2006.03.20	553.7	556.28	549.9	554.7
2006.03.21	554.79	555.2	546.78	551.9
2006.03.22	551.79	553.3	546.7	550.6
2006.03.23	550.7	551.12	544.1	549.7
2006.03.24	550.0	561.1	548.54	560.0
2006.03.27	559.85	568.45	558.4	567.2
2006.03.28	567.15	569.4	562.4	563.29
2006.03.29	563.4	574.03	560.03	573.45
2006.03.30	573.4	589.4	571.28	588.9
2006.03.31	588.78	589.1	578.69	583.5
2006.04.01	583.3	583.4	583.3	583.3
2006.04.03	583.4	591.9	581.79	587.4
2006.04.04	587.5	590.25	584.53	586.5
2006.04.05	586.4	589.75	581.65	588.29
2006.04.06	588.2	596.75	587.11	595.1
2006.04.07	595.29	597.9	584.95	588.87
2006.04.10	591.35	599.54	590.0	599.46
2006.04.11	599.4	604.03	592.75	593.13
2006.04.12	593.25	599.95	592.85	598.15
2006.04.13	597.9	598.37	590.25	596.25
2006.04.14	596.35	599.54	596.15	598.26
2006.04.17	598.25	615.75	598.05	613.29
2006.04.18	613.25	622.04	612.35	620.7
2006.04.19	620.6	642.29	620.6	639.95
2006.04.20	639.75	645.65	606.28	611.5
2006.04.21	611.78	635.0	609.85	634.9
2006.04.24	633.8	639.96	618.78	621.04
2006.04.25	620.54	634.89	619.0	630.25
2006.04.26	629.79	641.04	628.0	638.5
2006.04.27	638.65	643.5	626.9	633.29
2006.04.28	633.4	655.8	633.25	654.54
2006.05.01	654.2	661.5	650.38	654.79
2006.05.02	655.1	669.35	652.6	668.65
2006.05.03	668.55	677.06	658.28	667.05
2006.05.04	666.95	680.27	660.7	679.4
2006.05.05	679.6	684.1	675.0	683.3
2006.05.08	683.6	686.2	671.15	678.3
2006.05.09	679.0	700.75	677.85	700.65
2006.05.10	700.55	708.2	693.65	707.5
2006.05.11	707.45	725.91	704.0	713.85
2006.05.12	713.65	730.25	708.0	714.98
2006.05.15	714.35	720.15	676.2	677.17
2006.05.16	677.0	692.88	674.35	690.07
2006.05.17	690.3	716.35	685.1	686.8
2006.05.18	686.9	694.24	678.27	681.9
2006.05.19	682.07	688.33	650.79	659.77
2006.05.22	657.3	661.12	636.4	655.6
2006.05.23	655.65	674.67	651.2	666.3
2006.05.24	666.05	670.22	635.35	640.29
2006.05.25	640.5	650.6	638.57	650.52
2006.05.26	650.5	655.25	640.2	653.23
2006.05.29	653.5	654.1	647.1	650.1
2006.05.30	650.0	665.1	648.2	652.5
2006.05.31	652.39	659.6	638.2	644.79
2006.06.01	644.7	645.5	620.29	629.2
2006.06.02	629.4	638.57	618.78	638.07
2006.06.05	637.9	645.35	634.86	636.65
2006.06.06	636.85	638.85	625.34	630.25
2006.06.07	630.12	631.03	616.38	626.15
2006.06.08	626.35	627.04	607.9	612.72
2006.06.09	612.82	617.14	600.7	605.75
2006.06.12	607.05	611.53	602.4	604.25
2006.06.13	603.85	604.75	560.95	561.66
2006.06.14	561.9	571.1	542.55	558.25
2006.06.15	558.15	578.29	553.85	575.95
2006.06.16	575.85	584.97	566.83	579.55
2006.06.19	579.91	580.22	563.67	564.75
2006.06.20	564.65	577.07	560.71	575.25
2006.06.21	575.11	590.4	570.15	587.04
2006.06.22	587.52	594.7	579.15	580.35
2006.06.23	580.25	585.79	571.52	583.02
2006.06.26	583.05	586.79	577.1	584.75
2006.06.27	584.85	595.75	578.75	578.75
2006.06.28	578.45	586.02	576.37	579.65
2006.06.29	579.26	600.22	578.45	599.12
2006.06.30	598.95	616.2	596.88	615.29
2006.07.03	613.95	626.57	613.0	623.65
2006.07.04	623.5	623.8	616.38	621.85
2006.07.05	621.8	630.1	617.51	627.74
2006.07.06	627.65	634.77	621.52	632.35
2006.07.07	632.65	637.21	627.37	628.77
2006.07.10	628.75	632.04	620.21	623.75
2006.07.11	623.72	643.32	620.95	640.91
2006.07.12	640.82	655.22	639.04	651.15
2006.07.13	650.84	660.01	643.75	659.54
2006.07.14	659.84	667.56	658.55	664.45
2006.07.17	669.28	676.05	640.4	642.85
2006.07.18	642.35	654.24	627.23	632.54
2006.07.19	631.75	646.4	617.79	642.25
2006.07.20	642.35	644.74	627.45	628.85
2006.07.21	628.75	637.02	615.6	621.05
2006.07.24	619.6	620.82	601.9	614.75
2006.07.25	614.82	623.57	609.75	618.35
2006.07.26	618.74	626.87	612.97	624.04
2006.07.27	624.02	640.55	622.01	633.65
2006.07.28	633.85	638.07	626.02	634.46
2006.07.31	635.02	639.29	628.44	636.04
2006.08.01	636.15	648.09	630.42	646.75
2006.08.02	646.91	655.92	645.04	650.85
2006.08.03	650.75	652.67	639.02	644.54
2006.08.04	644.41	654.04	643.08	646.2
2006.08.07	645.11	651.7	644.35	648.15
2006.08.08	647.75	648.75	640.76	642.04
2006.08.09	642.45	654.66	634.89	649.7
2006.08.10	649.54	653.75	633.25	635.75
2006.08.11	635.65	644.64	626.03	631.45
2006.08.14	635.3	635.3	623.4	626.25
2006.08.15	626.15	628.2	620.3	624.29
2006.08.16	624.4	632.5	623.45	628.5
2006.08.17	628.45	631.65	613.25	613.4
2006.08.18	613.5	618.82	607.11	614.41
2006.08.21	614.35	628.16	613.47	627.6
2006.08.22	628.65	629.15	620.13	624.65
2006.08.23	624.25	629.98	621.04	621.54
2006.08.24	621.85	626.12	618.65	621.25
2006.08.25	621.35	624.21	617.6	622.47
2006.08.28	622.24	623.85	612.35	614.4
2006.08.29	614.25	617.45	607.15	614.2
2006.08.30	614.4	620.52	612.45	618.54
2006.08.31	618.65	627.1	617.65	626.79
2006.09.01	626.45	627.52	619.25	625.59
2006.09.04	625.32	627.6	624.3	625.78
2006.09.05	627.13	640.1	625.73	637.8
2006.09.06	638.2	640.1	632.28	633.65
2006.09.07	633.45	635.9	613.89	616.54
2006.09.08	616.6	619.25	606.4	610.44
2006.09.11	610.43	610.43	582.94	589.1
2006.09.12	588.6	599.9	584.4	586.8
2006.09.13	587.3	593.53	578.94	589.5
2006.09.14	589.6	595.05	574.66	575.1
2006.09.15	575.0	578.79	572.4	577.32
2006.09.18	578.02	588.1	578.02	586.92
2006.09.19	586.69	589.0	572.5	573.4
2006.09.20	572.6	586.35	572.03	576.54
2006.09.21	576.5	585.29	574.45	584.04
2006.09.22	584.25	592.5	583.75	589.15
2006.09.25	589.75	591.85	581.97	590.22
2006.09.26	590.45	593.9	586.07	591.65
2006.09.27	591.45	603.75	589.75	603.15
2006.09.28	603.25	606.82	600.28	601.25
2006.09.29	600.9	604.0	594.17	598.55
2006.10.02	598.54	603.27	594.94	596.1
2006.10.03	595.75	596.26	594.75	595.6
2006.10.04	574.85	580.49	559.22	566.75
2006.10.05	566.45	574.23	562.4	574.05
2006.10.06	574.3	574.3	560.65	573.65
2006.10.09	574.15	580.99	572.45	575.73
2006.10.10	576.85	579.55	576.05	578.35
2006.10.11	572.5	578.6	570.0	572.6
2006.10.12	572.7	579.1	570.6	578.8
2006.10.13	586.55	590.23	583.75	588.8
2006.10.16	591.55	596.35	589.95	596.0
2006.10.17	596.05	598.5	585.93	589.9
2006.10.18	589.88	595.03	587.23	589.25
2006.10.19	589.7	600.5	586.5	599.1
2006.10.20	599.65	602.63	596.45	596.95
2006.10.23	591.82	592.75	579.65	581.8
2006.10.24	581.83	581.93	577.4	578.6
2006.10.25	581.25	591.8	580.85	590.8
2006.10.26	590.9	598.3	589.9	597.0
2006.10.27	596.9	599.8	591.9	599.1
2006.10.30	598.3	610.6	598.2	603.7
2006.10.31	603.8	607.3	597.6	605.7
2006.11.01	606.0	619.2	605.1	616.5
2006.11.02	616.3	625.7	613.8	624.1
2006.11.03	624.0	629.0	617.1	626.8
2006.11.06	627.67	629.5	622.18	622.73
2006.11.07	622.68	628.9	621.6	624.5
2006.11.08	624.3	626.9	612.97	615.19
2006.11.09	615.69	635.43	614.75	632.9
2006.11.10	633.0	636.4	624.85	627.81
2006.11.13	627.9	632.35	620.15	625.25
2006.11.14	624.8	629.05	618.81	620.5
2006.11.15	620.3	624.63	615.05	622.6
2006.11.16	622.75	627.8	617.69	618.1
2006.11.17	617.8	622.18	614.35	621.18
2006.11.20	621.0	626.85	620.05	622.4
2006.11.21	622.19	629.35	621.9	627.0
2006.11.22	627.5	634.35	625.69	629.79
2006.11.23	629.5	631.65	628.35	630.76
2006.11.24	630.77	639.84	630.15	637.96
2006.11.27	639.6	641.79	636.43	640.1
2006.11.28	640.3	641.68	632.43	639.5
2006.11.29	639.3	640.5	634.5	635.9
2006.11.30	636.0	648.55	636.0	647.5
2006.12.01	647.8	649.65	643.18	645.6
2006.12.04	645.55	647.85	640.35	645.69
2006.12.05	645.8	648.4	638.35	643.4
2006.12.06	642.55	642.55	627.91	631.4
2006.12.07	630.35	634.3	624.4	633.44
2006.12.08	633.6	637.75	623.25	624.43
2006.12.11	624.42	630.35	622.75	629.93
2006.12.12	630.0	630.85	626.56	629.55
2006.12.13	629.65	630.17	623.0	628.15
2006.12.14	627.94	629.19	624.93	625.35
2006.12.15	625.25	628.85	614.22	615.35
2006.12.18	614.99	618.12	611.35	615.65
2006.12.19	615.75	622.72	614.6	622.44
2006.12.20	622.85	624.25	618.87	619.94
2006.12.21	620.03	622.15	617.5	618.0
2006.12.22	618.3	621.35	618.0	620.11
2006.12.25	620.85	620.85	620.85	620.85
2006.12.26	620.84	628.25	619.86	623.28
2006.12.27	623.33	627.95	622.63	625.69
2006.12.28	625.9	634.05	625.4	633.4
2006.12.29	633.5	635.69	630.76	635.19
2007.01.01	636.45	638.05	636.3	636.85
2007.01.02	638.2	641.3	636.3	640.4
2007.01.03	640.0	645.2	624.7	627.7
2007.01.04	627.2	630.95	620.3	623.45
2007.01.05	621.3	626.3	601.5	607.65
2007.01.06	607.65	607.65	607.65	607.65
2007.01.07	607.65	623.0	607.35	608.55
2007.01.08	608.2	610.75	603.3	609.9
2007.01.09	609.6	615.95	605.6	613.45
2007.01.10	613.2	613.6	605.3	611.95
2007.01.11	610.7	616.45	608.6	611.95
2007.01.12	610.2	627.32	609.3	626.5
2007.01.13	626.5	626.5	626.5	626.5
2007.01.14	626.5	628.1	626.05	626.4
2007.01.15	626.3	627.75	624.5	626.45
2007.01.16	625.2	627.8	622.3	623.7
2007.01.17	624.7	633.75	619.7	633.0
2007.01.18	632.1	636.45	626.2	628.05
2007.01.19	626.6	636.4	626.2	635.4
2007.01.20	635.4	635.4	635.4	635.4
2007.01.21	635.4	636.05	635.4	635.7
2007.01.22	635.5	639.75	631.6	634.14
2007.01.23	633.2	647.75	633.1	646.35
2007.01.24	645.7	648.9	638.5	647.5
2007.01.25	647.6	654.7	644.7	645.7
2007.01.26	645.2	648.05	640.6	646.0
2007.01.27	646.0	646.0	646.0	646.0
2007.01.28	646.0	648.2	645.95	647.95
2007.01.29	645.3	648.05	640.7	643.0
2007.01.30	642.8	647.4	640.7	646.9
2007.01.31	646.2	654.55	641.7	652.35
2007.02.01	652.6	661.45	651.5	657.0
2007.02.02	656.2	659.7	642.7	647.85
2007.02.03	647.85	647.85	647.85	647.85
2007.02.04	647.85	648.65	647.85	648.5
2007.02.05	647.6	652.05	645.7	648.4
2007.02.06	647.7	658.6	646.1	653.35
2007.02.07	652.8	656.9	649.8	652.2
2007.02.08	651.7	661.65	647.5	660.8
2007.02.09	659.3	669.1	656.7	666.8
2007.02.10	666.8	666.8	666.8	666.8
2007.02.11	666.8	668.7	666.8	667.45
2007.02.12	667.3	668.2	659.6	661.35
2007.02.13	660.7	669.25	660.2	664.1
2007.02.14	664.0	671.7	663.2	669.0
2007.02.15	668.0	670.25	662.0	668.2
2007.02.16	669.3	669.5	662.5	668.35
2007.02.18	668.7	668.7	668.0	668.05
2007.02.19	669.1	673.15	667.2	671.1
2007.02.20	670.6	671.75	655.3	659.75
2007.02.21	657.0	682.44	656.7	677.94
2007.02.22	678.2	680.95	674.7	675.25
2007.02.23	677.3	688.2	672.3	682.2
2007.02.25	682.4	684.0	680.95	683.2
2007.02.26	681.1	688.05	681.1	686.6
2007.02.27	686.0	688.95	657.7	665.35
2007.02.28	664.3	677.5	660.8	673.85
2007.03.01	669.2	677.4	649.65	655.65
2007.03.02	664.2	665.2	639.1	642.15
2007.03.04	642.2	644.75	642.0	642.9
2007.03.05	644.1	644.85	632.35	632.75
2007.03.06	635.3	647.8	632.2	647.65
2007.03.07	646.2	651.7	642.3	647.6
2007.03.08	648.7	655.75	646.8	652.35
2007.03.09	652.0	657.9	647.2	649.15
2007.03.11	649.1	650.55	648.4	649.35
2007.03.12	650.1	653.85	645.2	649.2
2007.03.13	649.6	652.15	641.2	643.15
2007.03.14	643.5	645.9	636.5	644.55
2007.03.15	643.8	650.15	643.3	648.3
2007.03.16	646.6	655.35	645.6	653.1
2007.03.18	652.6	655.05	651.85	654.15
2007.03.19	653.0	656.2	651.7	654.6
2007.03.20	653.8	660.85	652.2	658.6
2007.03.21	657.8	664.9	656.6	663.75
2007.03.22	663.7	666.55	661.6	663.4
2007.03.23	662.9	664.55	654.7	657.15
2007.03.25	656.8	658.1	656.8	658.05
2007.03.26	656.2	665.05	656.2	663.6
2007.03.27	662.9	668.95	661.3	665.95
2007.03.28	663.6	669.2	663.1	665.3
2007.03.29	665.4	665.85	655.0	661.25
2007.03.30	661.3	667.6	660.4	663.45
2007.04.01	665.45	665.75	665.15	665.65
2007.04.02	663.1	667.55	655.9	663.3
2007.04.03	663.5	667.4	661.5	663.6
2007.04.04	663.8	675.65	663.3	674.05
2007.04.05	673.7	675.35	671.3	674.65
2007.04.06	674.0	674.35	672.6	673.35
2007.04.08	673.1	673.1	671.5	672.6
2007.04.09	673.6	677.65	670.3	672.25
2007.04.10	670.8	681.45	670.8	677.3
2007.04.11	676.8	680.65	674.0	677.4
2007.04.12	676.9	679.65	670.9	676.95
2007.04.13	676.0	685.55	675.8	684.85
2007.04.15	684.9	687.45	684.9	685.3
2007.04.16	685.5	691.1	682.6	690.35
2007.04.17	689.9	690.7	685.5	687.45
2007.04.18	686.4	690.8	685.1	689.75
2007.04.19	689.1	691.5	678.7	684.0
2007.04.20	683.3	693.5	682.5	691.65
2007.04.22	691.85	693.5	691.7	692.55
2007.04.23	691.6	693.55	686.5	689.8
2007.04.24	689.1	691.7	680.5	683.65
2007.04.25	683.6	686.65	681.7	684.9
2007.04.26	684.4	686.7	671.0	674.55
2007.04.27	674.3	681.7	670.4	681.2
2007.04.29	680.7	682.1	679.55	680.0
2007.04.30	680.8	681.95	675.5	678.65
2007.05.01	677.8	678.95	671.5	674.01
2007.05.02	673.3	674.86	667.2	672.6
2007.05.03	672.1	682.4	671.6	681.85
2007.05.04	681.8	690.5	679.9	688.55
2007.05.06	688.5	688.8	687.85	688.1
2007.05.07	687.9	690.7	686.1	688.05
2007.05.08	688.5	688.75	681.7	685.45
2007.05.09	684.7	686.55	675.4	680.7
2007.05.10	680.1	680.7	664.0	664.8
2007.05.11	665.5	672.75	664.3	670.8
2007.05.13	670.85	672.05	670.75	671.85
2007.05.14	670.3	674.95	666.1	669.2
2007.05.15	669.4	673.35	664.7	672.15
2007.05.16	671.8	673.25	659.4	662.25
2007.05.17	661.9	664.55	653.3	657.65
2007.05.18	657.4	662.9	655.5	661.45
2007.05.20	663.8	663.8	661.4	661.7
2007.05.21	661.3	663.65	656.7	662.95
2007.05.22	662.8	665.3	657.9	658.6
2007.05.23	658.8	664.45	657.1	662.35
2007.05.24	661.0	662.7	651.5	654.15
2007.05.25	653.4	656.8	653.1	655.75
2007.05.27	656.0	656.0	655.35	655.75
2007.05.28	655.3	656.4	654.6	655.6
2007.05.29	655.4	661.7	654.4	657.05
2007.05.30	655.0	658.65	651.6	654.6
2007.05.31	652.7	661.7	652.7	660.8
2007.06.01	660.5	671.6	660.2	671.4
2007.06.03	671.15	671.4	670.8	671.05
2007.06.04	671.1	673.85	668.2	671.35
2007.06.05	670.7	673.3	668.7	670.7
2007.06.06	669.3	671.95	664.8	669.95
2007.06.07	670.1	672.95	657.8	659.4
2007.06.08	658.7	662.4	643.6	648.45
2007.06.10	649.1	650.15	648.65	650.05
2007.06.11	648.8	654.95	648.4	653.2
2007.06.12	653.0	654.6	645.5	647.55
2007.06.13	648.0	652.5	642.7	651.25
2007.06.14	651.0	654.1	645.6	652.9
2007.06.15	651.6	655.7	649.7	655.05
2007.06.17	655.5	656.85	655.15	656.15
2007.06.18	654.5	659.2	654.3	656.85
2007.06.19	655.4	662.05	653.4	660.8
2007.06.20	660.8	661.6	652.2	654.2
2007.06.21	653.6	656.55	647.5	651.25
2007.06.22	651.5	656.3	650.3	653.9
2007.06.24	654.05	654.45	652.2	652.2
2007.06.25	653.9	654.2	648.5	651.1
2007.06.26	651.1	651.85	638.85	641.85
2007.06.27	640.6	644.7	638.3	643.0
2007.06.28	643.1	649.8	642.6	648.35
2007.06.29	648.8	652.35	646.2	649.35
2007.07.01	650.85	651.1	650.2	650.35
2007.07.02	650.2	658.6	648.3	656.2
2007.07.03	657.1	658.05	651.7	653.55
2007.07.04	652.6	654.8	652.5	654.05
2007.07.05	654.1	656.5	645.4	649.1
2007.07.06	648.9	656.0	645.0	655.65
2007.07.08	656.0	656.4	654.8	655.0
2007.07.09	655.2	663.1	653.3	659.9
2007.07.10	660.0	664.9	658.4	663.55
2007.07.11	662.6	665.95	659.5	661.3
2007.07.12	660.4	669.3	660.4	666.3
2007.07.13	666.8	668.5	663.1	666.6
2007.07.15	666.35	667.3	666.3	666.9
2007.07.16	666.1	668.7	663.2	665.45
2007.07.17	664.8	667.3	662.25	664.8
2007.07.18	664.4	674.15	664.1	673.2
2007.07.19	672.6	677.6	671.0	676.55
2007.07.20	677.5	686.75	674.9	683.1
2007.07.22	683.75	684.7	682.55	682.85
2007.07.23	682.8	684.95	679.8	682.1
2007.07.24	681.2	687.75	679.8	681.25
2007.07.25	681.0	681.8	670.5	675.65
2007.07.26	675.4	676.85	654.5	662.65
2007.07.27	662.7	666.8	656.5	660.9
2007.07.29	661.1	661.95	660.0	661.15
2007.07.30	660.7	665.7	659.6	665.15
2007.07.31	664.5	668.7	662.9	663.75
2007.08.01	663.4	667.5	658.8	665.35
2007.08.02	666.9	667.1	662.3	665.35
2007.08.03	665.1	675.35	664.6	673.45
2007.08.05	673.25	675.4	672.5	672.75
2007.08.06	672.6	674.8	668.7	671.55
2007.08.07	671.5	672.5	665.8	671.35
2007.08.08	671.7	676.7	669.3	673.55
2007.08.09	674.4	674.5	658.9	661.8
2007.08.10	661.2	676.15	657.7	672.6
2007.08.12	672.5	672.5	670.45	670.6
2007.08.13	671.4	672.7	668.1	668.9
2007.08.14	668.9	671.3	665.2	669.65
2007.08.15	668.9	670.9	661.7	667.9
2007.08.16	666.5	667.9	641.6	648.9
2007.08.17	651.2	664.05	645.3	657.5
2007.08.19	657.05	657.05	653.65	653.85
2007.08.20	656.4	660.4	652.7	657.05
2007.08.21	657.4	659.9	653.9	657.35
2007.08.22	657.2	661.75	654.2	660.3
2007.08.23	660.2	664.95	658.2	659.5
2007.08.24	659.6	668.75	657.2	667.95
2007.08.26	668.05	668.25	667.05	667.45
2007.08.27	667.7	668.4	665.3	666.1
2007.08.28	666.6	668.3	661.65	662.35
2007.08.29	663.1	668.85	660.7	666.4
2007.08.30	667.1	668.05	663.1	665.6
2007.08.31	664.6	674.5	664.3	672.3
2007.09.03	672.5	673.2	671.2	672.0
2007.09.04	672.1	683.0	671.1	681.2
2007.09.05	681.3	682.5	678.0	681.4
2007.09.06	681.5	697.4	679.8	694.9
2007.09.07	694.8	706.5	691.8	699.9
2007.09.10	699.0	706.6	698.8	702.6
2007.09.11	702.5	713.9	702.0	712.0
2007.09.12	712.1	713.9	705.4	711.1
2007.09.13	711.0	711.9	703.0	707.8
2007.09.14	707.7	717.0	703.6	707.2
2007.09.17	707.3	719.7	705.9	717.4
2007.09.18	717.2	726.8	711.3	723.1
2007.09.19	723.2	726.2	719.3	720.8
2007.09.20	720.6	738.1	720.5	733.3
2007.09.21	733.2	739.1	726.2	730.4
2007.09.24	731.0	735.9	725.7	729.9
2007.09.25	729.8	733.2	721.7	731.2
2007.09.26	731.1	736.5	725.9	728.3
2007.09.27	728.2	735.6	726.5	733.9
2007.09.28	734.0	745.5	732.9	742.6
2007.10.01	743.7	747.5	740.8	746.7
2007.10.02	746.4	747.4	724.2	731.2
2007.10.03	731.1	735.7	725.9	727.5
2007.10.04	727.6	738.2	720.3	737.5
2007.10.05	737.4	744.0	726.7	741.6
2007.10.08	740.9	742.0	730.8	732.8
2007.10.09	732.9	740.3	726.2	737.6
2007.10.10	737.8	745.7	737.0	740.5
2007.10.11	740.6	753.4	739.1	747.3
2007.10.12	747.4	752.1	744.5	749.2
2007.10.15	749.0	759.9	747.2	758.8
2007.10.16	759.1	766.6	753.2	760.1
2007.10.17	760.0	764.6	751.3	754.5
2007.10.18	754.8	768.6	754.2	767.7
2007.10.19	767.6	770.8	757.8	765.7
2007.10.22	766.2	768.1	745.0	753.7
2007.10.23	753.8	760.7	752.4	759.1
2007.10.24	759.2	763.8	753.5	763.2
2007.10.25	763.3	769.1	761.4	768.8
2007.10.26	768.7	785.6	767.9	784.7
2007.10.29	784.2	794.2	784.1	791.3
2007.10.30	791.2	791.9	778.8	781.3
2007.10.31	781.2	797.0	776.5	796.4
2007.11.01	796.3	799.0	783.6	786.8
2007.11.02	786.7	807.8	786.7	807.1
2007.11.05	806.9	811.3	800.5	805.7
2007.11.06	805.8	824.6	805.7	824.4
2007.11.07	824.3	845.4	821.9	830.4
2007.11.08	830.3	845.3	822.7	832.9
2007.11.09	832.7	838.4	826.4	830.7
2007.11.12	829.9	832.2	791.2	792.7
2007.11.13	792.6	808.7	790.0	801.3
2007.11.14	801.4	815.7	798.7	811.4
2007.11.15	811.5	817.8	782.2	787.8
2007.11.16	787.6	797.2	783.4	785.9
2007.11.19	786.0	793.8	774.7	781.5
2007.11.20	781.4	805.5	772.4	802.3
2007.11.21	802.4	807.0	794.3	800.0
2007.11.22	799.8	805.3	798.0	803.8
2007.11.23	803.7	825.4	802.5	823.0
2007.11.26	823.6	836.5	820.6	824.1
2007.11.27	823.8	828.9	807.2	812.2
2007.11.28	812.3	815.5	790.9	804.1
2007.11.29	804.0	807.7	792.0	792.8
2007.11.30	792.9	799.2	778.7	781.8
2007.12.03	782.9	794.0	776.6	793.8
2007.12.04	793.9	805.0	786.3	801.0
2007.12.05	801.1	806.5	790.9	795.0
2007.12.06	794.9	805.2	784.7	801.8
2007.12.07	801.9	805.0	791.5	795.6
2007.12.10	795.7	811.8	793.6	807.6
2007.12.11	807.7	813.1	795.6	796.4
2007.12.12	796.3	816.8	795.9	813.1
2007.12.13	813.0	813.5	791.9	796.9
2007.12.14	797.0	803.1	787.4	794.1
2007.12.17	793.7	798.5	784.9	792.8
2007.12.18	792.9	806.1	789.9	802.2
2007.12.19	801.9	804.3	797.4	801.8
2007.12.20	802.0	802.7	792.9	795.9
2007.12.21	795.7	812.1	795.1	809.6
2007.12.24	810.6	815.2	807.8	811.7
2007.12.26	812.4	825.7	812.1	824.0
2007.12.27	824.3	830.9	821.1	825.0
2007.12.28	825.1	839.7	824.3	838.9
2007.12.31	841.0	843.1	829.2	832.7
2008.01.02	835.5	860.9	834.8	856.8
2008.01.03	857.1	868.9	852.9	864.3
2008.01.04	864.4	868.5	853.9	860.6
2008.01.07	860.4	864.7	854.9	857.5
2008.01.08	857.6	880.8	856.4	877.4
2008.01.09	877.3	891.1	871.5	878.4
2008.01.10	878.4	894.8	865.9	892.6
2008.01.11	892.7	898.0	887.0	895.7
2008.01.14	895.0	914.1	891.2	903.6
2008.01.15	903.5	914.1	886.9	887.3
2008.01.16	887.6	899.4	874.1	876.8
2008.01.17	876.8	890.2	874.45	877.3
2008.01.18	877.2	888.4	870.0	884.35
2008.01.21	882.4	883.05	860.55	864.5
2008.01.22	864.6	894.5	849.2	891.75
2008.01.23	891.8	895.7	876.3	889.95
2008.01.24	890.0	913.15	888.85	912.4
2008.01.25	912.4	923.45	905.8	913.3
2008.01.28	911.3	929.35	910.4	928.4
2008.01.29	928.35	933.05	919.55	923.35
2008.01.30	923.35	936.75	915.65	928.95
2008.01.31	928.95	929.55	914.95	925.65
2008.02.01	925.8	936.65	903.6	903.95
2008.02.04	905.4	912.55	891.85	903.1
2008.02.05	903.15	906.85	884.0	887.65
2008.02.06	887.8	907.3	885.65	899.75
2008.02.07	899.7	910.85	896.0	910.15
2008.02.08	910.1	920.55	907.25	920.2
2008.02.11	921.75	927.1	915.75	922.85
2008.02.12	922.75	924.5	902.5	905.85
2008.02.13	906.0	910.7	896.05	906.05
2008.02.14	906.05	913.75	901.6	907.75
2008.02.15	907.8	915.45	897.5	902.05
2008.02.18	902.45	907.5	900.05	904.5
2008.02.19	904.55	930.5	904.45	927.35
2008.02.20	927.35	945.55	913.2	943.8
2008.02.21	943.85	953.85	937.65	945.5
2008.02.22	945.45	949.6	935.45	945.15
2008.02.25	945.45	951.95	932.9	939.05
2008.02.26	939.05	950.2	926.0	947.7
2008.02.27	947.8	964.9	947.6	957.6
2008.02.28	957.6	972.35	951.6	970.4
2008.02.29	970.45	975.95	964.2	973.05
2008.03.03	973.1	989.35	972.8	983.35
2008.03.04	983.35	987.95	956.35	963.65
2008.03.05	963.6	992.9	958.85	989.15
2008.03.06	989.2	992.2	964.8	978.25
2008.03.07	978.35	988.5	969.35	972.65
2008.03.10	972.9	980.7	960.9	972.7
2008.03.11	972.75	985.75	964.65	972.8
2008.03.12	972.9	982.95	968.05	982.55
2008.03.13	982.55	999.65	975.0	994.4
2008.03.14	994.4	1007.05	990.0	999.3
2008.03.17	1001.8	1032.35	993.6	1001.65
2008.03.18	1002.0	1012.15	976.35	981.6
2008.03.19	981.6	997.25	937.55	944.6
2008.03.20	944.6	945.3	904.33	909.5
2008.03.21	909.9	917.55	906.85	910.75
2008.03.24	914.85	927.1	906.1	915.05
2008.03.25	915.1	938.8	910.0	938.35
2008.03.26	938.35	954.45	927.8	953.7
2008.03.27	953.8	954.65	940.15	947.15
2008.03.28	947.1	950.75	922.9	930.1
2008.03.31	930.8	940.65	912.25	915.65
2008.04.01	915.7	920.7	872.2	882.05
2008.04.02	882.05	906.35	880.75	903.95
2008.04.03	904.0	908.8	887.75	902.55
2008.04.04	902.75	914.6	899.0	913.35
2008.04.07	912.3	929.3	910.5	919.45
2008.04.08	919.35	925.55	907.55	914.3
2008.04.09	914.25	935.45	902.9	933.65
2008.04.10	933.5	939.6	921.85	928.35
2008.04.11	928.5	932.0	917.2	924.95
2008.04.14	918.9	931.88	914.15	923.95
2008.04.15	923.95	936.3	922.5	927.5
2008.04.16	927.5	949.0	924.2	944.25
2008.04.17	944.3	952.6	937.15	938.3
2008.04.18	938.25	946.5	904.55	917.9
2008.04.21	916.85	928.55	910.9	916.4
2008.04.22	916.45	925.35	911.45	915.45
2008.04.23	915.45	922.75	896.65	903.75
2008.04.24	903.75	906.8	883.0	885.7
2008.04.25	885.75	896.3	877.6	884.15
2008.04.28	888.95	895.7	886.35	892.85
2008.04.29	892.8	893.35	868.45	870.0
2008.04.30	869.95	878.7	862.35	877.15
2008.05.01	877.05	881.6	847.05	852.0
2008.05.02	851.95	859.15	844.95	856.75
2008.05.05	858.25	874.25	858.15	873.75
2008.05.06	873.8	882.7	870.4	875.85
2008.05.07	875.8	881.1	863.25	868.2
2008.05.08	868.3	885.5	865.25	881.35
2008.05.09	881.3	889.5	870.2	885.25
2008.05.12	883.3	889.65	877.7	882.15
2008.05.13	882.15	885.35	861.05	866.55
2008.05.14	866.45	870.95	859.8	863.9
2008.05.15	863.95	887.55	862.05	881.6
2008.05.16	881.6	904.9	879.8	902.9
2008.05.19	903.5	913.6	900.55	904.85
2008.05.20	904.85	923.5	900.7	918.9
2008.05.21	918.85	932.55	916.25	932.3
2008.05.22	932.25	935.15	916.7	921.25
2008.05.23	921.2	929.05	914.9	924.75
2008.05.26	926.55	928.9	925.6	928.4
2008.05.27	928.4	930.65	903.85	905.75
2008.05.28	905.7	909.65	888.65	900.4
2008.05.29	900.4	903.0	873.05	877.3
2008.05.30	877.3	888.9	869.85	886.55
2008.06.02	887.6	897.25	880.9	890.85
2008.06.03	890.9	896.6	875.05	879.85
2008.06.04	879.9	886.55	875.65	878.85
2008.06.05	878.8	879.9	864.65	876.85
2008.06.06	876.8	901.45	869.15	901.05
2008.06.09	902.55	909.1	890.2	892.3
2008.06.10	892.25	894.65	863.75	866.25
2008.06.11	866.3	882.7	866.0	879.8
2008.06.12	879.8	881.85	857.05	867.85
2008.06.13	867.85	874.2	859.35	869.15
2008.06.16	869.1	894.45	866.35	881.85
2008.06.17	881.75	888.35	873.95	882.2
2008.06.18	882.15	895.2	879.9	893.75
2008.06.19	893.5	908.35	886.4	897.95
2008.06.20	897.8	907.6	895.8	901.35
2008.06.23	901.55	907.25	875.45	883.0
2008.06.24	883.0	893.8	881.5	889.05
2008.06.25	889.0	890.6	873.3	885.9
2008.06.26	885.9	918.0	875.0	916.75
2008.06.27	916.7	930.6	906.5	926.7
2008.06.30	928.95	935.1	918.35	925.05
2008.07.01	925.0	945.75	921.8	939.4
2008.07.02	939.45	945.5	931.5	944.7
2008.07.03	944.7	946.4	926.9	934.0
2008.07.04	934.0	936.2	928.9	932.9
2008.07.07	931.95	932.45	914.7	925.4
2008.07.08	925.4	933.25	912.25	919.3
2008.07.09	919.3	928.7	915.75	928.25
2008.07.10	928.25	947.55	921.05	946.45
2008.07.11	944.55	967.35	941.45	963.95
2008.07.14	965.4	975.05	953.45	971.95
2008.07.15	971.9	988.15	968.2	976.95
2008.07.16	976.95	981.0	957.6	959.65
2008.07.17	959.65	978.8	952.25	957.1
2008.07.18	957.15	964.45	949.55	954.65
2008.07.21	956.6	968.2	954.95	965.25
2008.07.22	965.3	975.95	943.4	945.85
2008.07.23	945.85	948.9	917.55	920.3
2008.07.24	920.35	931.0	915.9	927.45
2008.07.25	927.55	934.95	917.0	929.6
2008.07.28	928.5	932.7	922.35	930.1
2008.07.29	930.15	933.05	912.7	918.45
2008.07.30	918.4	919.3	893.5	905.55
2008.07.31	905.5	925.3	899.95	913.55
2008.08.01	913.65	916.9	901.45	908.7
2008.08.04	909.8	915.35	893.55	894.25
2008.08.05	894.2	895.2	872.4	873.8
2008.08.06	873.8	886.25	872.55	879.7
2008.08.07	879.75	884.85	867.6	872.5
2008.08.08	872.5	873.65	850.5	857.05
2008.08.11	855.5	865.75	817.95	823.15
2008.08.12	823.15	826.65	801.7	811.65
2008.08.13	811.7	829.6	804.95	826.4
2008.08.14	826.4	836.65	804.35	806.3
2008.08.15	806.15	807.0	772.6	786.95
2008.08.18	790.8	803.9	789.0	799.55
2008.08.19	799.5	816.55	782.1	813.6
2008.08.20	813.65	818.1	799.75	813.0
2008.08.21	813.15	839.05	799.9	836.4
2008.08.22	836.4	837.65	820.9	822.35
2008.08.25	822.85	825.8	815.85	821.6
2008.08.26	821.55	830.4	806.7	824.6
2008.08.27	824.55	834.95	820.85	826.6
2008.08.28	826.5	843.85	822.6	833.5
2008.08.29	833.4	838.5	827.2	830.05
2008.09.01	833.55	836.1	814.8	817.15
2008.09.02	817.0	819.6	790.3	804.85
2008.09.03	804.8	808.4	788.95	800.95
2008.09.04	800.9	814.65	793.55	795.95
2008.09.05	795.95	818.9	790.05	801.4
2008.09.08	808.15	817.9	796.45	801.85
2008.09.09	801.85	804.7	775.6	776.65
2008.09.10	776.6	783.35	751.15	751.95
2008.09.11	752.0	758.0	735.95	746.25
2008.09.12	746.3	766.4	743.7	766.25
2008.09.15	749.85	787.25	749.85	785.95
2008.09.16	785.9	789.6	771.8	779.25
2008.09.17	779.1	868.0	770.7	862.9
2008.09.18	863.0	919.4	829.25	852.3
2008.09.19	852.65	876.5	775.5	872.2
2008.09.22	867.4	908.35	864.25	896.55
2008.09.23	896.45	909.05	879.35	891.15
2008.09.24	891.15	901.4	874.75	882.3
2008.09.25	882.25	897.1	862.88	876.95
2008.09.26	877.0	911.7	865.5	878.8
2008.09.29	875.25	925.1	866.5	907.75
2008.09.30	907.75	914.25	855.35	871.05
2008.10.01	870.9	892.85	864.3	870.28
2008.10.02	870.35	888.25	829.15	835.7
2008.10.03	835.25	847.3	817.95	836.9
2008.10.06	831.95	875.7	824.37	858.85
2008.10.07	858.7	891.15	855.65	886.8
2008.10.08	886.85	920.75	877.55	906.35
2008.10.09	906.4	924.15	880.25	911.7
2008.10.10	911.75	930.95	824.3	841.85
2008.10.13	765.25	871.55	765.25	831.4
2008.10.14	831.6	853.65	828.65	835.95
2008.10.15	835.95	854.65	830.9	846.25
2008.10.16	846.05	849.15	783.85	803.8
2008.10.17	803.45	814.65	771.8	783.95
2008.10.20	759.7	809.8	759.7	796.6
2008.10.21	796.55	802.95	765.2	771.3
2008.10.22	771.3	776.55	719.75	729.65
2008.10.23	728.95	735.05	697.6	720.6
2008.10.24	720.65	749.15	681.05	732.85
2008.10.27	679.55	746.65	679.55	730.0
2008.10.28	730.05	755.0	723.55	745.95
2008.10.29	745.95	774.15	735.5	754.05
2008.10.30	754.15	777.1	732.85	738.4
2008.10.31	738.45	741.45	717.0	723.85
2008.11.03	724.2	738.8	722.0	723.45
2008.11.04	723.5	767.85	721.7	762.0
2008.11.05	762.05	769.0	736.1	739.95
2008.11.06	739.8	759.95	728.0	732.0
2008.11.07	732.0	744.7	725.0	736.35
2008.11.10	736.5	768.1	736.5	745.95
2008.11.11	745.95	750.4	726.3	730.95
2008.11.12	730.95	738.85	709.25	711.3
2008.11.13	711.25	739.3	699.0	735.85
2008.11.14	735.85	753.95	724.8	744.75
2008.11.17	738.65	749.25	730.6	737.4
2008.11.18	737.5	745.9	731.4	737.9
2008.11.19	737.9	762.65	731.4	734.7
2008.11.20	734.75	752.6	732.45	745.2
2008.11.21	745.25	802.15	742.45	800.2
2008.11.24	801.7	829.45	786.2	821.3
2008.11.25	821.25	830.7	802.8	820.1
2008.11.26	820.05	822.8	808.25	812.45
2008.11.27	812.45	817.35	809.5	815.25
2008.11.28	815.3	820.45	809.0	817.25
2008.12.01	818.25	818.65	767.7	768.5
2008.12.02	768.25	786.5	761.25	782.15
2008.12.03	781.5	782.7	763.8	773.75
2008.12.04	773.7	787.65	762.1	766.4
2008.12.05	766.45	772.6	741.0	757.15
2008.12.08	755.1	782.0	755.1	772.5
2008.12.09	772.5	780.05	762.1	776.3
2008.12.10	776.3	813.0	773.95	810.0
2008.12.11	809.9	834.45	801.85	820.65
2008.12.12	820.6	828.55	807.3	820.45
2008.12.15	823.7	842.55	820.9	837.7
2008.12.16	837.6	859.3	829.75	857.15
2008.12.17	857.1	881.65	845.9	867.2
2008.12.18	867.4	878.1	848.05	852.1
2008.12.19	852.1	853.4	829.5	838.45
2008.12.22	836.55	851.45	836.05	846.95
2008.12.23	846.95	848.55	829.15	839.7
2008.12.24	839.65	848.4	834.1	847.2
2008.12.26	847.15	872.55	843.2	869.05
2008.12.29	879.2	890.05	873.05	879.95
2008.12.30	879.75	883.8	863.0	872.9
2008.12.31	872.85	884.1	856.1	880.2
2009.01.02	870.8	879.85	867.05	875.9
2009.01.05	883.2	884.2	843.8	859.25
2009.01.06	859.0	869.9	838.5	863.2
2009.01.07	863.15	866.7	835.85	842.7
2009.01.08	842.65	864.15	835.3	856.4
2009.01.09	856.45	868.0	844.4	852.15
2009.01.12	855.85	856.4	815.0	820.4
2009.01.13	820.35	830.35	813.7	821.3
2009.01.14	821.25	828.8	806.5	811.0
2009.01.15	810.95	821.05	801.3	817.75
2009.01.16	817.7	843.0	815.5	840.35
2009.01.19	842.4	845.65	831.25	835.25
2009.01.20	835.25	865.85	823.3	856.55
2009.01.21	856.5	864.05	843.0	853.45
2009.01.22	853.5	862.6	843.05	856.35
2009.01.23	856.25	902.9	852.25	899.15
2009.01.26	897.15	915.65	888.2	902.45
2009.01.27	902.4	907.15	892.0	898.35
2009.01.28	898.4	903.1	882.25	886.85
2009.01.29	886.9	909.45	873.95	908.1
2009.01.30	908.1	929.2	901.25	927.4
2009.02.02	922.8	925.45	900.85	904.6
2009.02.03	904.5	912.4	888.8	899.95
2009.02.04	899.85	908.9	895.2	905.6
2009.02.05	905.6	924.1	893.65	914.2
2009.02.06	914.25	919.8	903.45	910.4
2009.02.09	910.15	911.35	890.45	894.4
2009.02.10	894.0	917.75	889.1	914.7
2009.02.11	914.7	947.15	902.8	938.3
2009.02.12	938.3	952.1	934.8	946.15
2009.02.13	945.95	946.95	932.2	941.3
2009.02.16	940.95	944.05	935.75	941.3
2009.02.17	941.25	974.0	939.65	969.6
2009.02.18	969.7	987.05	960.6	982.9
2009.02.19	982.8	986.25	968.0	974.0
2009.02.20	973.95	1006.0	970.15	993.5
2009.02.23	991.9	998.0	975.15	990.95
2009.02.24	990.95	995.3	959.05	962.1
2009.02.25	962.05	977.95	944.0	953.5
2009.02.26	953.45	956.4	931.75	945.3
2009.02.27	945.3	962.55	926.5	940.9
2009.03.02	948.05	958.15	921.65	925.55
2009.03.03	925.6	932.55	905.1	915.1
2009.03.04	915.15	922.55	899.85	906.0
2009.03.05	906.0	936.4	905.2	931.65
2009.03.06	931.65	944.7	929.95	938.6
2009.03.09	939.95	941.79	910.7	921.6
2009.03.10	921.55	922.4	890.7	897.45
2009.03.11	897.4	913.15	892.2	908.7
2009.03.12	908.7	930.65	905.35	926.55
2009.03.13	926.5	938.5	919.55	927.7
2009.03.16	925.15	929.55	915.3	922.5
2009.03.17	922.6	924.1	912.0	914.7
2009.03.18	914.65	947.0	883.45	940.65
2009.03.19	940.65	962.2	925.45	959.4
2009.03.20	959.35	966.8	946.3	952.1
2009.03.23	950.15	956.85	935.85	939.25
2009.03.24	939.2	943.9	916.81	925.15
2009.03.25	925.2	940.7	915.95	933.35
2009.03.26	933.35	945.2	931.35	933.77
2009.03.27	933.77	935.95	918.35	923.25
2009.03.30	922.45	931.75	908.25	917.15
2009.03.31	917.1	924.55	911.4	918.8
2009.04.01	918.8	933.15	916.4	926.57
2009.04.02	926.57	929.1	894.45	903.95
2009.04.03	903.9	909.23	890.45	892.3
2009.04.06	893.3	893.6	864.9	868.5
2009.04.07	868.5	884.75	866.45	880.6
2009.04.08	880.65	889.9	878.1	880.3
2009.04.09	880.3	886.25	874.7	878.75
2009.04.10	878.7	884.65	876.7	880.8
2009.04.13	882.6	899.5	882.5	893.45
2009.04.14	893.45	898.25	885.9	890.25
2009.04.15	890.2	899.25	885.3	890.6
2009.04.16	890.65	893.6	871.8	875.2
2009.04.17	875.25	876.7	864.7	866.7
2009.04.20	868.75	888.1	864.5	883.95
2009.04.21	883.4	894.9	878.45	883.3
2009.04.22	883.35	893.25	881.7	889.15
2009.04.23	889.1	908.75	889.1	904.1
2009.04.24	904.1	913.65	902.55	912.05
2009.04.27	912.2	918.2	904.85	906.25
2009.04.28	906.25	906.6	884.05	893.0
2009.04.29	893.05	902.75	887.55	897.5
2009.04.30	897.5	899.8	880.6	887.9
2009.05.01	887.95	889.6	880.1	885.05
2009.05.04	885.65	906.95	878.85	901.9
2009.05.05	901.9	915.55	894.36	896.8
2009.05.06	896.75	912.3	894.9	910.85
2009.05.07	910.85	925.3	908.55	910.35
2009.05.08	910.3	919.5	905.3	915.1
2009.05.11	916.15	917.55	908.3	912.85
2009.05.12	912.85	923.91	911.35	922.85
2009.05.13	923.25	930.45	917.25	925.8
2009.05.14	925.8	928.6	919.95	926.0
2009.05.15	926.0	933.8	922.15	931.05
2009.05.18	930.75	933.55	914.95	917.8
2009.05.19	917.85	929.25	916.35	924.55
2009.05.20	924.55	940.3	923.75	938.15
2009.05.21	938.15	956.1	935.75	953.3
2009.05.22	953.35	961.25	949.8	957.4
2009.05.25	953.85	959.7	952.55	958.4
2009.05.26	957.25	957.25	939.8	951.35
2009.05.27	951.35	959.25	946.45	949.3
2009.05.28	949.3	965.0	943.65	959.0
2009.05.29	958.95	980.05	956.2	978.6
2009.06.01	977.95	988.55	966.85	974.6
2009.06.02	974.65	986.5	969.25	981.35
2009.06.03	981.35	990.05	960.55	962.9
2009.06.04	962.95	981.7	960.65	979.85
2009.06.05	979.8	983.6	952.55	953.8
2009.06.08	955.4	959.45	943.2	951.5
2009.06.09	951.55	962.2	941.7	954.5
2009.06.10	954.48	965.3	946.75	954.0
2009.06.11	954.0	961.85	942.45	954.45
2009.06.12	954.6	957.95	935.75	938.75
2009.06.15	938.45	938.9	925.88	927.9
2009.06.16	927.85	939.4	927.5	934.4
2009.06.17	934.4	940.05	927.65	938.1
2009.06.18	938.1	941.55	929.96	932.95
2009.06.19	932.95	938.9	930.8	935.5
2009.06.22	933.6	934.6	918.05	921.8
2009.06.23	921.85	926.79	912.8	925.4
2009.06.24	925.4	942.4	922.2	931.25
2009.06.25	931.3	939.98	929.85	939.1
2009.06.26	939.1	948.3	936.33	939.85
2009.06.29	937.3	942.55	934.25	937.45
2009.06.30	937.5	944.8	923.0	926.1
2009.07.01	926.15	946.3	917.45	940.35
2009.07.02	940.35	941.2	926.3	929.4
2009.07.03	929.35	934.15	926.3	932.15
2009.07.06	932.1	932.1	920.43	924.7
2009.07.07	924.75	931.9	921.13	924.2
2009.07.08	924.25	925.45	904.9	909.2
2009.07.09	909.25	918.4	906.25	911.8
2009.07.10	911.75	915.15	906.75	912.45
2009.07.13	912.35	923.15	907.7	919.85
2009.07.14	919.9	927.4	917.6	925.25
2009.07.15	925.15	942.0	924.25	938.65
2009.07.16	938.75	940.05	932.5	936.95
2009.07.17	937.26	939.75	931.65	935.7
2009.07.20	934.35	954.95	934.35	948.45
2009.07.21	948.5	953.6	944.25	948.2
2009.07.22	948.25	954.55	944.6	950.85
2009.07.23	950.9	957.2	947.3	948.8
2009.07.24	948.7	954.0	946.25	951.45
2009.07.27	950.6	958.7	947.4	953.45
2009.07.28	953.4	956.5	934.1	937.1
2009.07.29	937.05	940.7	925.45	929.55
2009.07.30	929.55	936.9	928.45	934.05
2009.07.31	934.0	956.65	932.2	951.0
2009.08.03	953.75	962.05	951.4	956.5
2009.08.04	956.4	970.0	950.78	966.45
2009.08.05	966.5	967.85	958.83	963.05
2009.08.06	963.1	971.55	955.9	963.0
2009.08.07	962.95	964.9	953.05	954.95
2009.08.10	954.25	956.6	942.25	945.95
2009.08.11	946.0	949.6	941.75	945.75
2009.08.12	945.75	952.0	939.85	946.65
2009.08.13	946.7	960.6	941.45	954.6
2009.08.14	954.55	959.05	942.1	947.5
2009.08.17	946.6	947.7	930.15	934.25
2009.08.18	934.25	939.75	933.8	938.1
2009.08.19	938.15	945.03	931.8	941.7
2009.08.20	941.6	945.55	937.1	940.45
2009.08.21	940.4	957.85	937.7	953.47
2009.08.24	952.45	956.8	934.45	941.45
2009.08.25	941.5	954.25	941.35	944.35
2009.08.26	944.35	949.9	939.9	945.15
2009.08.27	945.2	950.4	941.5	947.65
2009.08.28	947.7	961.7	947.6	955.8
2009.08.31	955.6	960.4	944.0	950.95
2009.09.01	950.85	956.85	946.3	955.9
2009.09.02	955.85	980.25	951.0	978.15
2009.09.03	978.2	997.29	974.25	991.65
2009.09.04	991.65	996.3	985.35	993.65
2009.09.07	992.45	996.5	990.2	994.5
2009.09.08	994.4	1007.5	992.5	994.9
2009.09.09	995.0	1003.0	987.2	992.0
2009.09.10	991.9	998.3	982.7	995.9
2009.09.11	995.9	1011.6	994.4	1006.0
2009.09.14	1005.0	1008.75	993.29	999.74
2009.09.15	999.7	1009.44	992.05	1007.16
2009.09.16	1007.15	1020.55	1005.97	1016.9
2009.09.17	1016.85	1023.9	1010.08	1013.21
2009.09.18	1013.16	1017.63	1005.85	1006.15
2009.09.21	1006.75	1006.75	995.55	1003.21
2009.09.22	1003.26	1019.55	1002.25	1014.05
2009.09.23	1014.1	1018.3	1005.85	1008.15
2009.09.24	1008.2	1018.9	990.5	993.72
2009.09.25	993.72	998.95	985.05	988.95
2009.09.28	990.85	996.6	985.85	990.67
2009.09.29	990.62	995.68	984.9	992.05
2009.09.30	992.02	1009.05	991.4	1007.37
2009.10.01	1007.37	1009.55	997.6	998.85
2009.10.02	998.9	1007.35	986.4	1001.6
2009.10.05	1001.6	1017.45	999.8	1016.97
2009.10.06	1016.92	1043.45	1014.95	1041.67
2009.10.07	1041.72	1048.25	1036.3	1043.82
2009.10.08	1043.82	1061.28	1042.75	1054.65
2009.10.09	1054.6	1054.9	1043.45	1047.65
2009.10.12	1048.4	1058.9	1046.95	1056.7
2009.10.13	1056.65	1068.4	1050.95	1063.9
2009.10.14	1063.95	1070.45	1055.8	1062.05
2009.10.15	1062.05	1065.55	1046.25	1049.92
2009.10.16	1049.97	1056.65	1042.8	1052.15
2009.10.19	1052.05	1064.6	1047.75	1063.85
2009.10.20	1063.95	1067.9	1051.85	1054.9
2009.10.21	1054.95	1064.65	1047.55	1058.7
2009.10.22	1058.7	1061.45	1051.45	1059.77
2009.10.23	1059.77	1067.43	1049.95	1054.9
2009.10.26	1054.4	1059.7	1037.5	1038.45
2009.10.27	1038.5	1043.55	1032.35	1039.65
2009.10.28	1039.6	1041.6	1026.45	1027.77
2009.10.29	1027.8	1047.6	1026.37	1046.8
2009.10.30	1046.85	1048.9	1035.05	1045.2
2009.11.02	1041.8	1062.55	1040.75	1059.25
2009.11.03	1059.5	1087.6	1055.15	1084.05
2009.11.04	1084.05	1097.6	1079.8	1091.85
2009.11.05	1091.85	1094.0	1083.65	1089.95
2009.11.06	1089.8	1100.9	1086.35	1095.2
2009.11.09	1098.25	1110.93	1095.35	1103.75
2009.11.10	1103.7	1109.1	1096.85	1105.45
2009.11.11	1105.5	1118.4	1104.95	1117.07
2009.11.12	1116.97	1122.9	1102.4	1103.37
2009.11.13	1103.52	1119.0	1100.9	1118.7
2009.11.16	1118.0	1143.3	1118.0	1138.85
2009.11.17	1139.1	1141.6	1127.8	1141.4
2009.11.18	1141.38	1152.85	1135.8	1145.15
2009.11.19	1145.2	1145.95	1129.98	1144.22
2009.11.20	1144.22	1151.0	1132.55	1150.65
2009.11.23	1150.4	1173.55	1150.4	1165.72
2009.11.24	1165.67	1171.15	1157.62	1169.02
2009.11.25	1169.02	1191.55	1166.65	1191.4
2009.11.26	1191.4	1194.95	1180.1	1191.65
2009.11.27	1191.6	1191.6	1137.15	1176.35
2009.11.30	1176.7	1181.7	1163.85	1179.25
2009.12.01	1179.3	1201.35	1175.1	1196.25
2009.12.02	1196.3	1216.9	1194.9	1215.32
2009.12.03	1215.37	1226.15	1204.15	1207.27
2009.12.04	1207.2	1212.5	1147.25	1160.15
2009.12.07	1160.85	1164.95	1134.95	1157.81
2009.12.08	1157.85	1168.7	1124.35	1128.01
2009.12.09	1128.01	1146.85	1116.05	1128.25
2009.12.10	1128.25	1136.5	1120.85	1130.96
2009.12.11	1130.95	1142.05	1109.25	1115.1
2009.12.14	1114.55	1127.55	1110.5	1126.05
2009.12.15	1126.05	1128.7	1111.1	1124.75
2009.12.16	1124.75	1141.05	1121.15	1137.55
2009.12.17	1137.6	1141.55	1094.65	1098.4
2009.12.18	1098.35	1116.8	1096.25	1111.5
2009.12.21	1111.15	1119.1	1089.9	1092.95
2009.12.22	1093.0	1097.25	1074.4	1083.55
2009.12.23	1083.55	1095.6	1079.2	1087.2
2009.12.24	1087.0	1105.75	1086.95	1104.5
2009.12.28	1104.9	1113.65	1101.3	1106.85
2009.12.29	1106.85	1108.1	1096.4	1096.5
2009.12.30	1096.75	1097.9	1085.59	1092.5
2009.12.31	1092.59	1106.65	1092.2	1096.55
2010.01.04	1096.7	1123.65	1093.05	1121.0
2010.01.05	1121.0	1128.5	1115.05	1117.7
2010.01.06	1117.65	1140.3	1117.1	1137.7
2010.01.07	1137.75	1138.85	1128.3	1131.45
2010.01.08	1131.5	1139.3	1119.3	1136.0
2010.01.11	1137.45	1161.85	1137.45	1151.5
2010.01.12	1151.5	1158.0	1124.8	1127.7
2010.01.13	1127.8	1138.6	1118.2	1137.75
2010.01.14	1137.8	1145.9	1130.6	1142.3
2010.01.15	1142.3	1145.65	1126.6	1131.15
2010.01.18	1127.15	1137.1	1127.1	1133.65
2010.01.19	1133.6	1140.5	1128.65	1137.9
2010.01.20	1137.95	1141.35	1106.95	1111.05
2010.01.21	1111.1	1117.45	1088.35	1093.75
2010.01.22	1093.65	1098.55	1082.0	1093.3
2010.01.25	1092.15	1103.95	1092.15	1098.1
2010.01.26	1098.05	1103.3	1085.35	1097.2
2010.01.27	1097.2	1102.25	1083.1	1087.6
2010.01.28	1087.63	1096.0	1073.8	1086.7
2010.01.29	1086.75	1090.45	1074.4	1081.3
2010.02.01	1082.4	1107.55	1076.5	1104.95
2010.02.02	1104.95	1118.5	1098.75	1114.15
2010.02.03	1114.2	1124.9	1106.95	1109.45
2010.02.04	1109.5	1111.0	1059.35	1062.8
2010.02.05	1062.8	1068.45	1044.05	1067.05
2010.02.08	1065.8	1073.65	1061.45	1062.5
2010.02.09	1062.65	1083.0	1061.9	1077.75
2010.02.10	1077.8	1082.2	1063.05	1071.75
2010.02.11	1071.8	1097.8	1071.6	1095.15
2010.02.12	1095.1	1095.75	1077.55	1092.05
2010.02.15	1092.75	1102.2	1091.5	1100.5
2010.02.16	1098.95	1121.0	1097.85	1118.85
2010.02.17	1118.85	1127.3	1105.0	1106.5
2010.02.18	1106.45	1123.95	1097.65	1108.25
2010.02.19	1108.2	1126.7	1099.1	1117.6
2010.02.22	1125.1	1130.85	1109.85	1114.05
2010.02.23	1114.08	1121.05	1099.2	1103.15
2010.02.24	1103.2	1108.05	1089.85	1097.4
2010.02.25	1097.35	1109.1	1088.1	1106.15
2010.02.26	1106.15	1118.8	1104.1	1116.6
2010.03.01	1117.25	1123.35	1111.75	1118.6
2010.03.02	1118.6	1137.5	1114.8	1134.4
2010.03.03	1134.4	1144.85	1132.05	1139.6
2010.03.04	1139.6	1141.45	1125.55	1131.9
2010.03.05	1131.95	1140.45	1127.2	1131.45
2010.03.08	1136.4	1137.5	1118.35	1123.3
2010.03.09	1123.35	1124.35	1108.35	1121.55
2010.03.10	1121.55	1127.85	1103.1	1108.1
2010.03.11	1108.15	1111.53	1100.4	1109.2
2010.03.12	1109.15	1119.1	1098.2	1102.25
2010.03.15	1100.6	1108.7	1100.6	1108.1
2010.03.16	1108.15	1128.6	1108.0	1127.42
2010.03.17	1127.42	1133.2	1118.25	1120.1
2010.03.18	1120.15	1129.25	1117.95	1127.05
2010.03.19	1127.1	1127.1	1101.2	1105.65
2010.03.22	1106.75	1108.55	1092.2	1101.85
2010.03.23	1102.55	1107.85	1094.3	1104.85
2010.03.24	1104.85	1105.2	1084.95	1086.4
2010.03.25	1086.4	1095.6	1085.45	1090.15
2010.03.26	1090.15	1109.55	1088.55	1108.6
2010.03.29	1110.1	1114.55	1103.35	1109.45
2010.03.30	1109.45	1113.2	1101.45	1103.35
2010.03.31	1103.4	1117.95	1102.25	1112.85
2010.04.01	1112.95	1127.9	1111.3	1126.5
2010.04.02	1126.5	1126.75	1114.6	1125.0
2010.04.05	1119.85	1133.25	1119.85	1131.6
2010.04.06	1131.55	1138.5	1122.6	1133.95
2010.04.07	1133.9	1153.1	1132.3	1149.05
2010.04.08	1149.1	1153.6	1143.5	1150.25
2010.04.09	1150.25	1164.65	1149.3	1160.35
2010.04.12	1160.15	1169.4	1154.05	1156.05
2010.04.13	1156.05	1157.05	1144.8	1150.35
2010.04.14	1150.4	1161.9	1150.15	1155.05
2010.04.15	1155.0	1161.35	1149.8	1158.95
2010.04.16	1158.9	1160.2	1129.85	1136.25
2010.04.19	1135.4	1137.9	1123.75	1135.5
2010.04.20	1135.98	1145.93	1133.43	1140.53
2010.04.21	1140.55	1150.5	1137.63	1146.45
2010.04.22	1146.48	1149.28	1131.58	1141.38
2010.04.23	1140.95	1156.98	1134.84	1155.9
2010.04.26	1157.8	1159.86	1150.65	1153.53
2010.04.27	1153.48	1172.6	1145.98	1167.76
2010.04.28	1167.71	1174.38	1160.45	1165.55
2010.04.29	1165.58	1171.13	1161.9	1166.68
2010.04.30	1166.73	1181.63	1166.48	1178.25
2010.05.03	1176.85	1187.63	1176.0	1182.13
2010.05.04	1182.22	1192.13	1166.6	1170.98
2010.05.05	1171.03	1176.58	1156.35	1174.95
2010.05.06	1174.93	1211.53	1172.43	1208.18
2010.05.07	1207.98	1213.77	1192.6	1207.78
2010.05.10	1195.85	1205.65	1183.88	1202.65
2010.05.11	1202.8	1234.3	1200.94	1232.48
2010.05.12	1232.43	1248.43	1226.66	1238.65
2010.05.13	1238.67	1242.95	1227.15	1232.53
2010.05.14	1232.55	1249.28	1217.6	1230.03
2010.05.17	1230.65	1242.28	1219.08	1222.28
2010.05.18	1222.33	1229.13	1206.68	1224.85
2010.05.19	1224.86	1227.65	1186.6	1193.51
2010.05.20	1193.55	1197.95	1174.98	1182.15
2010.05.21	1182.26	1187.63	1166.05	1177.06
2010.05.24	1181.5	1196.75	1179.3	1191.45
2010.05.25	1191.48	1204.1	1185.2	1204.0
2010.05.26	1204.05	1216.5	1200.7	1211.5
2010.05.27	1211.55	1218.28	1205.7	1212.4
2010.05.28	1212.05	1215.3	1202.0	1214.45
2010.05.31	1213.95	1217.9	1209.7	1216.0
2010.06.01	1216.05	1228.75	1214.43	1225.43
2010.06.02	1225.44	1226.93	1213.51	1223.25
2010.06.03	1223.4	1224.6	1200.73	1206.45
2010.06.04	1206.47	1219.68	1196.75	1217.45
2010.06.07	1218.65	1244.53	1210.45	1240.03
2010.06.08	1240.08	1251.84	1233.3	1236.35
2010.06.09	1236.38	1240.8	1221.43	1233.25
2010.06.10	1233.2	1233.95	1214.63	1216.3
2010.06.11	1216.33	1230.45	1216.08	1226.6
2010.06.14	1230.4	1233.97	1216.2	1221.0
2010.06.15	1221.05	1236.65	1219.7	1233.95
2010.06.16	1233.9	1237.78	1226.85	1228.98
2010.06.17	1229.0	1251.03	1228.9	1244.83
2010.06.18	1244.75	1262.18	1241.58	1255.63
2010.06.21	1259.05	1265.05	1230.6	1233.53
2010.06.22	1233.55	1242.63	1231.55	1239.85
2010.06.23	1239.8	1246.25	1224.6	1237.15
2010.06.24	1237.2	1248.33	1227.63	1243.23
2010.06.25	1243.2	1258.2	1240.95	1254.48
2010.06.28	1253.95	1262.54	1235.55	1238.75
2010.06.29	1238.8	1244.98	1227.15	1240.4
2010.06.30	1240.38	1247.49	1234.55	1242.08
2010.07.01	1242.13	1243.74	1196.38	1198.78
2010.07.02	1198.8	1213.23	1198.25	1211.15
2010.07.05	1211.6	1214.35	1205.81	1208.65
2010.07.06	1208.45	1213.54	1189.15	1192.5
2010.07.07	1192.48	1203.85	1184.79	1202.35
2010.07.08	1202.4	1207.8	1187.3	1197.85
2010.07.09	1197.9	1213.6	1194.33	1209.6
2010.07.12	1211.45	1212.55	1196.2	1196.6
2010.07.13	1196.68	1217.78	1196.0	1212.14
2010.07.14	1212.16	1217.88	1202.5	1208.08
2010.07.15	1208.13	1217.15	1203.63	1208.05
2010.07.16	1208.03	1210.7	1185.98	1192.65
2010.07.19	1193.6	1194.9	1177.38	1182.7
2010.07.20	1182.68	1193.65	1175.55	1191.88
2010.07.21	1191.85	1197.9	1183.28	1184.7
2010.07.22	1184.65	1201.08	1181.03	1194.73
2010.07.23	1194.78	1203.85	1183.99	1187.18
2010.07.26	1187.6	1194.53	1179.7	1183.38
2010.07.27	1183.33	1186.95	1158.0	1161.5
2010.07.28	1161.4	1165.93	1156.85	1163.35
2010.07.29	1163.28	1169.4	1159.33	1168.08
2010.07.30	1168.05	1183.5	1165.73	1180.7
2010.08.02	1180.25	1190.3	1174.38	1182.62
2010.08.03	1182.67	1190.54	1179.32	1185.94
2010.08.04	1185.92	1202.84	1185.62	1194.78
2010.08.05	1194.81	1199.69	1189.8	1194.75
2010.08.06	1194.72	1210.82	1192.3	1205.16
2010.08.09	1204.1	1209.72	1198.9	1201.15
2010.08.10	1201.12	1207.37	1190.57	1204.04
2010.08.11	1204.07	1207.87	1192.3	1197.85
2010.08.12	1197.87	1215.23	1197.25	1213.64
2010.08.13	1213.55	1217.45	1210.55	1214.72
2010.08.16	1214.7	1227.3	1213.85	1224.96
2010.08.17	1225.02	1228.94	1222.4	1224.64
2010.08.18	1224.61	1232.37	1217.35	1229.2
2010.08.19	1229.23	1237.3	1227.7	1231.96
2010.08.20	1231.94	1233.12	1221.95	1227.3
2010.08.23	1226.7	1231.86	1221.74	1225.9
2010.08.24	1225.8	1235.4	1210.12	1230.4
2010.08.25	1230.35	1241.3	1228.95	1239.85
2010.08.26	1239.75	1244.05	1233.95	1237.35
2010.08.27	1237.45	1242.15	1231.84	1237.92
2010.08.30	1236.7	1238.25	1233.23	1236.68
2010.08.31	1236.7	1249.75	1231.7	1247.2
2010.09.01	1247.23	1254.58	1242.25	1244.03
2010.09.02	1244.08	1253.1	1243.35	1250.7
2010.09.03	1250.65	1253.65	1237.7	1246.5
2010.09.06	1247.35	1251.05	1246.65	1249.75
2010.09.07	1249.95	1259.55	1244.55	1255.3
2010.09.08	1255.35	1262.25	1253.18	1254.65
2010.09.09	1254.7	1258.65	1242.03	1243.48
2010.09.10	1243.55	1251.0	1236.43	1245.53
2010.09.13	1247.05	1249.05	1240.85	1245.38
2010.09.14	1245.45	1274.75	1244.68	1267.98
2010.09.15	1268.03	1271.8	1263.1	1267.9
2010.09.16	1267.88	1277.71	1264.68	1275.0
2010.09.17	1275.03	1282.75	1271.87	1274.6
2010.09.20	1274.63	1283.58	1274.13	1278.18
2010.09.21	1278.23	1290.5	1270.63	1286.9
2010.09.22	1286.85	1296.07	1286.2	1291.14
2010.09.23	1291.17	1295.89	1286.82	1292.22
2010.09.24	1292.17	1299.72	1291.43	1296.11
2010.09.27	1296.58	1299.9	1293.93	1294.18
2010.09.28	1294.13	1309.99	1282.91	1308.89
2010.09.29	1308.97	1313.4	1305.45	1309.64
2010.09.30	1309.67	1315.8	1295.93	1308.15
2010.10.01	1308.12	1320.49	1305.93	1319.15
2010.10.04	1318.48	1320.03	1312.23	1315.03
2010.10.05	1315.08	1341.58	1312.33	1340.48
2010.10.06	1340.58	1349.63	1338.88	1348.75
2010.10.07	1348.76	1364.78	1325.67	1333.37
2010.10.08	1333.34	1349.6	1324.84	1346.83
2010.10.10	1348.57	1355.47	1348.45	1355.3
2010.10.11	1348.23	1355.43	1340.18	1353.81
2010.10.12	1353.8	1355.2	1340.56	1350.16
2010.10.13	1350.19	1374.24	1349.63	1371.9
2010.10.14	1371.85	1387.1	1370.5	1380.91
2010.10.15	1380.94	1385.43	1362.21	1368.37
2010.10.17	1370.6	1370.82	1365.6	1366.3
2010.10.18	1369.13	1374.84	1352.69	1368.24
2010.10.19	1368.26	1370.98	1328.14	1331.8
2010.10.20	1331.75	1347.0	1330.48	1345.99
2010.10.21	1345.94	1349.06	1317.81	1325.46
2010.10.22	1325.5	1328.45	1315.07	1327.65
2010.10.24	1331.5	1335.9	1331.5	1333.8
2010.10.25	1327.23	1349.05	1327.23	1339.69
2010.10.26	1339.72	1343.5	1327.94	1340.25
2010.10.27	1340.3	1343.48	1318.98	1325.15
2010.10.28	1325.13	1345.8	1322.84	1343.85
2010.10.29	1343.88	1359.28	1335.15	1357.52
2010.10.31	1360.1	1365.5	1359.9	1362.7
2010.11.01	1358.03	1365.98	1348.98	1353.67
2010.11.02	1353.69	1359.8	1350.2	1357.25
2010.11.03	1357.15	1364.45	1325.43	1348.38
2010.11.04	1348.4	1393.3	1346.7	1392.28
2010.11.05	1392.3	1398.13	1373.23	1395.15
2010.11.07	1396.27	1396.27	1393.15	1395.3
2010.11.08	1393.42	1410.38	1386.68	1409.35
2010.11.09	1409.33	1424.43	1382.65	1392.73
2010.11.10	1392.78	1410.08	1383.95	1403.78
2010.11.11	1403.83	1417.7	1397.15	1408.35
2010.11.12	1408.4	1409.75	1359.9	1368.38
2010.11.14	1370.35	1371.0	1368.7	1370.35
2010.11.15	1369.53	1376.75	1355.75	1360.48
2010.11.16	1360.53	1364.65	1329.65	1339.55
2010.11.17	1339.5	1344.83	1330.71	1335.88
2010.11.18	1335.9	1359.15	1333.27	1353.15
2010.11.19	1353.13	1363.28	1341.55	1353.15
2010.11.21	1354.9	1359.6	1354.9	1359.1
2010.11.22	1359.28	1367.75	1348.37	1366.62
2010.11.23	1366.63	1382.38	1356.13	1376.26
2010.11.24	1376.21	1381.38	1369.18	1373.18
2010.11.25	1373.23	1375.18	1368.03	1374.73
2010.11.26	1374.98	1375.03	1350.88	1363.53
2010.11.28	1363.15	1364.15	1356.9	1357.3
2010.11.29	1364.05	1369.23	1353.15	1366.08
2010.11.30	1366.03	1389.78	1362.8	1385.73
2010.12.01	1385.86	1396.78	1381.75	1387.58
2010.12.02	1387.56	1398.38	1383.03	1384.93
2010.12.03	1384.96	1413.8	1384.48	1413.38
2010.12.05	1414.75	1415.35	1410.0	1410.15
2010.12.06	1414.2	1427.4	1408.78	1423.5
2010.12.07	1423.53	1430.9	1396.38	1401.68
2010.12.08	1401.61	1404.26	1371.23	1381.73
2010.12.09	1381.76	1394.53	1380.08	1386.71
2010.12.10	1386.73	1392.05	1372.08	1386.6
2010.12.12	1383.1	1384.52	1380.4	1380.55
2010.12.13	1385.68	1399.2	1380.1	1393.77
2010.12.14	1393.8	1408.0	1391.8	1395.91
2010.12.15	1395.96	1397.16	1378.36	1380.51
2010.12.16	1380.48	1386.24	1361.03	1369.86
2010.12.17	1369.88	1378.75	1364.65	1374.53
2010.12.19	1377.5	1382.5	1376.95	1381.15
2010.12.20	1374.58	1388.04	1374.55	1385.06
2010.12.21	1385.03	1391.98	1380.78	1385.21
2010.12.22	1385.23	1390.91	1382.91	1385.08
2010.12.23	1385.06	1388.25	1372.05	1379.66
2010.12.24	1379.71	1385.21	1378.38	1384.66
2010.12.26	1376.55	1376.95	1372.15	1372.85
2010.12.27	1384.64	1386.2	1371.96	1383.41
2010.12.28	1383.51	1406.53	1382.36	1405.64
2010.12.29	1405.67	1413.96	1401.05	1411.38
2010.12.30	1411.33	1414.66	1402.98	1404.41
2010.12.31	1404.45	1419.15	1403.87	1418.52
2011.01.02	1419.5	1419.55	1416.7	1416.98
2011.01.03	1420.98	1423.83	1412.39	1414.53
2011.01.04	1414.57	1417.14	1374.7	1380.27
2011.01.05	1380.3	1384.7	1363.85	1377.93
2011.01.06	1377.96	1379.75	1364.7	1371.18
2011.01.07	1371.16	1378.68	1352.59	1368.75
2011.01.09	1370.35	1373.0	1367.35	1370.15
2011.01.10	1369.51	1375.91	1365.32	1375.33
2011.01.11	1375.38	1386.6	1372.58	1381.18
2011.01.12	1381.23	1388.73	1376.59	1387.58
2011.01.13	1387.63	1393.01	1369.45	1372.98
2011.01.14	1373.33	1377.92	1354.95	1359.65
2011.01.16	1360.55	1364.75	1360.35	1363.9
2011.01.17	1359.78	1365.66	1357.18	1361.23
2011.01.18	1361.28	1376.15	1360.38	1367.98
2011.01.19	1367.95	1379.17	1365.51	1369.66
2011.01.20	1369.79	1371.08	1343.25	1345.86
2011.01.21	1345.89	1350.18	1337.68	1342.88
2011.01.23	1344.6	1347.85	1343.75	1345.25
2011.01.24	1342.45	1353.0	1332.23	1333.79
2011.01.25	1333.82	1338.33	1322.54	1332.07
2011.01.26	1332.09	1346.48	1324.9	1345.57
2011.01.27	1345.62	1347.76	1310.33	1313.58
2011.01.28	1313.63	1347.05	1307.95	1335.2
2011.01.30	1339.2	1345.85	1339.15	1344.7
2011.01.31	1337.7	1345.8	1323.05	1332.45
2011.02.01	1332.4	1342.97	1325.58	1340.88
2011.02.02	1340.98	1343.38	1326.75	1334.85
2011.02.03	1334.9	1355.7	1324.93	1353.93
2011.02.04	1353.98	1358.64	1344.9	1349.05
2011.02.06	1347.1	1347.1	1343.5	1344.7
2011.02.07	1348.55	1353.07	1342.78	1350.95
2011.02.08	1350.9	1367.75	1348.26	1363.55
2011.02.09	1363.6	1367.0	1357.97	1363.35
2011.02.10	1363.4	1365.86	1350.86	1363.5
2011.02.11	1363.55	1368.38	1353.98	1356.28
2011.02.13	1357.15	1357.82	1355.3	1355.85
2011.02.14	1356.1	1366.57	1353.6	1361.48
2011.02.15	1361.5	1376.39	1360.7	1373.45
2011.02.16	1373.41	1381.81	1368.05	1374.08
2011.02.17	1374.18	1384.87	1374.13	1383.7
2011.02.18	1383.73	1391.79	1381.74	1387.55
2011.02.20	1389.85	1391.5	1389.8	1390.9
2011.02.21	1388.85	1408.29	1388.85	1406.05
2011.02.22	1406.03	1410.95	1392.68	1398.68
2011.02.23	1398.63	1416.59	1395.45	1411.39
2011.02.24	1411.41	1418.09	1395.07	1402.3
2011.02.25	1402.35	1411.6	1399.7	1408.0
2011.02.27	1410.05	1414.4	1408.25	1413.7
2011.02.28	1408.95	1416.24	1404.69	1411.03
2011.03.01	1411.08	1434.6	1409.25	1432.83
2011.03.02	1432.85	1440.3	1427.54	1434.03
2011.03.03	1434.28	1436.13	1410.08	1415.63
2011.03.04	1415.68	1431.95	1413.18	1428.05
2011.03.06	1434.55	1437.8	1432.4	1435.0
2011.03.07	1432.2	1444.79	1428.02	1431.63
2011.03.08	1431.68	1436.66	1423.12	1428.58
2011.03.09	1428.53	1436.14	1422.83	1430.53
2011.03.10	1430.58	1431.68	1402.98	1411.4
2011.03.11	1411.35	1423.82	1404.68	1416.52
2011.03.13	1420.75	1431.9	1419.3	1426.8
2011.03.14	1418.97	1432.37	1417.55	1426.15
2011.03.15	1426.3	1429.0	1380.9	1395.35
2011.03.16	1395.4	1406.15	1392.2	1398.6
2011.03.17	1398.7	1404.95	1386.25	1403.7
2011.03.18	1403.7	1423.76	1401.9	1418.45
2011.03.20	1425.3	1426.86	1423.6	1425.3
2011.03.21	1419.5	1434.69	1419.5	1427.25
2011.03.22	1427.03	1432.05	1419.3	1427.35
2011.03.23	1427.38	1440.9	1425.5	1436.9
2011.03.24	1436.93	1447.53	1423.78	1429.85
2011.03.25	1429.88	1437.8	1422.1	1427.75
2011.03.27	1427.76	1429.51	1424.21	1425.9
2011.03.28	1428.05	1428.75	1410.1	1420.03
2011.03.29	1419.95	1423.15	1411.04	1418.08
2011.03.30	1418.13	1429.92	1411.75	1422.55
2011.03.31	1422.7	1439.35	1420.15	1431.7
2011.04.01	1431.73	1436.35	1412.7	1427.3
2011.04.03	1428.66	1431.0	1427.86	1430.66
2011.04.04	1427.8	1438.55	1427.6	1433.5
2011.04.05	1433.6	1456.78	1429.84	1455.4
2011.04.06	1455.45	1462.1	1451.2	1459.25
2011.04.07	1459.2	1465.0	1452.45	1457.65
2011.04.08	1457.55	1474.9	1456.03	1473.3
2011.04.10	1474.35	1476.21	1473.21	1475.81
2011.04.11	1474.55	1476.24	1459.3	1462.93
2011.04.12	1462.9	1467.29	1444.02	1452.65
2011.04.13	1452.63	1462.25	1451.1	1456.85
2011.04.14	1456.9	1474.58	1452.3	1473.78
2011.04.15	1473.75	1487.93	1471.4	1487.25
2011.04.17	1486.6	1487.91	1484.48	1487.91
2011.04.18	1485.45	1497.55	1477.3	1494.98
2011.04.19	1494.93	1499.38	1487.34	1495.9
2011.04.20	1495.85	1505.74	1492.95	1501.8
2011.04.21	1501.7	1508.83	1500.39	1504.4
2011.04.22	1504.35	1511.9	1503.35	1504.6
2011.04.24	1510.3	1513.86	1510.3	1512.31
2011.04.25	1509.95	1518.12	1501.7	1506.8
2011.04.26	1506.8	1508.05	1492.72	1505.93
2011.04.27	1505.9	1530.0	1502.83	1526.6
2011.04.28	1526.58	1538.18	1523.85	1536.05
2011.04.29	1536.1	1569.03	1531.73	1562.25
2011.05.01	1554.91	1556.86	1552.86	1553.96
2011.05.02	1570.45	1574.95	1539.95	1545.08
2011.05.03	1545.05	1550.95	1526.95	1535.58
2011.05.04	1535.63	1542.85	1505.53	1515.85
2011.05.05	1515.8	1521.88	1462.24	1473.85
2011.05.06	1475.5	1498.29	1470.9	1488.55
2011.05.08	1496.19	1496.24	1489.07	1493.59
2011.05.09	1494.05	1513.85	1489.0	1512.98
2011.05.10	1511.0	1519.6	1505.8	1515.6
2011.05.11	1516.1	1526.55	1495.56	1501.3
2011.05.12	1499.35	1507.87	1478.0	1505.65
2011.05.13	1506.15	1516.5	1482.75	1492.84
2011.05.15	1493.04	1494.59	1487.02	1491.87
2011.05.16	1492.85	1504.31	1486.85	1489.15
2011.05.17	1490.55	1497.55	1471.68	1486.45
2011.05.18	1486.5	1499.75	1484.75	1496.45
2011.05.19	1495.85	1499.55	1486.15	1492.95
2011.05.20	1493.7	1515.72	1486.6	1512.67
2011.05.22	1512.89	1518.84	1509.49	1516.99
2011.05.23	1511.95	1518.65	1503.75	1516.66
2011.05.24	1517.3	1527.56	1513.1	1526.02
2011.05.25	1525.6	1532.08	1521.04	1524.9
2011.05.26	1524.95	1530.52	1514.45	1518.72
2011.05.27	1518.6	1538.21	1518.6	1536.2
2011.05.29	1536.54	1537.55	1535.57	1536.51
2011.05.30	1536.57	1538.9	1534.05	1538.65
2011.05.31	1537.85	1540.65	1532.03	1535.3
2011.06.01	1535.55	1550.05	1529.3	1539.4
2011.06.02	1540.5	1544.32	1519.3	1533.25
2011.06.03	1533.6	1547.05	1523.78	1540.95
2011.06.05	1542.89	1544.81	1540.52	1544.66
2011.06.06	1541.78	1553.37	1540.59	1544.06
2011.06.07	1543.88	1550.01	1535.97	1543.64
2011.06.08	1542.55	1546.0	1530.57	1537.21
2011.06.09	1538.35	1549.46	1533.12	1543.49
2011.06.10	1544.21	1544.94	1525.65	1530.56
2011.06.12	1529.89	1531.15	1527.47	1530.5
2011.06.13	1529.75	1532.5	1510.75	1515.15
2011.06.14	1515.5	1525.95	1512.11	1523.53
2011.06.15	1524.4	1534.4	1513.78	1530.55
2011.06.16	1530.0	1532.85	1521.4	1529.11
2011.06.17	1528.3	1541.8	1522.38	1538.7
2011.06.19	1539.98	1540.59	1537.81	1538.86
2011.06.20	1540.1	1546.68	1532.77	1540.45
2011.06.21	1540.75	1547.8	1538.45	1546.0
2011.06.22	1547.15	1557.91	1541.05	1548.75
2011.06.23	1547.4	1548.55	1512.6	1521.45
2011.06.24	1521.65	1525.55	1498.23	1499.74
2011.06.26	1499.88	1502.28	1497.71	1501.18
2011.06.27	1499.9	1505.35	1490.7	1497.79
2011.06.28	1497.4	1506.25	1495.38	1501.15
2011.06.29	1501.95	1512.92	1500.15	1512.25
2011.06.30	1512.15	1513.76	1498.74	1500.08
2011.07.01	1501.4	1502.6	1477.99	1487.49
2011.07.03	1486.13	1489.53	1485.68	1489.53
2011.07.04	1487.23	1496.45	1486.17	1495.59
2011.07.05	1494.9	1516.54	1493.11	1516.0
2011.07.06	1515.7	1533.56	1510.05	1528.47
2011.07.07	1528.5	1534.3	1522.52	1532.06
2011.07.08	1531.75	1545.2	1524.63	1542.06
2011.07.10	1543.01	1543.41	1540.43	1542.37
2011.07.11	1542.48	1556.62	1541.37	1553.22
2011.07.12	1553.35	1573.45	1540.57	1567.53
2011.07.13	1566.95	1587.74	1564.15	1581.81
2011.07.14	1583.57	1594.15	1578.77	1587.1
2011.07.15	1586.85	1593.46	1575.7	1593.15
2011.07.17	1593.17	1598.05	1593.17	1596.26
2011.07.18	1593.4	1607.3	1591.25	1604.35
2011.07.19	1605.35	1609.9	1582.3	1588.15
2011.07.20	1587.65	1601.4	1581.0	1600.35
2011.07.21	1601.25	1604.5	1584.65	1590.6
2011.07.22	1589.15	1607.05	1583.3	1602.45
2011.07.24	1599.12	1623.32	1599.02	1615.42
2011.07.25	1609.0	1623.2	1603.48	1613.99
2011.07.26	1614.15	1620.1	1607.8	1618.97
2011.07.27	1619.3	1628.55	1608.75	1613.3
2011.07.28	1613.55	1620.05	1602.9	1615.93
2011.07.29	1616.6	1632.7	1610.5	1624.55
2011.07.31	1619.32	1619.32	1605.72	1614.95
2011.08.01	1610.3	1631.74	1607.05	1619.35
2011.08.02	1619.3	1659.75	1616.25	1659.75
2011.08.03	1659.45	1673.03	1651.83	1661.35
2011.08.04	1660.4	1682.0	1639.91	1647.2
2011.08.05	1646.25	1670.04	1641.6	1660.75
2011.08.07	1677.51	1693.92	1677.51	1687.88
2011.08.08	1683.98	1720.3	1682.25	1719.05
2011.08.09	1717.1	1779.55	1714.95	1739.96
2011.08.10	1742.8	1797.5	1737.44	1792.89
2011.08.11	1794.5	1814.65	1731.8	1763.6
2011.08.12	1765.05	1768.0	1723.05	1745.2
2011.08.14	1743.62	1746.92	1731.23	1732.81
2011.08.15	1746.26	1765.65	1727.85	1765.43
2011.08.16	1765.85	1786.78	1761.0	1785.11
2011.08.17	1785.55	1794.51	1778.9	1790.85
2011.08.18	1789.05	1828.55	1783.61	1823.5
2011.08.19	1823.95	1877.59	1821.45	1848.05
2011.08.21	1859.41	1875.52	1855.37	1870.91
2011.08.22	1864.67	1898.3	1857.5	1897.15
2011.08.23	1898.05	1911.8	1823.35	1828.1
2011.08.24	1829.6	1853.7	1749.6	1758.55
2011.08.25	1750.4	1774.79	1702.85	1774.79
2011.08.26	1771.8	1823.01	1757.45	1822.77
2011.08.28	1836.83	1838.37	1819.68	1823.46
2011.08.29	1835.07	1835.17	1775.94	1788.14
2011.08.30	1789.0	1840.18	1783.54	1835.33
2011.08.31	1836.2	1839.8	1811.35	1825.7
2011.09.01	1825.7	1831.0	1813.45	1825.9
2011.09.02	1825.0	1884.5	1824.25	1882.2
2011.09.04	1876.4	1889.68	1876.4	1884.77
2011.09.05	1880.05	1902.75	1874.21	1899.59
2011.09.06	1901.9	1920.7	1858.81	1874.95
2011.09.07	1870.8	1880.1	1792.59	1816.95
2011.09.08	1817.4	1870.6	1813.35	1869.65
2011.09.09	1869.65	1886.0	1822.8	1855.8
2011.09.11	1858.47	1861.5	1849.45	1857.65
2011.09.12	1860.75	1861.5	1801.15	1814.8
2011.09.13	1814.75	1843.9	1794.34	1833.25
2011.09.14	1834.1	1844.7	1808.45	1819.45
2011.09.15	1819.5	1826.45	1772.45	1788.3
2011.09.16	1788.15	1821.43	1762.35	1807.15
2011.09.18	1817.25	1827.8	1814.19	1824.78
2011.09.19	1814.95	1827.42	1770.35	1778.5
2011.09.20	1778.55	1811.4	1769.6	1803.15
2011.09.21	1802.95	1816.4	1778.4	1781.8
2011.09.22	1780.05	1786.15	1720.6	1740.25
2011.09.23	1738.45	1755.0	1628.2	1640.5
2011.09.25	1656.36	1656.36	1629.46	1650.22
2011.09.26	1646.8	1663.3	1532.4	1626.55
2011.09.27	1625.6	1677.2	1614.45	1650.15
2011.09.28	1650.1	1669.25	1598.45	1608.75
2011.09.29	1606.9	1634.95	1582.8	1614.4
2011.09.30	1616.15	1640.4	1606.3	1622.65
2011.10.02	1617.21	1631.92	1617.21	1628.85
2011.10.03	1626.05	1664.75	1621.65	1658.45
2011.10.04	1660.7	1678.7	1595.65	1623.3
2011.10.05	1624.55	1646.75	1597.55	1640.7
2011.10.06	1640.8	1654.85	1631.45	1651.0
2011.10.07	1650.75	1666.05	1626.2	1637.0
2011.10.09	1638.86	1646.13	1637.67	1644.43
2011.10.10	1638.2	1677.5	1638.2	1676.23
2011.10.11	1682.46	1684.55	1653.7	1662.05
2011.10.12	1662.55	1692.1	1660.26	1676.25
2011.10.13	1675.65	1684.25	1652.63	1667.75
2011.10.14	1666.25	1683.6	1660.96	1679.75
2011.10.16	1678.19	1683.7	1676.61	1680.8
2011.10.17	1680.85	1694.75	1664.36	1670.45
2011.10.18	1670.4	1676.55	1626.6	1657.65
2011.10.19	1655.7	1664.95	1639.53	1640.3
2011.10.20	1640.85	1644.8	1603.7	1620.51
2011.10.21	1619.25	1648.45	1611.25	1639.9
2011.10.23	1641.9	1644.17	1636.89	1642.77
2011.10.24	1638.33	1661.8	1635.35	1653.33
2011.10.25	1653.2	1708.65	1643.18	1704.85
2011.10.26	1704.8	1726.4	1694.8	1724.45
2011.10.27	1725.15	1749.9	1706.0	1744.7
2011.10.28	1744.1	1752.4	1732.15	1743.55
2011.10.30	1740.82	1744.92	1740.82	1742.56
2011.10.31	1743.48	1744.85	1704.62	1714.6
2011.11.01	1714.05	1723.9	1681.1	1719.55
2011.11.02	1719.85	1744.1	1714.0	1738.05
2011.11.03	1736.6	1767.55	1722.5	1763.35
2011.11.04	1763.9	1764.0	1748.44	1755.56
2011.11.06	1752.65	1759.9	1744.92	1756.4
2011.11.07	1752.79	1797.98	1752.49	1794.35
2011.11.08	1794.22	1802.72	1776.75	1786.51
2011.11.09	1785.4	1799.62	1763.95	1769.5
2011.11.10	1769.6	1775.2	1735.75	1758.05
2011.11.11	1758.25	1788.45	1744.85	1787.85
2011.11.13	1787.92	1795.67	1787.39	1795.05
2011.11.14	1788.05	1795.97	1773.6	1780.15
2011.11.15	1780.2	1785.98	1760.05	1780.4
2011.11.16	1780.7	1783.35	1753.19	1763.05
2011.11.17	1763.5	1766.75	1710.24	1721.4
2011.11.18	1722.15	1737.3	1710.78	1723.35
2011.11.20	1723.49	1723.49	1715.6	1720.11
2011.11.21	1721.95	1726.32	1666.32	1677.04
2011.11.22	1677.0	1705.35	1667.68	1699.45
2011.11.23	1699.0	1709.94	1677.06	1691.85
2011.11.24	1691.85	1701.85	1687.7	1694.7
2011.11.25	1694.7	1697.7	1671.75	1680.3
2011.11.27	1683.75	1695.02	1682.62	1693.12
2011.11.28	1684.11	1720.66	1682.65	1712.37
2011.11.29	1711.59	1720.13	1703.62	1715.45
2011.11.30	1715.4	1750.48	1700.88	1746.05
2011.12.01	1746.15	1754.1	1733.55	1744.35
2011.12.02	1744.5	1762.85	1737.9	1745.55
2011.12.04	1746.67	1754.59	1746.62	1753.43
2011.12.05	1749.1	1754.6	1717.53	1722.65
2011.12.06	1723.35	1732.95	1701.87	1728.35
2011.12.07	1728.26	1742.54	1719.84	1741.6
2011.12.08	1742.66	1755.95	1703.79	1708.0
2011.12.09	1704.6	1723.8	1703.25	1711.0
2011.12.11	1712.49	1714.02	1710.2	1711.94
2011.12.12	1713.4	1714.7	1657.06	1666.45
2011.12.13	1666.05	1678.04	1622.15	1631.4
2011.12.14	1631.05	1641.75	1563.32	1573.95
2011.12.15	1573.7	1593.95	1560.1	1570.25
2011.12.16	1569.86	1601.02	1569.85	1597.2
2011.12.18	1600.76	1605.0	1597.42	1602.87
2011.12.19	1599.65	1608.5	1583.21	1594.08
2011.12.20	1592.4	1618.55	1591.75	1615.5
2011.12.21	1614.7	1641.54	1605.85	1615.1
2011.12.22	1614.9	1616.68	1597.55	1605.58
2011.12.23	1605.57	1613.65	1602.55	1607.21
2011.12.26	1607.12	1607.12	1601.67	1603.1
2011.12.27	1604.88	1605.17	1589.5	1592.75
2011.12.28	1592.4	1592.79	1549.43	1556.45
2011.12.29	1556.2	1561.15	1522.45	1545.0
2011.12.30	1544.65	1581.21	1544.65	1564.35
2012.01.02	1569.5	1572.02	1567.07	1572.02
2012.01.03	1569.05	1607.2	1566.65	1603.6
2012.01.04	1603.45	1618.3	1592.59	1611.65
2012.01.05	1611.45	1625.7	1596.64	1621.96
2012.01.06	1621.95	1630.93	1608.4	1616.3
2012.01.08	1616.17	1616.17	1608.39	1612.47
2012.01.09	1615.55	1623.52	1604.86	1611.0
2012.01.10	1610.45	1640.17	1608.3	1631.95
2012.01.11	1631.2	1647.05	1629.95	1641.5
2012.01.12	1642.25	1661.8	1640.0	1649.6
2012.01.13	1648.8	1649.55	1625.1	1639.25
2012.01.15	1634.65	1638.46	1633.38	1634.07
2012.01.16	1635.28	1646.89	1631.28	1643.55
2012.01.17	1642.58	1667.55	1641.6	1651.85
2012.01.18	1651.93	1662.24	1642.62	1659.55
2012.01.19	1660.45	1669.05	1649.0	1657.58
2012.01.20	1656.73	1666.71	1644.9	1666.3
2012.01.22	1664.41	1666.69	1662.33	1663.58
2012.01.23	1664.78	1681.24	1662.35	1676.9
2012.01.24	1676.81	1679.7	1661.35	1665.7
2012.01.25	1666.17	1712.8	1648.84	1709.8
2012.01.26	1710.45	1730.46	1702.71	1720.19
2012.01.27	1720.46	1739.65	1714.25	1738.62
2012.01.29	1736.26	1739.62	1735.09	1737.57
2012.01.30	1736.6	1739.73	1716.15	1729.31
2012.01.31	1731.56	1747.42	1725.87	1738.05
2012.02.01	1738.15	1750.98	1732.5	1743.4
2012.02.02	1743.4	1761.06	1740.91	1759.19
2012.02.03	1758.63	1763.12	1723.65	1725.6
2012.02.05	1727.9	1731.3	1726.4	1730.5
2012.02.06	1728.15	1738.15	1711.75	1719.95
2012.02.07	1719.97	1749.75	1710.2	1745.1
2012.02.08	1744.55	1752.0	1724.45	1732.82
2012.02.09	1731.8	1752.3	1725.93	1730.5
2012.02.10	1728.75	1734.8	1704.64	1721.65
2012.02.12	1725.0	1728.5	1724.8	1725.5
2012.02.13	1724.7	1733.31	1716.04	1722.3
2012.02.14	1722.05	1727.55	1712.08	1720.47
2012.02.15	1720.15	1737.34	1718.55	1728.2
2012.02.16	1727.95	1729.85	1705.1	1728.18
2012.02.17	1727.95	1735.65	1717.05	1723.1
2012.02.19	1726.5	1733.5	1725.9	1733.3
2012.02.20	1726.8	1737.05	1726.03	1733.82
2012.02.21	1734.93	1759.82	1730.75	1759.06
2012.02.22	1759.15	1781.71	1749.27	1776.17
2012.02.23	1775.95	1787.34	1772.05	1780.15
2012.02.24	1779.95	1782.78	1770.3	1772.35
2012.02.26	1775.0	1775.7	1772.5	1772.8
2012.02.27	1774.69	1779.15	1761.38	1767.35
2012.02.28	1768.0	1789.8	1765.57	1784.0
2012.02.29	1784.0	1790.55	1687.9	1696.6
2012.03.01	1696.1	1725.8	1694.36	1717.95
2012.03.02	1718.05	1724.11	1704.71	1711.58
2012.03.04	1710.8	1713.3	1709.2	1712.3
2012.03.05	1710.8	1716.55	1693.63	1706.25
2012.03.06	1706.2	1708.95	1663.3	1674.22
2012.03.07	1673.75	1687.9	1671.25	1684.7
2012.03.08	1683.75	1703.87	1682.51	1699.78
2012.03.09	1699.45	1714.7	1676.52	1713.69
2012.03.11	1714.5	1716.5	1711.3	1713.0
2012.03.12	1714.45	1716.55	1692.4	1701.13
2012.03.13	1699.7	1705.7	1661.8	1673.75
2012.03.14	1672.85	1682.25	1634.4	1644.5
2012.03.15	1643.55	1666.45	1636.1	1658.38
2012.03.16	1657.2	1664.85	1639.55	1659.65
2012.03.18	1658.5	1660.1	1656.2	1659.8
2012.03.19	1658.6	1669.7	1652.17	1664.3
2012.03.20	1663.9	1664.5	1641.44	1650.55
2012.03.21	1649.7	1661.75	1646.45	1650.2
2012.03.22	1650.26	1656.4	1627.9	1645.79
2012.03.23	1645.25	1666.2	1642.06	1661.63
2012.03.25	1662.5	1669.0	1661.8	1669.0
2012.03.26	1662.48	1693.6	1655.35	1689.95
2012.03.27	1689.05	1696.95	1679.35	1680.45
2012.03.28	1679.75	1684.39	1654.55	1663.45
2012.03.29	1663.3	1664.75	1644.95	1661.4
2012.03.30	1661.25	1670.85	1659.45	1668.01
2012.04.01	1669.3	1674.3	1669.3	1672.3
2012.04.02	1669.53	1683.5	1662.95	1677.6
2012.04.03	1676.3	1680.85	1638.7	1646.0
2012.04.04	1644.85	1647.95	1612.1	1620.5
2012.04.05	1620.15	1633.47	1619.81	1631.05
2012.04.06	1630.45	1642.08	1629.25	1639.95
2012.04.08	1642.5	1646.3	1640.8	1641.7
2012.04.09	1639.8	1648.63	1635.45	1640.15
2012.04.10	1640.25	1662.8	1631.7	1659.7
2012.04.11	1659.0	1662.31	1652.5	1658.8
2012.04.12	1658.95	1680.05	1650.35	1675.63
2012.04.13	1675.0	1677.97	1649.12	1658.1
2012.04.15	1656.8	1656.8	1650.5	1652.0
2012.04.16	1657.2	1657.8	1641.05	1651.75
2012.04.17	1651.11	1657.31	1634.37	1649.5
2012.04.18	1649.65	1654.3	1637.75	1642.05
2012.04.19	1641.57	1653.7	1630.87	1642.6
2012.04.20	1642.2	1647.16	1638.34	1642.71
2012.04.22	1641.2	1642.3	1639.3	1642.1
2012.04.23	1641.64	1643.15	1623.13	1638.43
2012.04.24	1637.35	1649.15	1633.75	1641.7
2012.04.25	1640.58	1646.15	1624.55	1643.48
2012.04.26	1643.91	1660.77	1641.75	1656.92
2012.04.27	1654.3	1667.48	1650.4	1662.45
2012.04.29	1662.1	1664.7	1662.1	1664.7
2012.04.30	1664.29	1666.2	1645.8	1664.63
2012.05.01	1663.65	1671.53	1656.7	1662.2
2012.05.02	1661.95	1663.0	1645.83	1653.3
2012.05.03	1653.2	1653.5	1630.93	1635.76
2012.05.04	1635.81	1647.21	1626.46	1642.1
2012.05.06	1642.4	1642.4	1635.6	1638.8
2012.05.07	1642.5	1642.5	1631.77	1638.26
2012.05.08	1637.61	1639.01	1595.2	1605.37
2012.05.09	1605.11	1606.31	1579.51	1589.36
2012.05.10	1589.31	1602.02	1585.56	1593.81
2012.05.11	1593.41	1594.96	1573.63	1579.2
2012.05.13	1583.4	1584.2	1578.0	1580.4
2012.05.14	1585.07	1585.71	1556.06	1556.45
2012.05.15	1556.45	1563.69	1540.9	1543.75
2012.05.16	1543.15	1552.13	1526.91	1539.41
2012.05.17	1539.31	1579.76	1538.37	1573.96
2012.05.18	1573.71	1597.5	1567.86	1592.81
2012.05.20	1590.6	1594.3	1590.3	1594.3
2012.05.21	1590.3	1599.11	1584.76	1592.96
2012.05.22	1592.85	1594.36	1561.36	1568.31
2012.05.23	1567.96	1568.41	1533.16	1561.21
2012.05.24	1560.76	1577.82	1551.3	1558.86
2012.05.25	1557.71	1574.11	1551.24	1572.56
2012.05.27	1573.9	1576.5	1571.1	1574.0
2012.05.28	1574.01	1583.81	1571.09	1574.41
2012.05.29	1573.66	1582.65	1547.89	1554.93
2012.05.30	1554.93	1569.51	1531.97	1563.21
2012.05.31	1562.51	1573.23	1551.89	1560.21
2012.06.01	1559.96	1629.81	1544.96	1623.85
2012.06.03	1625.1	1627.2	1615.7	1616.4
2012.06.04	1622.1	1627.96	1608.76	1618.61
2012.06.05	1618.26	1623.41	1611.84	1616.81
2012.06.06	1617.21	1640.91	1612.93	1619.19
2012.06.07	1619.99	1629.0	1578.17	1589.04
2012.06.08	1588.76	1594.97	1553.93	1592.87
2012.06.10	1602.9	1607.9	1599.2	1601.6
2012.06.11	1601.01	1608.01	1581.51	1596.36
2012.06.12	1595.46	1617.53	1586.24	1609.62
2012.06.13	1609.56	1624.63	1605.91	1616.86
2012.06.14	1617.11	1627.88	1609.48	1623.51
2012.06.15	1622.71	1633.63	1619.54	1627.03
2012.06.17	1628.8	1629.8	1608.8	1618.3
2012.06.18	1628.61	1629.99	1606.36	1627.81
2012.06.19	1627.86	1633.26	1617.27	1618.26
2012.06.20	1617.56	1622.51	1590.09	1607.21
2012.06.21	1606.41	1606.81	1564.12	1565.9
2012.06.22	1564.95	1573.3	1557.91	1572.36
2012.06.24	1571.6	1572.9	1567.3	1569.3
2012.06.25	1567.4	1588.11	1566.24	1584.25
2012.06.26	1583.7	1586.7	1567.46	1572.7
2012.06.27	1571.85	1582.38	1562.4	1573.85
2012.06.28	1573.75	1578.75	1547.85	1552.2
2012.06.29	1552.2	1606.81	1550.6	1597.0
2012.07.01	1599.0	1599.8	1597.1	1598.9
2012.07.02	1599.0	1602.37	1587.2	1596.8
2012.07.03	1596.65	1624.72	1594.55	1617.03
2012.07.04	1616.6	1620.09	1611.27	1615.35
2012.07.05	1615.3	1623.5	1597.05	1604.3
2012.07.06	1604.3	1609.52	1576.17	1583.45
2012.07.08	1581.7	1581.7	1576.3	1578.3
2012.07.09	1581.65	1592.5	1575.8	1587.4
2012.07.10	1587.4	1601.07	1564.2	1566.9
2012.07.11	1566.25	1583.0	1565.44	1576.1
2012.07.12	1576.1	1577.61	1554.8	1571.35
2012.07.13	1571.95	1596.51	1565.7	1589.0
2012.07.15	1589.8	1592.0	1589.0	1590.2
2012.07.16	1590.25	1594.61	1577.66	1589.2
2012.07.17	1588.55	1598.61	1571.1	1583.0
2012.07.18	1582.1	1585.75	1567.45	1573.25
2012.07.19	1573.15	1591.57	1572.5	1581.12
2012.07.20	1580.98	1587.01	1573.74	1584.22
2012.07.22	1581.5	1582.1	1578.6	1580.6
2012.07.23	1581.12	1582.91	1563.31	1576.6
2012.07.24	1576.23	1584.42	1568.9	1580.75
2012.07.25	1580.69	1610.46	1578.82	1604.32
2012.07.26	1604.13	1621.7	1601.27	1615.59
2012.07.27	1615.42	1629.53	1611.8	1623.17
2012.07.29	1623.4	1626.1	1622.0	1622.6
2012.07.30	1623.31	1626.07	1614.3	1621.95
2012.07.31	1621.65	1627.96	1610.93	1614.28
2012.08.01	1614.25	1618.54	1591.97	1599.31
2012.08.02	1599.41	1615.07	1584.94	1587.85
2012.08.03	1587.19	1606.66	1585.87	1603.4
2012.08.05	1604.0	1605.7	1602.0	1605.0
2012.08.06	1604.4	1615.36	1602.2	1610.57
2012.08.07	1610.46	1618.4	1608.94	1611.95
2012.08.08	1611.79	1616.74	1603.37	1612.14
2012.08.09	1612.32	1618.33	1609.67	1617.17
2012.08.10	1616.58	1626.49	1605.55	1620.03
2012.08.12	1621.0	1621.8	1619.5	1621.0
2012.08.13	1621.18	1625.63	1607.53	1609.62
2012.08.14	1609.76	1616.36	1590.03	1598.76
2012.08.15	1598.47	1606.42	1589.98	1603.07
2012.08.16	1602.49	1618.57	1600.87	1614.92
2012.08.17	1614.74	1620.17	1611.8	1615.57
2012.08.19	1616.0	1617.9	1615.6	1617.1
2012.08.20	1616.67	1622.46	1609.73	1620.42
2012.08.21	1620.67	1641.32	1618.52	1637.72
2012.08.22	1637.09	1655.94	1634.52	1654.24
2012.08.23	1653.91	1674.89	1652.57	1670.13
2012.08.24	1669.76	1673.87	1662.61	1670.17
2012.08.26	1670.7	1674.7	1670.6	1673.8
2012.08.27	1672.01	1676.87	1663.19	1663.64
2012.08.28	1663.35	1672.33	1657.38	1666.82
2012.08.29	1666.31	1669.92	1652.34	1656.07
2012.08.30	1656.0	1664.1	1651.19	1655.36
2012.08.31	1655.05	1692.97	1645.87	1691.82
2012.09.02	1690.7	1692.6	1687.1	1688.2
2012.09.03	1690.67	1695.2	1685.46	1692.02
2012.09.04	1691.02	1698.95	1688.1	1695.46
2012.09.05	1695.62	1695.97	1687.42	1692.65
2012.09.06	1692.8	1713.75	1691.57	1699.95
2012.09.07	1700.26	1741.74	1689.16	1735.97
2012.09.09	1738.2	1738.2	1733.6	1735.9
2012.09.10	1735.77	1740.01	1724.9	1725.93
2012.09.11	1726.03	1738.07	1724.92	1731.81
2012.09.12	1731.57	1747.01	1725.27	1730.48
2012.09.13	1729.94	1772.56	1715.84	1766.65
2012.09.14	1766.57	1777.8	1765.61	1770.47
2012.09.17	1771.53	1776.41	1754.34	1760.78
2012.09.18	1760.86	1773.34	1752.07	1771.28
2012.09.19	1771.6	1779.38	1762.09	1769.98
2012.09.20	1770.07	1772.25	1755.88	1768.2
2012.09.21	1768.02	1787.42	1766.72	1773.12
2012.09.24	1772.12	1772.37	1755.57	1764.32
2012.09.25	1764.37	1774.99	1758.87	1760.62
2012.09.26	1760.67	1765.48	1736.57	1752.62
2012.09.27	1752.57	1780.32	1750.97	1777.12
2012.09.28	1777.22	1783.22	1767.38	1771.77
2012.10.01	1770.99	1791.64	1763.35	1774.46
2012.10.02	1774.97	1784.33	1770.63	1774.37
2012.10.03	1774.27	1781.85	1770.91	1777.97
2012.10.04	1778.02	1795.18	1777.29	1790.37
2012.10.05	1790.27	1795.9	1773.04	1780.37
2012.10.08	1779.57	1779.94	1766.72	1774.08
2012.10.09	1774.87	1779.75	1760.56	1763.45
2012.10.10	1764.02	1768.2	1757.04	1761.35
2012.10.11	1762.37	1774.89	1758.55	1766.77
2012.10.12	1767.22	1773.2	1752.23	1753.8
2012.10.15	1753.27	1753.54	1728.62	1736.57
2012.10.16	1737.22	1748.2	1734.85	1747.22
2012.10.17	1747.47	1753.54	1742.84	1749.27
2012.10.18	1750.07	1752.19	1738.07	1740.52
2012.10.19	1741.42	1743.37	1716.25	1721.71
2012.10.22	1721.37	1729.42	1713.4	1728.57
2012.10.23	1728.52	1730.28	1703.91	1707.35
2012.10.24	1707.66	1714.31	1698.59	1702.02
2012.10.25	1701.92	1718.0	1701.42	1711.97
2012.10.26	1712.02	1718.67	1700.86	1710.82
2012.10.29	1710.87	1717.18	1706.12	1709.17
2012.10.30	1709.22	1715.21	1704.83	1709.72
2012.10.31	1709.67	1725.91	1708.82	1720.52
2012.11.01	1720.62	1726.95	1713.66	1714.27
2012.11.02	1714.22	1716.9	1674.52	1678.15
2012.11.05	1676.62	1686.26	1672.63	1684.77
2012.11.06	1684.82	1720.8	1683.62	1715.92
2012.11.07	1715.87	1731.98	1703.14	1717.47
2012.11.08	1717.41	1735.08	1712.72	1730.72
2012.11.09	1731.12	1738.79	1727.14	1730.82
2012.11.12	1730.97	1738.04	1725.91	1728.12
2012.11.13	1728.05	1732.99	1717.91	1724.16
2012.11.14	1724.62	1733.9	1720.74	1725.72
2012.11.15	1726.54	1727.93	1704.73	1715.5
2012.11.16	1716.07	1717.4	1705.8	1713.57
2012.11.19	1714.57	1735.47	1714.18	1730.87
2012.11.20	1731.5	1735.55	1722.19	1727.07
2012.11.21	1726.97	1731.99	1718.61	1728.87
2012.11.22	1728.47	1732.44	1727.38	1729.62
2012.11.23	1729.47	1754.34	1727.82	1747.12
2012.11.26	1750.67	1752.24	1745.97	1748.77
2012.11.27	1748.57	1751.82	1740.54	1742.22
2012.11.28	1741.77	1743.1	1705.99	1719.57
2012.11.29	1719.62	1728.62	1716.03	1725.57
2012.11.30	1725.62	1731.72	1708.54	1714.63
2012.12.03	1713.96	1722.82	1712.74	1715.82
2012.12.04	1715.76	1717.31	1691.19	1697.47
2012.12.05	1697.3	1706.92	1684.83	1693.82
2012.12.06	1693.69	1703.24	1685.92	1699.77
2012.12.07	1699.64	1705.38	1683.67	1704.05
2012.12.10	1704.02	1717.26	1702.69	1712.77
2012.12.11	1712.82	1714.44	1704.94	1710.06
2012.12.12	1710.16	1723.22	1707.11	1711.38
2012.12.13	1711.33	1711.65	1689.39	1696.93
2012.12.14	1697.13	1700.43	1693.36	1695.48
2012.12.17	1693.85	1699.71	1686.55	1698.07
2012.12.18	1698.17	1703.17	1660.99	1670.92
2012.12.19	1670.92	1676.68	1663.54	1667.12
2012.12.20	1667.17	1671.76	1635.75	1647.72
2012.12.21	1647.77	1659.67	1635.61	1657.03
2012.12.24	1656.88	1665.86	1651.97	1659.97
2012.12.26	1655.06	1667.83	1650.28	1659.62
2012.12.27	1659.37	1665.46	1652.62	1663.92
2012.12.28	1663.92	1666.32	1653.62	1655.37
2012.12.31	1655.59	1668.76	1655.37	1662.61
2013.01.02	1673.33	1694.82	1670.2	1686.64
2013.01.03	1686.62	1690.0	1660.77	1663.92
2013.01.04	1663.87	1664.16	1625.76	1655.87
2013.01.07	1655.92	1662.56	1642.71	1646.52
2013.01.08	1646.62	1662.45	1645.81	1659.11
2013.01.09	1659.01	1665.9	1651.49	1657.46
2013.01.10	1657.29	1678.76	1653.8	1674.33
2013.01.11	1674.29	1676.76	1653.34	1662.73
2013.01.14	1658.74	1674.72	1658.74	1667.55
2013.01.15	1667.41	1685.1	1666.5	1679.13
2013.01.16	1678.96	1684.77	1673.59	1679.08
2013.01.17	1680.34	1696.98	1666.69	1686.79
2013.01.18	1687.32	1694.89	1683.54	1683.54
2013.01.21	1685.65	1691.32	1684.9	1690.17
2013.01.22	1689.26	1696.03	1686.81	1691.8
2013.01.23	1691.02	1694.97	1683.7	1684.99
2013.01.24	1684.27	1686.12	1665.05	1667.22
2013.01.25	1667.67	1672.31	1656.0	1658.93
2013.01.28	1658.62	1662.34	1651.93	1655.23
2013.01.29	1654.36	1666.0	1654.36	1662.97
2013.01.30	1662.87	1683.77	1662.72	1676.89
2013.01.31	1675.32	1680.81	1657.85	1662.82
2013.02.01	1664.0	1682.04	1660.1	1667.19
2013.02.04	1668.54	1677.53	1661.4	1673.47
2013.02.05	1674.29	1685.38	1666.62	1671.99
2013.02.06	1672.71	1679.59	1668.27	1676.77
2013.02.07	1677.32	1683.07	1663.17	1670.49
2013.02.08	1671.41	1673.54	1665.16	1666.82
2013.02.11	1667.27	1669.53	1643.78	1647.15
2013.02.12	1647.8	1653.22	1639.13	1650.29
2013.02.13	1651.02	1653.46	1640.52	1641.58
2013.02.14	1642.3	1649.96	1632.82	1633.87
2013.02.15	1634.55	1636.11	1597.94	1609.5
2013.02.18	1609.5	1618.85	1607.07	1609.1
2013.02.19	1609.05	1615.18	1600.73	1604.22
2013.02.20	1604.95	1609.47	1558.57	1563.54
2013.02.21	1564.3	1584.84	1555.06	1575.42
2013.02.22	1575.8	1587.18	1569.97	1580.49
2013.02.25	1580.8	1596.92	1575.15	1592.67
2013.02.26	1593.1	1619.99	1584.44	1613.02
2013.02.27	1613.63	1614.72	1592.48	1596.32
2013.02.28	1597.15	1602.97	1575.02	1578.81
2013.03.01	1579.4	1587.19	1564.9	1576.15
2013.03.04	1578.2	1584.82	1569.41	1572.92
2013.03.05	1573.8	1586.42	1572.04	1574.59
2013.03.06	1574.65	1584.82	1567.34	1582.98
2013.03.07	1583.45	1585.45	1574.96	1578.02
2013.03.08	1578.6	1583.76	1561.51	1578.47
2013.03.11	1579.3	1583.31	1575.46	1581.46
2013.03.12	1581.2	1598.28	1580.0	1591.91
2013.03.13	1592.65	1599.37	1585.67	1586.67
2013.03.14	1587.85	1593.45	1577.02	1589.27
2013.03.15	1589.88	1598.93	1588.46	1592.02
2013.03.18	1597.84	1611.14	1591.02	1604.64
2013.03.19	1605.35	1615.59	1600.02	1611.91
2013.03.20	1612.7	1614.71	1600.88	1605.89
2013.03.21	1606.9	1616.57	1604.42	1613.92
2013.03.22	1614.4	1616.0	1603.61	1608.43
2013.03.25	1609.42	1613.57	1589.72	1604.81
2013.03.26	1604.75	1605.97	1594.57	1598.99
2013.03.27	1599.78	1608.33	1591.32	1604.43
2013.03.28	1604.98	1607.64	1593.97	1595.8
2013.03.29	1594.77	1597.17	1594.77	1594.87
2013.04.01	1597.45	1600.96	1594.77	1599.31
2013.04.02	1599.13	1603.85	1573.81	1575.0
2013.04.03	1575.7	1577.2	1549.79	1557.09
2013.04.04	1557.8	1559.49	1540.12	1553.83
2013.04.05	1554.63	1581.17	1549.32	1580.72
2013.04.08	1581.0	1582.95	1567.28	1572.86
2013.04.09	1573.05	1590.3	1570.47	1584.44
2013.04.10	1585.35	1588.52	1555.73	1557.58
2013.04.11	1558.23	1568.23	1553.36	1560.61
2013.04.12	1560.9	1564.63	1481.13	1482.26
2013.04.15	1481.15	1495.49	1335.2	1346.87
2013.04.16	1347.78	1403.37	1321.55	1366.75
2013.04.17	1367.3	1395.02	1364.93	1375.32
2013.04.18	1376.7	1401.98	1336.42	1389.42
2013.04.19	1390.18	1425.17	1385.77	1403.47
2013.04.22	1408.17	1439.02	1403.81	1425.66
2013.04.23	1426.21	1432.74	1404.94	1412.13
2013.04.24	1412.78	1433.88	1412.21	1431.12
2013.04.25	1431.45	1469.19	1427.01	1467.15
2013.04.26	1467.71	1485.27	1448.17	1460.96
2013.04.29	1466.27	1478.84	1462.17	1475.62
2013.04.30	1475.52	1480.12	1461.12	1475.63
2013.05.01	1476.4	1478.0	1440.42	1456.75
2013.05.02	1456.98	1473.63	1448.77	1466.23
2013.05.03	1466.77	1487.96	1456.39	1470.43
2013.05.06	1469.81	1478.82	1464.5	1469.13
2013.05.07	1468.64	1470.63	1441.33	1451.63
2013.05.08	1452.14	1476.68	1447.61	1473.25
2013.05.09	1473.83	1475.95	1453.42	1457.17
2013.05.10	1457.87	1462.12	1419.71	1447.31
2013.05.13	1449.03	1449.03	1425.88	1429.85
2013.05.14	1429.75	1445.37	1421.27	1424.52
2013.05.15	1425.07	1430.78	1388.65	1392.54
2013.05.16	1392.68	1398.32	1369.61	1385.05
2013.05.17	1385.57	1392.98	1355.25	1358.82
2013.05.20	1363.72	1399.44	1337.99	1392.37
2013.05.21	1393.04	1401.58	1359.66	1374.8
2013.05.22	1375.81	1414.2	1354.37	1369.25
2013.05.23	1370.12	1398.11	1356.76	1390.06
2013.05.24	1391.07	1398.17	1382.29	1385.72
2013.05.27	1385.99	1396.6	1384.3	1394.47
2013.05.28	1393.92	1401.96	1373.69	1380.18
2013.05.29	1381.04	1395.23	1380.1	1392.05
2013.05.30	1392.68	1417.97	1388.76	1413.18
2013.05.31	1413.39	1421.87	1384.76	1387.56
2013.06.03	1388.35	1416.92	1388.34	1410.38
2013.06.04	1410.85	1414.91	1389.08	1399.07
2013.06.05	1398.94	1410.4	1395.74	1402.37
2013.06.06	1402.9	1423.73	1391.74	1413.68
2013.06.07	1413.6	1417.9	1377.72	1382.28
2013.06.10	1383.01	1389.01	1375.92	1385.58
2013.06.11	1385.79	1387.51	1365.95	1377.95
2013.06.12	1377.74	1394.55	1373.87	1388.06
2013.06.13	1388.24	1394.86	1374.43	1384.5
2013.06.14	1385.23	1392.29	1378.42	1390.24
2013.06.17	1390.68	1391.91	1380.42	1384.45
2013.06.18	1385.03	1386.03	1361.11	1366.71
2013.06.19	1366.55	1376.51	1349.09	1350.38
2013.06.20	1350.95	1351.98	1276.26	1283.98
2013.06.21	1284.54	1302.4	1269.48	1295.47
2013.06.24	1297.17	1301.49	1276.1	1281.27
2013.06.25	1282.05	1289.37	1271.73	1276.75
2013.06.26	1277.35	1277.96	1221.8	1226.26
2013.06.27	1226.35	1244.67	1196.72	1199.23
2013.06.28	1200.15	1235.23	1180.18	1234.95
2013.07.01	1233.64	1261.67	1225.21	1251.66
2013.07.02	1252.05	1267.39	1239.58	1243.1
2013.07.03	1243.1	1259.95	1236.82	1251.09
2013.07.04	1252.65	1257.77	1244.72	1249.58
2013.07.05	1249.18	1250.57	1208.13	1222.85
2013.07.08	1222.54	1238.55	1215.65	1236.52
2013.07.09	1236.64	1260.42	1233.5	1250.45
2013.07.10	1251.0	1265.89	1243.97	1258.62
2013.07.11	1259.1	1298.73	1259.08	1285.01
2013.07.12	1285.55	1288.47	1267.8	1285.28
2013.07.15	1284.89	1294.65	1273.96	1283.7
2013.07.16	1284.35	1295.55	1277.06	1291.41
2013.07.17	1291.9	1300.49	1270.21	1275.05
2013.07.18	1274.29	1288.61	1274.08	1283.53
2013.07.19	1282.9	1297.87	1282.32	1295.77
2013.07.22	1297.12	1339.3	1296.02	1334.97
2013.07.23	1334.4	1346.67	1326.65	1344.32
2013.07.24	1347.52	1347.52	1313.12	1320.92
2013.07.25	1321.92	1337.77	1308.87	1332.7
2013.07.26	1333.3	1340.62	1312.3	1333.07
2013.07.29	1333.16	1338.25	1322.83	1327.42
2013.07.30	1326.65	1330.1	1317.53	1325.41
2013.07.31	1326.66	1339.15	1305.86	1324.53
2013.08.01	1323.47	1331.01	1307.77	1309.05
2013.08.02	1308.24	1318.42	1283.12	1312.4
2013.08.05	1312.59	1320.66	1297.43	1302.09
2013.08.06	1303.2	1307.05	1279.21	1282.09
2013.08.07	1282.41	1289.32	1272.82	1286.63
2013.08.08	1286.63	1314.19	1282.97	1312.25
2013.08.09	1312.08	1317.14	1305.02	1314.21
2013.08.12	1314.69	1343.97	1314.69	1337.69
2013.08.13	1336.11	1341.32	1318.67	1320.78
2013.08.14	1320.65	1336.2	1315.8	1335.7
2013.08.15	1335.67	1370.02	1318.79	1365.27
2013.08.16	1365.87	1379.52	1357.67	1376.53
2013.08.19	1378.67	1384.39	1362.47	1365.12
2013.08.20	1364.45	1377.51	1352.25	1370.38
2013.08.21	1371.04	1379.02	1359.85	1365.8
2013.08.22	1365.9	1381.7	1355.13	1375.81
2013.08.23	1375.65	1399.95	1368.57	1397.62
2013.08.26	1398.8	1406.77	1389.45	1403.79
2013.08.27	1404.71	1423.68	1395.68	1414.24
2013.08.28	1415.8	1433.7	1413.35	1416.69
2013.08.29	1417.91	1418.19	1402.41	1407.49
2013.08.30	1406.92	1411.27	1392.08	1394.83
2013.09.02	1393.47	1398.21	1373.74	1390.39
2013.09.03	1391.84	1416.3	1384.37	1411.47
2013.09.04	1411.15	1414.98	1384.67	1390.75
2013.09.05	1391.34	1399.78	1364.83	1366.93
2013.09.06	1366.3	1393.34	1358.43	1391.11
2013.09.09	1391.23	1394.31	1381.97	1386.08
2013.09.10	1386.66	1391.13	1357.76	1363.13
2013.09.11	1363.73	1368.56	1356.64	1365.17
2013.09.12	1365.61	1366.09	1320.42	1320.42
2013.09.13	1320.72	1330.87	1304.86	1326.18
2013.09.16	1335.19	1335.19	1303.0	1312.07
2013.09.17	1311.39	1323.92	1306.16	1309.76
2013.09.18	1309.92	1367.37	1291.76	1361.95
2013.09.19	1364.77	1375.24	1358.6	1366.06
2013.09.20	1365.64	1368.32	1324.78	1325.65
2013.09.23	1326.38	1331.72	1313.42	1321.81
2013.09.24	1321.58	1329.19	1305.68	1323.16
2013.09.25	1323.12	1338.07	1316.46	1333.59
2013.09.26	1332.77	1339.24	1318.78	1323.16
2013.09.27	1323.38	1344.0	1319.83	1336.4
2013.09.30	1342.18	1352.36	1322.58	1328.07
2013.10.01	1327.58	1337.44	1282.39	1287.76
2013.10.02	1286.49	1323.86	1277.8	1315.28
2013.10.03	1315.96	1322.37	1301.89	1316.1
2013.10.04	1316.22	1325.29	1305.64	1310.49
2013.10.07	1311.7	1328.82	1308.45	1322.76
2013.10.08	1322.14	1330.04	1315.53	1318.05
2013.10.09	1319.3	1321.95	1294.58	1304.64
2013.10.10	1306.88	1311.75	1281.91	1287.32
2013.10.11	1284.49	1294.54	1261.71	1272.09
2013.10.14	1276.72	1289.93	1268.48	1271.4
2013.10.15	1273.55	1287.98	1251.49	1282.11
2013.10.16	1281.32	1288.26	1269.19	1281.39
2013.10.17	1281.61	1324.32	1274.49	1319.49
2013.10.18	1318.77	1327.09	1311.62	1315.91
2013.10.21	1316.23	1324.14	1312.75	1315.08
2013.10.22	1314.94	1344.64	1310.08	1339.34
2013.10.23	1339.92	1342.19	1329.11	1332.56
2013.10.24	1331.89	1351.88	1330.34	1345.97
2013.10.25	1346.58	1355.75	1336.45	1350.36
2013.10.28	1353.77	1361.73	1346.29	1351.65
2013.10.29	1352.69	1360.49	1340.12	1344.77
2013.10.30	1344.3	1359.55	1334.56	1343.83
2013.10.31	1341.69	1342.94	1319.0	1322.8
2013.11.01	1322.17	1327.44	1306.0	1315.69
2013.11.04	1313.78	1322.43	1311.04	1314.0
2013.11.05	1313.97	1319.58	1305.84	1311.07
2013.11.06	1310.97	1322.04	1309.12	1317.21
2013.11.07	1317.45	1326.13	1296.85	1307.31
2013.11.08	1307.63	1313.63	1280.94	1288.55
2013.11.11	1287.84	1288.35	1279.13	1282.04
2013.11.12	1281.92	1285.23	1261.33	1267.0
2013.11.13	1265.89	1284.22	1265.82	1281.43
2013.11.14	1281.25	1294.16	1278.11	1286.51
2013.11.15	1287.05	1291.12	1280.32	1289.95
2013.11.18	1288.59	1289.5	1269.92	1274.52
2013.11.19	1275.59	1278.82	1269.09	1274.87
2013.11.20	1274.07	1276.44	1241.03	1243.94
2013.11.21	1242.04	1250.44	1236.71	1242.14
2013.11.22	1242.82	1248.96	1241.12	1243.2
2013.11.25	1242.34	1253.86	1226.49	1250.76
2013.11.26	1250.43	1258.06	1239.69	1242.12
2013.11.27	1241.24	1254.75	1236.19	1237.07
2013.11.28	1237.81	1245.67	1234.58	1243.67
2013.11.29	1244.13	1254.74	1240.76	1252.09
2013.12.02	1250.87	1250.87	1217.75	1218.84
2013.12.03	1220.23	1226.18	1215.18	1222.98
2013.12.04	1223.02	1251.4	1211.78	1242.87
2013.12.05	1243.16	1243.29	1216.97	1224.84
2013.12.06	1225.64	1244.89	1211.34	1228.59
2013.12.09	1230.41	1243.07	1225.24	1240.16
2013.12.10	1239.73	1267.84	1237.89	1261.77
2013.12.11	1261.26	1263.44	1251.07	1251.95
2013.12.12	1252.47	1257.02	1223.84	1225.2
2013.12.13	1224.82	1238.65	1220.52	1238.38
2013.12.16	1238.03	1251.95	1227.79	1240.98
2013.12.17	1240.49	1248.09	1227.39	1230.16
2013.12.18	1230.42	1244.6	1216.24	1217.47
2013.12.19	1217.56	1226.54	1187.2	1188.29
2013.12.20	1189.47	1207.52	1188.86	1203.02
2013.12.23	1202.85	1206.16	1192.64	1198.14
2013.12.24	1197.96	1205.54	1196.14	1204.39
2013.12.26	1203.29	1215.82	1201.09	1210.2
2013.12.27	1211.44	1219.15	1209.01	1212.97
2013.12.30	1214.03	1216.19	1194.9	1196.27
2013.12.31	1197.25	1214.56	1182.35	1205.74
2014.01.02	1204.01	1230.82	1203.64	1224.19
2014.01.03	1221.57	1240.16	1221.32	1236.11
2014.01.06	1237.01	1248.4	1224.24	1237.66
2014.01.07	1237.79	1245.34	1224.93	1231.86
2014.01.08	1230.82	1232.44	1218.42	1225.74
2014.01.09	1225.32	1231.44	1223.47	1227.71
2014.01.10	1227.45	1248.91	1227.19	1247.98
2014.01.13	1247.37	1255.1	1243.63	1252.97
2014.01.14	1252.87	1255.25	1241.65	1244.96
2014.01.15	1244.88	1245.04	1234.19	1241.59
2014.01.16	1241.99	1245.21	1236.34	1242.09
2014.01.17	1242.19	1254.87	1237.73	1253.8
2014.01.20	1253.06	1261.09	1251.6	1251.6
2014.01.21	1255.24	1255.89	1235.69	1241.14
2014.01.22	1240.72	1243.69	1235.86	1236.84
2014.01.23	1235.71	1265.38	1231.54	1264.04
2014.01.24	1263.39	1272.56	1256.84	1269.26
2014.01.27	1269.24	1279.03	1251.97	1256.77
2014.01.28	1254.37	1261.61	1248.48	1256.53
2014.01.29	1255.69	1269.99	1248.86	1266.64
2014.01.30	1266.21	1267.65	1238.04	1243.49
2014.01.31	1243.93	1254.94	1238.42	1243.92
2014.02.03	1242.68	1266.22	1240.89	1257.27
2014.02.04	1257.45	1260.94	1247.22	1254.39
2014.02.05	1254.25	1274.31	1252.34	1257.72
2014.02.06	1257.32	1266.93	1252.82	1257.94
2014.02.07	1256.81	1271.79	1256.17	1267.35
2014.02.10	1265.36	1277.84	1265.08	1274.47
2014.02.11	1274.05	1293.71	1273.74	1291.22
2014.02.12	1289.76	1296.24	1283.99	1290.94
2014.02.13	1290.48	1302.82	1286.24	1302.72
2014.02.14	1301.36	1321.16	1299.89	1318.16
2014.02.17	1323.91	1329.74	1320.92	1328.79
2014.02.18	1327.24	1332.02	1312.64	1321.84
2014.02.19	1321.57	1322.83	1308.79	1311.09
2014.02.20	1310.96	1324.94	1307.34	1322.65
2014.02.21	1322.81	1328.44	1315.98	1324.16
2014.02.24	1325.26	1339.01	1318.76	1336.74
2014.02.25	1335.74	1343.54	1331.19	1340.36
2014.02.26	1340.56	1345.34	1322.39	1330.54
2014.02.27	1329.22	1336.08	1323.92	1330.99
2014.02.28	1331.05	1333.29	1319.74	1326.27
2014.03.03	1332.27	1354.66	1330.44	1350.32
2014.03.04	1349.18	1352.49	1331.22	1334.29
2014.03.05	1334.36	1341.72	1332.64	1336.59
2014.03.06	1336.93	1353.55	1331.19	1350.67
2014.03.07	1350.02	1352.87	1328.13	1340.29
2014.03.10	1339.67	1344.57	1327.93	1339.42
2014.03.11	1339.47	1352.54	1337.79	1348.82
2014.03.12	1348.7	1370.84	1345.4	1366.49
2014.03.13	1366.1	1374.91	1364.46	1369.98
2014.03.14	1370.13	1387.84	1367.81	1382.72
2014.03.17	1382.28	1391.99	1361.89	1366.87
2014.03.18	1367.14	1367.54	1350.65	1355.55
2014.03.19	1354.69	1359.64	1327.53	1329.42
2014.03.20	1329.68	1334.59	1320.47	1327.71
2014.03.21	1327.07	1342.43	1327.04	1334.14
2014.03.24	1331.84	1334.21	1307.89	1308.51
2014.03.25	1308.44	1317.25	1305.64	1310.9
2014.03.26	1310.58	1316.34	1298.61	1304.36
2014.03.27	1304.33	1306.79	1289.09	1290.91
2014.03.28	1291.02	1298.68	1285.65	1295.49
2014.03.31	1293.7	1298.47	1282.42	1283.78
2014.04.01	1283.73	1287.99	1277.64	1278.49
2014.04.02	1278.77	1294.51	1278.25	1289.57
2014.04.03	1289.64	1293.89	1281.69	1286.39
2014.04.04	1285.99	1306.65	1284.17	1303.86
2014.04.07	1303.25	1304.14	1295.63	1297.01
2014.04.08	1296.65	1314.39	1296.32	1308.36
2014.04.09	1308.17	1315.03	1300.83	1311.66
2014.04.10	1312.04	1324.48	1310.74	1318.41
2014.04.11	1317.97	1323.8	1314.11	1318.22
2014.04.14	1320.3	1331.08	1318.68	1327.54
2014.04.15	1326.96	1328.14	1286.27	1302.45
2014.04.16	1302.1	1307.04	1293.5	1302.1
2014.04.17	1301.64	1304.1	1293.09	1294.91
2014.04.18	1294.23	1295.15	1294.23	1294.46
2014.04.21	1297.64	1301.47	1281.85	1289.69
2014.04.22	1289.57	1292.74	1276.97	1283.66
2014.04.23	1283.02	1288.98	1280.87	1283.66
2014.04.24	1283.72	1298.48	1268.48	1293.06
2014.04.25	1293.0	1304.95	1290.37	1302.65
2014.04.28	1302.04	1306.43	1291.96	1296.48
2014.04.29	1295.25	1301.31	1286.21	1295.61
2014.04.30	1295.5	1298.11	1284.94	1291.2
2014.05.01	1291.1	1292.83	1277.21	1284.07
2014.05.02	1283.83	1304.63	1274.09	1299.96
2014.05.05	1300.24	1315.56	1299.41	1309.94
2014.05.06	1309.64	1313.99	1304.31	1307.82
2014.05.07	1307.64	1314.46	1286.59	1289.71
2014.05.08	1289.51	1295.31	1285.0	1288.93
2014.05.09	1289.29	1294.34	1285.49	1288.57
2014.05.12	1288.99	1303.8	1277.69	1295.24
2014.05.13	1295.3	1298.67	1289.09	1293.3
2014.05.14	1293.11	1308.93	1291.52	1305.12
2014.05.15	1305.4	1307.04	1290.81	1295.74
2014.05.16	1296.06	1298.19	1287.75	1293.26
2014.05.19	1292.0	1305.34	1289.26	1292.21
2014.05.20	1292.51	1296.82	1285.92	1293.99
2014.05.21	1293.75	1296.24	1283.24	1291.52
2014.05.22	1291.49	1303.64	1290.03	1293.85
2014.05.23	1293.76	1295.46	1286.64	1292.19
2014.05.26	1291.49	1294.13	1290.76	1292.58
2014.05.27	1292.26	1293.29	1264.24	1264.24
2014.05.28	1264.38	1267.07	1255.94	1257.89
2014.05.29	1257.89	1260.43	1251.43	1255.21
2014.05.30	1255.25	1260.35	1242.2	1249.34
2014.06.02	1249.88	1250.74	1241.0	1243.4
2014.06.03	1243.28	1247.64	1240.58	1244.79
2014.06.04	1244.33	1249.09	1242.84	1243.66
2014.06.05	1243.5	1257.67	1241.07	1253.37
2014.06.06	1252.91	1257.71	1245.84	1253.04
2014.06.09	1252.49	1256.94	1251.48	1252.08
2014.06.10	1251.59	1263.57	1250.24	1259.59
2014.06.11	1259.76	1265.21	1257.69	1260.85
2014.06.12	1260.56	1274.78	1259.85	1273.09
2014.06.13	1272.64	1277.85	1270.79	1276.68
2014.06.16	1276.43	1284.84	1270.58	1271.56
2014.06.17	1271.3	1273.24	1258.62	1270.49
2014.06.18	1270.32	1278.39	1266.32	1277.17
2014.06.19	1277.55	1321.46	1275.94	1319.65
2014.06.20	1319.06	1321.83	1306.42	1314.96
2014.06.23	1313.71	1318.41	1309.94	1317.02
2014.06.24	1317.29	1325.79	1313.79	1317.97
2014.06.25	1318.24	1324.78	1307.52	1318.86
2014.06.26	1318.5	1319.74	1306.23	1316.2
2014.06.27	1315.96	1322.19	1312.59	1315.9
2014.06.30	1316.23	1329.46	1310.3	1327.03
2014.07.01	1327.09	1332.83	1323.79	1326.15
2014.07.02	1326.09	1331.93	1321.25	1326.57
2014.07.03	1326.6	1327.38	1309.59	1319.16
2014.07.04	1319.99	1323.15	1318.61	1320.34
2014.07.07	1320.39	1320.64	1311.43	1319.74
2014.07.08	1319.61	1324.72	1313.41	1319.11
2014.07.09	1318.94	1332.3	1317.77	1327.32
2014.07.10	1327.13	1345.03	1324.17	1335.36
2014.07.11	1335.04	1339.16	1333.69	1337.95
2014.07.14	1339.1	1339.47	1303.17	1306.43
2014.07.15	1306.98	1313.73	1292.14	1293.3
2014.07.16	1293.58	1303.69	1292.79	1298.36
2014.07.17	1298.61	1324.56	1297.56	1318.3
2014.07.18	1318.49	1324.56	1304.5	1310.43
2014.07.21	1310.22	1318.33	1307.36	1311.67
2014.07.22	1312.0	1315.72	1301.99	1305.55
2014.07.23	1307.6	1311.14	1303.08	1303.83
2014.07.24	1303.86	1305.09	1287.69	1293.03
2014.07.25	1293.99	1308.53	1290.88	1307.19
2014.07.28	1307.43	1309.21	1301.34	1303.83
2014.07.29	1303.78	1312.13	1296.12	1298.21
2014.07.30	1298.77	1303.57	1291.78	1295.36
2014.07.31	1295.39	1297.29	1280.94	1282.45
2014.08.01	1282.85	1296.99	1280.34	1293.0
2014.08.04	1293.85	1295.37	1286.09	1287.4
2014.08.05	1287.84	1293.75	1282.49	1287.92
2014.08.06	1287.88	1309.39	1287.55	1305.03
2014.08.07	1305.34	1314.39	1301.97	1311.71
2014.08.08	1312.93	1322.63	1305.07	1310.48
2014.08.11	1308.85	1311.42	1305.13	1307.63
2014.08.12	1307.87	1317.77	1305.62	1308.63
2014.08.13	1308.25	1314.95	1304.86	1312.04
2014.08.14	1311.97	1319.33	1308.73	1312.6
2014.08.15	1311.96	1315.11	1292.62	1304.68
2014.08.18	1302.81	1303.69	1295.59	1297.6
2014.08.19	1297.77	1302.26	1293.84	1294.94
2014.08.20	1295.88	1297.88	1287.81	1291.58
2014.08.21	1290.54	1291.01	1272.89	1275.95
2014.08.22	1277.0	1282.99	1274.14	1280.0
2014.08.25	1279.14	1281.04	1272.53	1276.1
2014.08.26	1276.21	1290.92	1275.08	1280.3
2014.08.27	1280.2	1287.31	1280.05	1282.53
2014.08.28	1282.33	1296.44	1282.13	1289.28
2014.08.29	1289.0	1291.34	1283.36	1286.75
2014.09.01	1287.54	1289.87	1284.79	1286.75
2014.09.02	1287.22	1287.54	1262.48	1264.59
2014.09.03	1265.58	1271.45	1261.22	1268.58
2014.09.04	1268.87	1277.23	1260.55	1261.55
2014.09.05	1260.9	1273.61	1257.26	1268.85
2014.09.08	1267.87	1271.79	1251.43	1254.97
2014.09.09	1256.31	1258.19	1247.49	1254.99
2014.09.10	1255.02	1257.74	1243.79	1249.41
2014.09.11	1248.72	1250.09	1235.18	1240.57
2014.09.12	1239.76	1241.55	1227.59	1229.24
2014.09.15	1227.25	1238.45	1225.56	1233.04
2014.09.16	1232.41	1242.18	1231.74	1235.23
2014.09.17	1232.79	1239.29	1221.39	1223.3
2014.09.18	1222.14	1227.84	1215.93	1224.7
2014.09.19	1224.84	1228.56	1213.75	1215.46
2014.09.22	1215.12	1220.34	1208.14	1214.56
2014.09.23	1214.12	1235.67	1214.12	1223.03
2014.09.24	1222.21	1226.04	1215.69	1216.65
2014.09.25	1216.58	1224.44	1206.9	1221.14
2014.09.26	1220.62	1231.25	1212.31	1217.64
2014.09.29	1218.47	1223.3	1214.89	1215.48
2014.09.30	1214.72	1220.09	1204.54	1207.84
2014.10.01	1207.27	1219.31	1204.64	1213.36
2014.10.02	1212.84	1222.31	1208.73	1214.19
2014.10.03	1213.48	1215.26	1189.98	1191.99
2014.10.06	1191.11	1208.89	1182.86	1206.77
2014.10.07	1207.02	1213.39	1202.89	1208.55
2014.10.08	1209.09	1224.15	1204.95	1220.8
2014.10.09	1221.07	1233.32	1218.98	1223.92
2014.10.10	1224.04	1225.42	1217.35	1222.86
2014.10.13	1223.2	1237.77	1223.2	1235.53
2014.10.14	1236.39	1238.12	1230.99	1232.36
2014.10.15	1230.93	1249.67	1221.89	1241.66
2014.10.16	1238.81	1245.18	1235.52	1238.76
2014.10.17	1238.78	1241.7	1231.63	1238.47
2014.10.20	1238.57	1248.73	1234.61	1246.81
2014.10.21	1246.81	1255.25	1243.86	1248.47
2014.10.22	1248.96	1249.76	1240.42	1240.91
2014.10.23	1241.29	1244.62	1226.3	1231.58
2014.10.24	1233.39	1234.16	1228.88	1230.31
2014.10.27	1230.03	1231.98	1225.43	1226.24
2014.10.28	1225.67	1235.56	1222.44	1228.16
2014.10.29	1225.85	1230.53	1208.25	1211.77
2014.10.30	1210.89	1216.77	1195.93	1198.52
2014.10.31	1197.53	1202.75	1161.24	1172.59
2014.11.03	1167.22	1173.85	1161.68	1165.13
2014.11.04	1164.67	1174.92	1163.85	1168.07
2014.11.05	1166.35	1169.65	1137.73	1139.99
2014.11.06	1141.09	1149.52	1138.11	1141.55
2014.11.07	1141.26	1178.7	1131.78	1176.56
2014.11.10	1177.48	1177.52	1147.3	1151.37
2014.11.11	1151.9	1173.22	1146.1	1163.84
2014.11.12	1164.28	1170.13	1157.35	1162.34
2014.11.13	1161.78	1168.07	1153.99	1162.13
2014.11.14	1162.46	1193.55	1146.89	1188.6
2014.11.17	1186.38	1194.26	1181.51	1186.25
2014.11.18	1185.83	1204.62	1183.45	1196.65
2014.11.19	1196.25	1202.2	1175.09	1182.34
2014.11.20	1183.14	1197.11	1176.8	1193.37
2014.11.21	1194.09	1207.79	1186.8	1201.5
2014.11.24	1200.41	1204.26	1192.78	1196.71
2014.11.25	1198.64	1202.93	1190.37	1200.39
2014.11.26	1201.31	1201.62	1194.81	1197.45
2014.11.27	1197.07	1199.62	1185.64	1190.84
2014.11.28	1190.65	1190.82	1165.19	1168.85
2014.12.01	1155.95	1221.04	1142.77	1211.52
2014.12.02	1212.25	1212.75	1191.95	1197.86
2014.12.03	1197.25	1215.05	1194.53	1209.03
2014.12.04	1208.7	1213.32	1201.28	1204.88
2014.12.05	1205.9	1207.56	1186.24	1192.0
2014.12.08	1190.64	1208.82	1187.17	1202.03
2014.12.09	1203.66	1238.19	1199.32	1230.78
2014.12.10	1230.73	1238.23	1224.61	1225.94
2014.12.11	1225.15	1232.71	1215.9	1227.47
2014.12.12	1227.74	1228.11	1214.35	1222.55
2014.12.15	1221.99	1224.18	1190.64	1192.89
2014.12.16	1194.26	1223.47	1187.52	1196.65
2014.12.17	1195.01	1202.86	1183.61	1189.26
2014.12.18	1189.22	1213.8	1188.46	1198.42
2014.12.19	1197.84	1201.29	1193.69	1195.47
2014.12.22	1195.33	1203.23	1170.69	1176.01
2014.12.23	1175.41	1184.85	1172.62	1176.19
2014.12.24	1176.09	1181.07	1172.84	1174.64
2014.12.26	1176.92	1199.15	1176.52	1195.41
2014.12.29	1194.12	1197.42	1178.85	1182.88
2014.12.30	1182.25	1210.68	1180.77	1200.02
2014.12.31	1199.44	1203.78	1179.63	1182.9
2015.01.02	1184.48	1194.89	1167.48	1188.82
2015.01.05	1188.33	1207.44	1178.18	1204.3
2015.01.06	1202.71	1223.05	1201.66	1218.29
2015.01.07	1218.78	1218.78	1208.98	1211.3
2015.01.08	1210.8	1216.63	1204.74	1208.57
2015.01.09	1208.37	1223.99	1206.95	1222.63
2015.01.12	1223.33	1235.93	1217.64	1232.95
2015.01.13	1233.12	1244.09	1227.26	1230.14
2015.01.14	1230.64	1244.41	1224.99	1228.5
2015.01.15	1228.73	1266.64	1226.03	1262.17
2015.01.16	1261.93	1282.12	1255.03	1280.11
2015.01.19	1279.99	1281.55	1272.09	1276.43
2015.01.20	1275.88	1297.06	1273.98	1294.98
2015.01.21	1294.1	1305.11	1284.66	1292.72
2015.01.22	1293.18	1307.3	1279.57	1302.1
2015.01.23	1301.89	1302.0	1284.32	1293.89
2015.01.26	1291.96	1299.15	1275.84	1280.98
2015.01.27	1280.72	1297.55	1272.26	1291.8
2015.01.28	1291.73	1293.65	1279.65	1284.17
2015.01.29	1283.67	1285.84	1252.08	1256.89
2015.01.30	1258.07	1284.74	1257.13	1283.18
2015.02.02	1281.81	1283.29	1266.42	1273.98
2015.02.03	1274.85	1285.71	1255.45	1260.03
2015.02.04	1260.42	1272.61	1256.67	1269.12
2015.02.05	1270.12	1273.99	1256.36	1264.41
2015.02.06	1265.0	1268.72	1228.37	1232.8
2015.02.09	1235.81	1243.63	1234.34	1238.67
2015.02.10	1237.85	1245.85	1230.97	1233.32
2015.02.11	1233.71	1238.72	1216.69	1218.71
2015.02.12	1218.84	1233.0	1218.19	1221.56
2015.02.13	1223.02	1234.96	1222.83	1229.45
2015.02.16	1227.96	1236.67	1227.47	1231.28
2015.02.17	1230.9	1233.88	1203.77	1209.45
2015.02.18	1209.24	1213.39	1197.56	1212.18
2015.02.19	1212.28	1222.98	1205.37	1206.56
2015.02.20	1207.22	1215.25	1198.35	1201.79
2015.02.23	1203.58	1210.26	1190.9	1201.46
2015.02.24	1201.91	1204.47	1190.51	1199.98
2015.02.25	1200.92	1211.85	1200.83	1204.95
2015.02.26	1204.23	1219.91	1203.64	1209.26
2015.02.27	1208.71	1219.31	1204.46	1213.01
2015.03.02	1213.76	1223.24	1204.7	1206.87
2015.03.03	1205.87	1214.75	1195.44	1203.56
2015.03.04	1204.12	1208.99	1198.24	1200.16
2015.03.05	1200.34	1209.39	1196.49	1198.24
2015.03.06	1197.8	1200.67	1163.81	1167.26
2015.03.09	1169.93	1175.32	1165.8	1167.21
2015.03.10	1166.76	1170.45	1155.25	1161.73
2015.03.11	1161.76	1165.15	1147.5	1155.13
2015.03.12	1155.12	1166.51	1148.64	1153.55
2015.03.13	1153.4	1161.71	1151.39	1157.82
2015.03.16	1158.61	1164.08	1150.38	1154.52
2015.03.17	1154.32	1159.77	1142.8	1149.41
2015.03.18	1148.91	1175.46	1145.92	1167.62
2015.03.19	1167.28	1177.81	1159.57	1170.83
2015.03.20	1170.85	1187.91	1168.76	1182.18
2015.03.23	1183.6	1191.55	1179.29	1189.5
2015.03.24	1189.09	1195.02	1185.43	1193.07
2015.03.25	1192.85	1199.67	1186.63	1195.14
2015.03.26	1195.73	1219.69	1194.44	1204.7
2015.03.27	1203.59	1206.13	1192.55	1198.42
2015.03.30	1198.63	1199.43	1182.35	1186.0
2015.03.31	1185.45	1190.68	1178.47	1183.48
2015.04.01	1183.41	1208.56	1180.85	1203.9
2015.04.02	1203.85	1207.31	1194.99	1202.6
2015.04.06	1216.03	1224.17	1213.95	1214.48
2015.04.07	1214.53	1215.75	1207.49	1208.91
2015.04.08	1208.75	1212.32	1197.45	1202.16
2015.04.09	1202.69	1203.37	1192.66	1194.54
2015.04.10	1193.94	1210.75	1193.29	1207.44
2015.04.13	1207.02	1209.49	1196.36	1198.55
2015.04.14	1198.73	1201.52	1184.01	1192.41
2015.04.15	1192.25	1204.59	1188.94	1202.28
2015.04.16	1202.23	1209.11	1194.72	1198.3
2015.04.17	1198.8	1207.7	1197.43	1204.47
2015.04.20	1204.63	1209.12	1191.45	1195.39
2015.04.21	1196.11	1204.26	1193.15	1202.07
2015.04.22	1202.58	1204.8	1185.75	1186.68
2015.04.23	1187.5	1198.0	1184.35	1193.71
2015.04.24	1193.83	1196.01	1175.3	1179.29
2015.04.27	1179.66	1207.24	1178.65	1201.94
2015.04.28	1202.28	1215.08	1199.23	1212.05
2015.04.29	1211.74	1214.08	1201.37	1204.7
2015.04.30	1204.93	1207.2	1177.08	1184.14
2015.05.01	1184.25	1185.24	1170.41	1178.33
2015.05.04	1177.24	1192.83	1177.24	1188.27
2015.05.05	1188.03	1199.81	1185.73	1193.22
2015.05.06	1192.82	1197.65	1188.3	1192.07
2015.05.07	1191.68	1192.78	1178.87	1184.42
2015.05.08	1184.27	1193.81	1181.74	1188.59
2015.05.11	1189.55	1191.74	1178.93	1183.92
2015.05.12	1183.23	1197.14	1180.77	1193.9
2015.05.13	1192.87	1218.94	1191.29	1215.64
2015.05.14	1215.46	1227.26	1212.4	1220.97
2015.05.15	1221.12	1226.17	1211.06	1223.95
2015.05.18	1223.14	1232.33	1221.57	1225.37
2015.05.19	1225.33	1225.61	1205.86	1207.69
2015.05.20	1207.88	1213.47	1203.28	1209.69
2015.05.21	1209.65	1212.76	1201.65	1206.17
2015.05.22	1206.49	1214.86	1201.54	1206.37
2015.05.25	1204.91	1208.67	1202.89	1206.9
2015.05.26	1206.76	1207.59	1185.59	1187.11
2015.05.27	1186.93	1190.92	1183.71	1187.79
2015.05.28	1187.49	1192.16	1180.4	1188.06
2015.05.29	1187.88	1193.97	1185.61	1190.52
2015.06.01	1190.38	1204.35	1184.53	1189.09
2015.06.02	1189.05	1196.35	1185.97	1192.87
2015.06.03	1193.15	1195.5	1179.49	1185.02
2015.06.04	1184.8	1186.39	1172.91	1176.74
2015.06.05	1176.91	1178.5	1162.78	1171.63
2015.06.08	1171.02	1177.62	1169.22	1174.0
2015.06.09	1173.9	1182.96	1172.48	1176.77
2015.06.10	1176.37	1192.31	1175.21	1185.82
2015.06.11	1186.23	1187.95	1175.65	1181.85
2015.06.12	1181.74	1184.29	1176.76	1181.54
2015.06.15	1180.75	1190.36	1172.82	1186.28
2015.06.16	1185.66	1187.88	1176.11	1181.96
2015.06.17	1181.55	1189.16	1174.64	1185.54
2015.06.18	1184.96	1205.75	1183.66	1201.75
2015.06.19	1201.53	1204.2	1198.38	1200.26
2015.06.22	1200.08	1201.09	1182.19	1185.89
2015.06.23	1185.33	1188.13	1176.28	1178.53
2015.06.24	1177.69	1180.23	1170.56	1175.27
2015.06.25	1175.04	1178.11	1171.65	1173.02
2015.06.26	1172.97	1178.68	1168.66	1175.31
2015.06.29	1184.09	1188.01	1173.89	1179.76
2015.06.30	1179.65	1180.55	1166.99	1172.17
2015.07.01	1172.43	1175.14	1167.34	1168.48
2015.07.02	1168.29	1169.5	1157.12	1166.14
2015.07.03	1165.47	1170.25	1164.74	1168.68
2015.07.06	1174.42	1174.83	1162.93	1170.22
2015.07.07	1170.35	1170.4	1147.94	1154.96
2015.07.08	1154.75	1164.72	1147.22	1157.93
2015.07.09	1158.48	1167.73	1156.02	1159.14
2015.07.10	1159.81	1165.42	1157.55	1163.67
2015.07.13	1163.25	1164.77	1151.21	1157.9
2015.07.14	1157.25	1159.82	1152.95	1155.99
2015.07.15	1155.08	1156.79	1143.28	1149.45
2015.07.16	1147.07	1149.47	1142.38	1145.31
2015.07.17	1145.3	1145.74	1131.21	1134.27
2015.07.20	1133.19	1133.39	1071.59	1096.41
2015.07.21	1098.19	1109.88	1097.04	1100.89
2015.07.22	1100.81	1103.44	1087.07	1094.11
2015.07.23	1094.55	1105.8	1087.3	1090.48
2015.07.24	1090.48	1101.55	1077.32	1099.21
2015.07.27	1099.22	1105.0	1088.4	1093.98
2015.07.28	1094.1	1099.05	1091.64	1095.14
2015.07.29	1094.84	1102.03	1090.48	1096.9
2015.07.30	1096.59	1098.62	1082.48	1088.46
2015.07.31	1087.96	1103.48	1080.08	1095.58
2015.08.03	1095.76	1097.78	1085.84	1086.69
2015.08.04	1083.63	1094.76	1080.98	1087.62
2015.08.05	1087.47	1092.56	1083.03	1084.92
2015.08.06	1084.28	1094.04	1083.54	1089.44
2015.08.07	1088.99	1099.52	1082.83	1094.16
2015.08.10	1094.44	1108.93	1089.66	1104.39
2015.08.11	1103.8	1119.41	1093.9	1108.89
2015.08.12	1108.19	1125.52	1101.82	1124.42
2015.08.13	1125.11	1126.68	1113.66	1115.08
2015.08.14	1114.75	1121.1	1111.85	1115.02
2015.08.17	1114.49	1122.81	1113.64	1117.47
2015.08.18	1117.19	1121.19	1109.72	1117.56
2015.08.19	1117.89	1134.62	1116.3	1133.92
2015.08.20	1133.84	1154.03	1132.72	1151.9
2015.08.21	1153.2	1168.3	1148.99	1160.71
2015.08.24	1160.8	1169.96	1145.75	1155.02
2015.08.25	1155.04	1156.63	1134.7	1140.53
2015.08.26	1140.36	1146.5	1117.73	1125.12
2015.08.27	1124.98	1129.29	1118.29	1124.75
2015.08.28	1125.05	1140.82	1123.79	1134.1
2015.08.31	1133.05	1136.65	1125.78	1134.84
2015.09.01	1134.4	1147.82	1134.4	1140.1
2015.09.02	1139.35	1142.49	1132.12	1133.94
2015.09.03	1133.29	1134.33	1121.91	1125.04
2015.09.04	1125.01	1132.58	1116.68	1122.32
2015.09.07	1123.41	1124.76	1116.1	1119.28
2015.09.08	1118.54	1126.71	1118.54	1121.55
2015.09.09	1121.95	1125.36	1101.32	1107.61
2015.09.10	1106.48	1115.05	1103.91	1110.71
2015.09.11	1110.62	1112.83	1098.77	1107.64
2015.09.14	1107.77	1110.45	1103.52	1108.84
2015.09.15	1108.01	1109.38	1102.58	1105.1
2015.09.16	1105.03	1124.19	1103.98	1119.45
2015.09.17	1118.94	1135.28	1115.35	1131.33
2015.09.18	1130.11	1141.72	1127.56	1139.12
2015.09.21	1139.17	1139.93	1129.63	1133.32
2015.09.22	1132.8	1136.52	1121.35	1124.67
2015.09.23	1123.97	1134.22	1121.88	1130.12
2015.09.24	1129.93	1156.69	1129.81	1153.9
2015.09.25	1151.03	1151.22	1140.81	1145.64
2015.09.28	1144.89	1148.09	1127.94	1131.85
2015.09.29	1131.74	1134.67	1124.46	1127.24
2015.09.30	1127.28	1128.08	1111.67	1114.93
2015.10.01	1114.81	1119.21	1111.1	1113.53
2015.10.02	1113.09	1141.29	1104.68	1138.75
2015.10.05	1137.32	1141.97	1130.13	1135.65
2015.10.06	1135.4	1151.25	1134.94	1146.99
2015.10.07	1146.3	1153.59	1141.86	1145.43
2015.10.08	1145.05	1151.31	1136.63	1138.92
2015.10.09	1138.89	1159.66	1138.63	1156.79
2015.10.12	1154.77	1168.99	1154.28	1163.61
2015.10.13	1163.03	1168.81	1151.82	1168.63
2015.10.14	1167.98	1189.8	1163.44	1184.17
2015.10.15	1181.24	1191.66	1174.34	1183.06
2015.10.16	1182.26	1184.47	1174.34	1177.34
2015.10.19	1176.83	1178.23	1168.55	1170.69
2015.10.20	1170.56	1180.83	1167.35	1175.93
2015.10.21	1175.33	1179.22	1163.68	1167.05
2015.10.22	1165.32	1171.84	1162.62	1165.61
2015.10.23	1163.22	1179.41	1158.93	1164.45
2015.10.26	1163.82	1169.69	1162.22	1162.9
2015.10.27	1162.73	1168.73	1160.67	1166.58
2015.10.28	1166.29	1182.96	1152.32	1155.97
2015.10.29	1156.05	1162.68	1144.74	1145.86
2015.10.30	1144.9	1150.07	1139.27	1142.03
2015.11.02	1141.71	1142.93	1132.7	1133.37
2015.11.03	1133.37	1138.31	1114.08	1117.65
2015.11.04	1117.49	1122.79	1104.34	1107.84
2015.11.05	1107.62	1111.67	1103.04	1103.75
2015.11.06	1104.0	1110.45	1085.47	1088.83
2015.11.09	1089.76	1095.73	1088.36	1092.22
2015.11.10	1091.47	1094.88	1085.32	1089.69
2015.11.11	1089.18	1094.21	1084.19	1086.28
2015.11.12	1086.06	1089.61	1074.1	1085.18
2015.11.13	1084.67	1088.68	1079.67	1083.66
2015.11.16	1089.46	1098.14	1081.32	1082.63
2015.11.17	1083.42	1084.99	1065.47	1070.11
2015.11.18	1071.22	1075.49	1064.5	1070.54
2015.11.19	1070.07	1087.46	1069.65	1082.12
2015.11.20	1081.14	1088.07	1075.86	1078.13
2015.11.23	1076.68	1077.11	1066.59	1069.09
2015.11.24	1069.19	1081.11	1068.91	1075.55
2015.11.25	1075.09	1080.81	1067.93	1070.95
2015.11.26	1071.15	1074.93	1069.79	1071.52
2015.11.27	1072.04	1073.87	1052.75	1059.98
2015.11.30	1057.67	1069.7	1053.17	1063.34
2015.12.01	1064.83	1074.67	1063.3	1069.19
2015.12.02	1068.4	1071.47	1050.62	1053.54
2015.12.03	1053.66	1065.49	1046.37	1062.05
2015.12.04	1062.92	1088.84	1058.19	1086.89
2015.12.07	1085.73	1086.63	1066.15	1071.14
2015.12.08	1070.53	1079.18	1067.73	1074.65
2015.12.09	1074.87	1085.34	1069.45	1072.51
2015.12.10	1072.03	1076.49	1069.44	1070.57
2015.12.11	1071.58	1079.67	1062.4	1074.74
2015.12.14	1073.17	1077.61	1058.56	1059.56
2015.12.15	1059.72	1068.69	1058.86	1060.83
2015.12.16	1060.86	1078.45	1060.86	1072.05
2015.12.17	1073.06	1073.25	1047.68	1051.04
2015.12.18	1051.63	1071.62	1050.82	1065.97
2015.12.21	1065.88	1081.74	1063.9	1078.28
2015.12.22	1078.17	1080.79	1071.88	1072.59
2015.12.23	1072.77	1075.51	1068.31	1070.03
2015.12.24	1069.92	1077.11	1069.92	1075.82
2015.12.28	1075.3	1076.9	1066.48	1068.66
2015.12.29	1068.59	1075.26	1067.56	1068.9
2015.12.30	1068.39	1072.13	1059.46	1061.29
2015.12.31	1060.76	1063.53	1058.2	1061.06
2016.01.04	1062.39	1083.5	1061.75	1074.35
2016.01.05	1073.44	1081.97	1072.6	1077.51
2016.01.06	1077.18	1095.25	1075.04	1093.61
2016.01.07	1093.75	1110.09	1091.46	1108.76
2016.01.08	1108.81	1113.1	1091.82	1103.92
2016.01.11	1103.88	1108.58	1093.66	1093.95
2016.01.12	1094.65	1099.18	1083.41	1086.47
2016.01.13	1086.98	1095.51	1079.84	1093.37
2016.01.14	1093.41	1095.38	1071.43	1078.07
2016.01.15	1079.18	1097.39	1076.34	1088.69
2016.01.18	1089.35	1093.32	1087.49	1088.99
2016.01.19	1088.88	1094.65	1082.48	1087.37
2016.01.20	1087.24	1109.68	1087.23	1100.97
2016.01.21	1101.02	1104.61	1092.52	1101.02
2016.01.22	1101.16	1102.92	1094.08	1097.53
2016.01.25	1096.77	1109.01	1096.77	1107.87
2016.01.26	1107.65	1122.98	1107.06	1120.01
2016.01.27	1119.83	1128.12	1114.93	1124.91
2016.01.28	1125.08	1125.88	1111.25	1115.01
2016.01.29	1114.1	1118.57	1108.28	1118.13
2016.02.01	1117.45	1129.8	1115.39	1128.39
2016.02.02	1128.24	1131.1	1122.34	1128.93
2016.02.03	1129.05	1145.57	1124.46	1142.42
2016.02.04	1141.68	1157.41	1139.39	1155.52
2016.02.05	1155.16	1174.57	1145.25	1173.41
2016.02.08	1173.12	1200.91	1164.32	1189.07
2016.02.09	1188.27	1198.99	1185.77	1189.02
2016.02.10	1189.19	1197.8	1181.52	1197.24
2016.02.11	1197.36	1263.45	1195.88	1246.69
2016.02.12	1246.41	1248.34	1232.49	1237.34
2016.02.15	1235.3	1235.42	1202.12	1209.23
2016.02.16	1207.93	1217.03	1190.9	1199.99
2016.02.17	1200.78	1213.81	1195.72	1208.37
2016.02.18	1208.81	1240.03	1200.75	1231.1
2016.02.19	1230.44	1234.56	1220.01	1226.28
2016.02.22	1225.4	1226.26	1201.96	1208.83
2016.02.23	1208.32	1228.34	1207.23	1227.14
2016.02.24	1224.82	1253.37	1221.88	1228.99
2016.02.25	1227.6	1243.18	1221.15	1233.03
2016.02.26	1231.7	1240.36	1211.45	1222.74
2016.02.29	1222.36	1241.16	1215.74	1238.5
2016.03.01	1238.08	1248.61	1227.19	1232.06
2016.03.02	1231.29	1244.1	1224.78	1239.84
2016.03.03	1240.08	1268.35	1237.41	1264.57
2016.03.04	1263.55	1279.87	1250.45	1258.86
2016.03.07	1259.81	1273.19	1256.71	1267.33
2016.03.08	1266.95	1278.13	1260.26	1261.52
2016.03.09	1261.3	1265.01	1242.96	1252.99
2016.03.10	1252.6	1273.41	1237.11	1272.19
2016.03.11	1270.94	1284.27	1248.28	1250.5
2016.03.14	1250.59	1261.1	1229.37	1235.12
2016.03.15	1235.88	1238.12	1225.73	1232.58
2016.03.16	1232.68	1263.98	1226.71	1262.22
2016.03.17	1261.07	1270.98	1254.44	1257.84
2016.03.18	1257.09	1266.97	1247.87	1255.18
2016.03.21	1254.79	1256.01	1240.6	1243.57
2016.03.22	1243.88	1260.28	1242.36	1248.28
2016.03.23	1247.68	1249.48	1215.37	1220.27
2016.03.24	1220.33	1223.89	1212.2	1217.25
2016.03.28	1214.04	1223.17	1207.07	1221.31
2016.03.29	1221.3	1243.02	1215.36	1242.1
2016.03.30	1240.77	1244.21	1223.27	1225.02
2016.03.31	1225.27	1240.43	1223.74	1232.73
2016.04.01	1232.15	1235.41	1208.93	1222.22
2016.04.04	1221.4	1222.64	1214.65	1215.23
2016.04.05	1215.51	1236.84	1214.76	1231.21
2016.04.06	1230.79	1232.25	1216.18	1222.04
2016.04.07	1222.19	1243.3	1222.19	1240.28
2016.04.08	1239.95	1242.81	1229.6	1239.62
2016.04.11	1239.99	1258.76	1239.85	1257.32
2016.04.12	1257.72	1262.72	1251.2	1255.41
2016.04.13	1255.14	1256.73	1239.8	1242.57
2016.04.14	1241.83	1244.13	1223.87	1227.23
2016.04.15	1226.7	1235.94	1225.29	1233.54
2016.04.18	1234.62	1241.66	1229.92	1232.38
2016.04.19	1232.22	1256.68	1227.68	1250.17
2016.04.20	1249.29	1258.02	1242.41	1244.1
2016.04.21	1242.5	1270.3	1242.5	1248.11
2016.04.22	1246.69	1252.62	1227.42	1232.09
2016.04.25	1232.97	1242.3	1230.04	1237.51
2016.04.26	1237.89	1244.89	1231.36	1243.14
2016.04.27	1244.03	1252.83	1239.32	1245.59
2016.04.28	1245.5	1269.64	1237.71	1266.19
2016.04.29	1266.13	1296.75	1264.98	1293.06
2016.05.02	1290.93	1303.79	1287.64	1291.51
2016.05.03	1291.24	1301.79	1282.27	1286.44
2016.05.04	1285.28	1289.81	1271.83	1279.3
2016.05.05	1279.16	1286.48	1268.87	1277.78
2016.05.06	1277.25	1295.61	1274.46	1288.46
2016.05.09	1284.52	1287.59	1261.35	1263.84
2016.05.10	1263.93	1269.76	1256.85	1265.98
2016.05.11	1265.7	1279.13	1264.79	1277.27
2016.05.12	1277.58	1280.92	1261.55	1263.43
2016.05.13	1263.25	1276.37	1262.96	1273.19
2016.05.16	1271.64	1288.77	1270.89	1273.78
2016.05.17	1273.33	1282.29	1269.05	1279.02
2016.05.18	1279.02	1281.62	1255.07	1258.7
2016.05.19	1257.83	1261.32	1243.78	1254.52
2016.05.20	1254.98	1260.27	1248.83	1252.08
2016.05.23	1251.08	1256.07	1243.19	1249.12
2016.05.24	1248.73	1252.24	1226.32	1227.15
2016.05.25	1227.02	1230.21	1217.85	1224.32
2016.05.26	1223.44	1234.31	1218.34	1219.67
2016.05.27	1219.65	1223.6	1206.81	1212.92
2016.05.30	1212.77	1213.46	1199.73	1205.08
2016.05.31	1206.16	1218.28	1205.49	1215.29
2016.06.01	1214.84	1220.49	1206.06	1212.72
2016.06.02	1213.49	1217.71	1209.87	1210.86
2016.06.03	1210.78	1244.78	1206.99	1244.08
2016.06.06	1242.93	1248.77	1240.02	1245.19
2016.06.07	1245.14	1246.64	1234.84	1243.77
2016.06.08	1243.99	1264.44	1243.05	1262.58
2016.06.09	1261.99	1271.77	1256.84	1269.46
2016.06.10	1268.5	1278.2	1264.58	1273.73
2016.06.13	1275.66	1287.22	1272.45	1283.6
2016.06.14	1282.81	1289.93	1276.38	1285.51
2016.06.15	1285.08	1296.9	1278.47	1291.67
2016.06.16	1291.94	1315.69	1277.27	1278.59
2016.06.17	1278.65	1299.67	1276.51	1298.55
2016.06.20	1289.31	1292.3	1278.0	1289.62
2016.06.21	1289.71	1294.32	1264.53	1267.96
2016.06.22	1268.29	1270.74	1261.2	1266.12
2016.06.23	1263.34	1272.01	1246.25	1256.49
2016.06.24	1251.19	1358.41	1244.99	1315.39
2016.06.27	1317.76	1335.46	1317.46	1324.29
2016.06.28	1324.44	1326.21	1305.5	1311.76
2016.06.29	1312.1	1327.91	1310.16	1318.9
2016.06.30	1317.5	1324.27	1312.87	1322.22
2016.07.01	1321.48	1344.61	1320.51	1340.98
2016.07.04	1342.33	1357.5	1336.06	1350.8
2016.07.05	1348.71	1357.72	1338.11	1352.73
2016.07.06	1355.13	1375.23	1355.09	1360.33
2016.07.07	1363.16	1370.82	1350.85	1359.2
2016.07.08	1359.28	1370.46	1335.34	1366.27
2016.07.11	1367.49	1375.17	1350.78	1353.95
2016.07.12	1355.26	1357.77	1330.13	1330.13
2016.07.13	1332.99	1345.39	1327.57	1342.66
2016.07.14	1343.81	1347.22	1320.22	1335.1
2016.07.15	1335.79	1338.88	1322.57	1337.5
2016.07.18	1331.92	1335.62	1323.44	1328.78
2016.07.19	1328.42	1335.15	1325.62	1331.93
2016.07.20	1331.57	1338.47	1312.63	1315.8
2016.07.21	1316.19	1333.98	1310.87	1329.31
2016.07.22	1330.84	1333.84	1319.72	1322.05
2016.07.25	1322.69	1323.84	1312.37	1313.86
2016.07.26	1315.2	1324.57	1313.83	1318.83
2016.07.27	1319.7	1342.45	1315.77	1338.86
2016.07.28	1339.41	1345.66	1332.52	1334.15
2016.07.29	1335.28	1355.06	1328.38	1351.07
2016.08.01	1349.83	1354.91	1346.29	1351.42
2016.08.02	1353.31	1367.32	1347.13	1362.08
2016.08.03	1363.06	1366.51	1354.18	1356.59
2016.08.04	1358.05	1365.09	1349.14	1359.33
2016.08.05	1360.41	1364.81	1334.52	1336.1
2016.08.08	1334.81	1338.31	1329.88	1333.65
2016.08.09	1334.7	1342.65	1330.54	1339.2
2016.08.10	1340.52	1357.29	1339.63	1344.46
2016.08.11	1346.67	1353.38	1335.75	1337.33
2016.08.12	1338.55	1356.42	1333.3	1336.33
2016.08.15	1338.09	1343.86	1335.73	1338.39
2016.08.16	1339.55	1358.07	1339.46	1344.79
2016.08.17	1345.55	1351.72	1335.87	1347.51
2016.08.18	1348.8	1356.14	1346.09	1350.68
2016.08.19	1352.8	1352.89	1337.8	1341.54
2016.08.22	1340.85	1341.31	1331.73	1338.34
2016.08.23	1339.38	1344.79	1335.32	1336.03
2016.08.24	1337.34	1340.17	1323.6	1323.6
2016.08.25	1324.02	1327.08	1318.06	1320.43
2016.08.26	1321.84	1342.34	1318.41	1321.26
2016.08.29	1320.72	1325.32	1315.0	1322.02
2016.08.30	1323.39	1325.54	1308.1	1308.18
2016.08.31	1311.83	1316.21	1304.27	1307.6
2016.09.01	1308.72	1315.16	1302.45	1312.54
2016.09.02	1314.19	1330.13	1299.63	1324.46
2016.09.05	1324.41	1328.65	1321.8	1326.78
2016.09.06	1325.36	1352.68	1324.91	1349.76
2016.09.07	1348.77	1352.64	1342.78	1343.71
2016.09.08	1345.01	1349.42	1335.69	1336.74
2016.09.09	1338.05	1339.59	1327.65	1328.19
2016.09.12	1327.98	1330.3	1320.45	1327.58
2016.09.13	1327.79	1332.03	1315.69	1318.47
2016.09.14	1319.31	1326.03	1313.55	1322.55
2016.09.15	1322.28	1328.36	1309.25	1314.18
2016.09.16	1314.16	1318.09	1306.28	1309.73
2016.09.19	1309.87	1318.47	1309.48	1313.32
2016.09.20	1313.31	1317.98	1312.06	1314.8
2016.09.21	1314.73	1337.0	1307.86	1335.3
2016.09.22	1334.97	1343.73	1331.24	1336.88
2016.09.23	1336.97	1340.63	1333.83	1337.72
2016.09.26	1336.93	1342.16	1332.75	1337.69
2016.09.27	1337.95	1339.54	1324.69	1327.01
2016.09.28	1326.84	1327.58	1318.04	1321.86
2016.09.29	1321.62	1325.84	1316.05	1320.61
2016.09.30	1320.33	1328.12	1313.27	1316.06
2016.10.03	1318.39	1319.65	1309.36	1311.81
2016.10.04	1311.87	1313.1	1266.97	1267.96
2016.10.05	1268.56	1277.19	1262.17	1266.52
2016.10.06	1267.18	1269.46	1249.96	1254.65
2016.10.07	1255.14	1265.45	1241.39	1256.2
2016.10.10	1256.99	1264.94	1256.63	1259.55
2016.10.11	1259.53	1262.23	1252.54	1252.57
2016.10.12	1253.03	1258.96	1249.78	1255.12
2016.10.13	1255.64	1262.34	1253.16	1257.85
2016.10.14	1258.15	1259.53	1246.08	1250.6
2016.10.17	1251.67	1257.25	1250.26	1255.44
2016.10.18	1255.21	1264.75	1255.07	1262.47
2016.10.19	1262.51	1273.41	1260.34	1269.24
2016.10.20	1269.66	1274.58	1264.82	1265.85
2016.10.21	1265.91	1268.06	1261.17	1266.59
2016.10.24	1265.9	1271.95	1260.19	1264.29
2016.10.25	1265.04	1276.74	1262.13	1273.67
2016.10.26	1273.29	1276.52	1264.71	1266.87
2016.10.27	1266.92	1272.79	1265.14	1268.34
2016.10.28	1268.37	1284.3	1261.88	1276.11
2016.10.31	1277.46	1279.55	1271.2	1277.02
2016.11.01	1277.29	1291.93	1275.58	1287.96
2016.11.02	1288.11	1308.02	1287.36	1296.13
2016.11.03	1303.37	1306.81	1285.68	1302.32
2016.11.04	1303.66	1307.21	1294.78	1304.29
2016.11.07	1293.21	1295.9	1278.2	1281.62
2016.11.08	1281.96	1290.7	1272.89	1275.84
2016.11.09	1275.78	1337.39	1268.09	1277.37
2016.11.10	1277.82	1292.29	1252.33	1258.98
2016.11.11	1259.07	1265.47	1219.12	1227.44
2016.11.14	1227.57	1231.28	1211.58	1220.19
2016.11.15	1221.77	1231.55	1218.91	1228.54
2016.11.16	1227.17	1233.09	1221.51	1224.74
2016.11.17	1225.05	1231.48	1211.01	1216.07
2016.11.18	1216.27	1217.78	1202.92	1208.04
2016.11.21	1207.98	1217.61	1205.61	1214.05
2016.11.22	1213.69	1221.07	1206.15	1212.17
2016.11.23	1212.58	1215.1	1181.73	1187.39
2016.11.24	1187.31	1190.89	1180.37	1184.19
2016.11.25	1185.72	1193.27	1170.9	1183.93
2016.11.28	1185.07	1197.74	1182.77	1193.05
2016.11.29	1194.13	1195.18	1181.1	1188.28
2016.11.30	1188.45	1195.0	1170.73	1173.08
2016.12.01	1173.61	1176.75	1160.71	1171.46
2016.12.02	1172.5	1178.13	1166.79	1176.91
2016.12.05	1177.42	1188.11	1157.04	1169.8
2016.12.06	1170.6	1175.35	1166.75	1169.6
2016.12.07	1169.5	1180.3	1165.6	1173.96
2016.12.08	1174.39	1178.69	1169.22	1170.53
2016.12.09	1170.59	1172.03	1156.32	1159.71
2016.12.12	1159.95	1165.92	1151.27	1162.21
2016.12.13	1162.69	1165.04	1154.64	1158.11
2016.12.14	1157.82	1165.37	1139.06	1143.18
2016.12.15	1141.62	1144.45	1122.55	1128.0
2016.12.16	1128.94	1141.35	1126.69	1134.82
2016.12.19	1134.05	1142.38	1133.79	1138.6
2016.12.20	1137.99	1139.73	1125.78	1132.25
2016.12.21	1132.55	1137.17	1129.41	1131.22
2016.12.22	1131.61	1134.11	1127.77	1128.15
2016.12.23	1128.6	1135.83	1128.19	1133.8
2016.12.27	1133.94	1150.81	1131.7	1138.68
2016.12.28	1138.3	1144.51	1136.55	1141.29
2016.12.29	1142.35	1159.53	1141.73	1157.74
2016.12.30	1158.39	1163.22	1149.68	1152.59
2017.01.02	1151.76	1152.06	1151.76	1152.06
2017.01.03	1150.46	1164.52	1146.09	1158.67
2017.01.04	1158.63	1167.95	1156.19	1163.12
2017.01.05	1163.88	1185.12	1162.95	1180.13
2017.01.06	1180.39	1183.06	1170.96	1172.0
2017.01.09	1172.71	1186.16	1172.01	1180.46
2017.01.10	1180.93	1190.69	1180.2	1187.51
2017.01.11	1187.89	1198.31	1177.2	1191.5
2017.01.12	1190.99	1206.99	1190.77	1195.32
2017.01.13	1194.93	1201.05	1187.94	1197.28
2017.01.16	1199.61	1208.63	1198.2	1202.64
2017.01.17	1203.18	1218.9	1202.7	1216.9
2017.01.18	1207.91	1217.79	1202.42	1203.91
2017.01.19	1203.39	1206.52	1195.88	1204.58
2017.01.20	1204.96	1214.98	1198.64	1209.03
2017.01.23	1209.61	1219.5	1209.27	1218.04
2017.01.24	1218.38	1220.13	1206.6	1208.93
2017.01.25	1209.02	1212.25	1193.29	1200.03
2017.01.26	1201.2	1202.71	1184.48	1188.56
2017.01.27	1189.17	1191.67	1180.62	1191.06
2017.01.30	1192.65	1199.46	1188.31	1195.31
2017.01.31	1195.74	1215.37	1193.76	1210.55
2017.02.01	1210.55	1213.27	1198.2	1209.61
2017.02.02	1209.29	1225.36	1208.43	1215.75
2017.02.03	1215.73	1221.44	1207.0	1220.28
2017.02.06	1220.06	1235.75	1219.2	1235.31
2017.02.07	1235.0	1235.84	1227.77	1233.57
2017.02.08	1233.9	1244.77	1230.06	1241.47
2017.02.09	1240.96	1244.55	1225.39	1228.57
2017.02.10	1228.27	1237.21	1221.68	1233.32
2017.02.13	1232.63	1232.89	1219.38	1225.33
2017.02.14	1225.38	1234.61	1221.91	1228.46
2017.02.15	1227.52	1233.45	1216.69	1233.27
2017.02.16	1233.26	1242.46	1232.11	1239.37
2017.02.17	1239.15	1243.84	1234.48	1234.8
2017.02.20	1235.16	1239.06	1232.81	1237.44
2017.02.21	1237.74	1238.9	1226.16	1235.72
2017.02.22	1236.08	1240.67	1231.21	1237.25
2017.02.23	1237.54	1251.13	1235.8	1249.22
2017.02.24	1249.37	1260.19	1247.76	1256.83
2017.02.27	1257.77	1263.95	1250.97	1252.75
2017.02.28	1251.81	1258.44	1247.64	1248.2
2017.03.01	1248.04	1250.64	1236.91	1249.48
2017.03.02	1249.41	1250.05	1230.96	1233.97
2017.03.03	1234.3	1236.32	1222.86	1234.45
2017.03.06	1233.52	1236.87	1224.9	1225.29
2017.03.07	1225.62	1227.23	1214.18	1215.61
2017.03.08	1215.51	1218.61	1206.67	1208.06
2017.03.09	1208.04	1209.06	1199.22	1201.0
2017.03.10	1200.53	1206.38	1195.0	1204.53
2017.03.13	1205.31	1211.23	1202.42	1204.09
2017.03.14	1203.44	1207.72	1197.27	1198.56
2017.03.15	1198.79	1222.06	1197.66	1219.45
2017.03.16	1218.81	1233.73	1218.08	1226.25
2017.03.17	1226.41	1231.71	1224.47	1229.26
2017.03.20	1229.26	1235.56	1229.22	1234.15
2017.03.21	1234.23	1247.59	1226.89	1244.42
2017.03.22	1244.33	1251.35	1243.98	1248.81
2017.03.23	1253.16	1253.28	1242.79	1245.06
2017.03.24	1244.9	1251.92	1240.99	1245.16
2017.03.27	1248.15	1261.11	1246.85	1254.35
2017.03.28	1253.82	1258.48	1247.71	1251.73
2017.03.29	1251.16	1254.74	1247.34	1253.09
2017.03.30	1253.43	1253.86	1242.38	1243.06
2017.03.31	1243.41	1250.71	1239.69	1248.98
2017.04.03	1248.81	1253.79	1244.51	1253.39
2017.04.04	1254.92	1261.32	1253.71	1255.93
2017.04.05	1256.15	1257.39	1243.78	1255.49
2017.04.06	1256.4	1258.98	1249.77	1251.46
2017.04.07	1251.9	1271.06	1250.61	1254.09
2017.04.10	1254.15	1257.14	1247.11	1254.32
2017.04.11	1255.34	1275.18	1253.08	1274.36
2017.04.12	1274.13	1286.79	1271.92	1286.26
2017.04.13	1285.93	1288.63	1281.86	1287.25
2017.04.17	1292.44	1295.56	1281.38	1284.43
2017.04.18	1284.86	1292.37	1278.95	1289.12
2017.04.19	1289.72	1290.77	1274.03	1279.62
2017.04.20	1279.71	1283.48	1276.6	1281.57
2017.04.21	1281.81	1288.31	1278.51	1284.28
2017.04.24	1268.92	1277.42	1265.36	1275.46
2017.04.25	1276.8	1278.18	1261.63	1263.74
2017.04.26	1263.64	1270.71	1260.03	1268.95
2017.04.27	1269.02	1269.66	1261.24	1264.31
2017.04.28	1264.33	1268.62	1263.07	1268.24
2017.05.01	1268.47	1271.23	1254.2	1256.53
2017.05.02	1256.41	1257.8	1252.0	1256.76
2017.05.03	1256.69	1256.98	1235.9	1238.02
2017.05.04	1238.87	1241.31	1225.76	1227.75
2017.05.05	1228.69	1235.65	1226.11	1227.82
2017.05.08	1225.25	1236.56	1224.84	1225.98
2017.05.09	1226.27	1228.64	1214.29	1221.04
2017.05.10	1221.9	1225.68	1217.61	1218.97
2017.05.11	1219.06	1227.76	1216.97	1224.89
2017.05.12	1225.2	1231.77	1224.46	1228.31
2017.05.15	1229.88	1237.36	1226.97	1230.35
2017.05.16	1231.35	1239.15	1230.33	1236.9
2017.05.17	1237.14	1261.32	1236.5	1261.16
2017.05.18	1261.12	1265.07	1246.02	1247.13
2017.05.19	1246.53	1256.46	1246.3	1255.36
2017.05.22	1256.09	1262.62	1251.8	1260.35
2017.05.23	1260.21	1263.82	1250.71	1251.13
2017.05.24	1251.44	1258.98	1247.94	1258.58
2017.05.25	1258.06	1259.68	1253.85	1255.6
2017.05.26	1255.5	1269.5	1253.13	1266.98
2017.05.29	1266.78	1269.13	1265.01	1266.94
2017.05.30	1266.6	1270.52	1259.37	1262.88
2017.05.31	1263.22	1274.14	1259.61	1268.79
2017.06.01	1268.86	1270.35	1261.53	1265.83
2017.06.02	1265.82	1279.49	1259.08	1278.83
2017.06.05	1278.77	1283.48	1277.8	1279.5
2017.06.06	1279.7	1296.16	1279.61	1294.05
2017.06.07	1294.67	1294.78	1282.64	1286.77
2017.06.08	1286.87	1288.96	1271.33	1277.83
2017.06.09	1280.17	1280.98	1264.66	1266.65
2017.06.12	1266.8	1270.31	1263.64	1265.74
2017.06.13	1265.5	1268.98	1259.3	1266.47
2017.06.14	1266.6	1281.03	1257.2	1261.05
2017.06.15	1260.23	1266.74	1251.49	1253.86
2017.06.16	1254.27	1257.25	1251.87	1253.4
2017.06.19	1253.87	1255.71	1243.03	1243.65
2017.06.20	1243.68	1248.13	1241.33	1243.12
2017.06.21	1243.06	1247.86	1240.83	1246.52
2017.06.22	1246.19	1254.87	1246.1	1250.42
2017.06.23	1250.51	1258.9	1249.85	1256.81
2017.06.26	1257.78	1258.12	1235.96	1244.49
2017.06.27	1244.53	1253.15	1241.38	1247.09
2017.06.28	1246.89	1254.93	1246.69	1249.03
2017.06.29	1249.18	1253.29	1239.79	1245.23
2017.06.30	1245.4	1248.29	1239.22	1241.31
2017.07.03	1241.74	1242.75	1218.51	1220.18
2017.07.04	1221.76	1228.63	1208.84	1221.19
2017.07.05	1223.63	1228.87	1217.43	1226.8
2017.07.06	1226.82	1229.2	1222.52	1225.05
2017.07.07	1224.92	1228.46	1207.32	1213.02
2017.07.10	1213.3	1215.66	1204.83	1214.16
2017.07.11	1214.41	1217.46	1208.21	1217.29
2017.07.12	1216.66	1225.8	1213.48	1220.35
2017.07.13	1219.8	1224.46	1216.54	1217.41
2017.07.14	1217.64	1232.98	1214.79	1228.8
2017.07.17	1228.79	1236.07	1228.22	1233.96
2017.07.18	1233.66	1244.59	1232.83	1242.38
2017.07.19	1242.89	1244.07	1235.83	1241.16
2017.07.20	1241.04	1247.58	1235.29	1244.5
2017.07.21	1244.44	1255.78	1243.39	1254.84
2017.07.24	1255.08	1258.85	1251.94	1255.19
2017.07.25	1255.06	1257.78	1249.12	1249.87
2017.07.26	1250.14	1263.56	1243.76	1260.82
2017.07.27	1260.4	1265.35	1254.48	1258.93
2017.07.28	1259.0	1270.92	1257.38	1269.3
2017.07.31	1270.11	1271.13	1265.79	1269.41
2017.08.01	1269.27	1274.2	1262.55	1268.83
2017.08.02	1268.78	1272.83	1262.88	1266.56
2017.08.03	1266.41	1270.87	1256.66	1268.47
2017.08.04	1268.87	1270.18	1254.22	1258.93
2017.08.07	1258.84	1259.94	1255.79	1257.75
2017.08.08	1257.2	1265.25	1251.5	1260.84
2017.08.09	1261.6	1278.74	1260.79	1277.25
2017.08.10	1277.47	1287.86	1274.66	1286.32
2017.08.11	1287.05	1292.14	1281.26	1289.29
2017.08.14	1289.4	1289.89	1278.64	1281.74
2017.08.15	1281.72	1282.01	1267.33	1271.34
2017.08.16	1271.69	1283.94	1267.79	1283.06
2017.08.17	1283.69	1290.19	1281.68	1287.92
2017.08.18	1288.88	1300.9	1283.5	1284.7
2017.08.21	1283.89	1293.89	1280.6	1291.91
2017.08.22	1290.84	1292.59	1282.06	1284.97
2017.08.23	1284.97	1291.46	1282.79	1290.68
2017.08.24	1290.68	1291.22	1284.52	1286.28
2017.08.25	1286.13	1294.64	1275.74	1291.18
2017.08.28	1292.68	1312.15	1291.87	1309.86
2017.08.29	1317.92	1326.04	1305.0	1309.52
2017.08.30	1309.73	1313.78	1305.14	1308.72
2017.08.31	1308.94	1323.7	1298.21	1321.35
2017.09.01	1321.72	1328.87	1316.38	1325.1
2017.09.04	1334.84	1339.86	1331.82	1334.0
2017.09.05	1333.93	1344.41	1326.2	1339.67
2017.09.06	1339.62	1342.48	1331.6	1334.08
2017.09.07	1334.38	1349.91	1332.6	1349.02
2017.09.08	1348.86	1357.54	1342.81	1346.54
2017.09.11	1334.56	1340.07	1326.41	1327.53
2017.09.12	1328.01	1332.16	1322.65	1331.9
2017.09.13	1333.71	1334.67	1320.87	1323.12
2017.09.14	1323.6	1330.72	1315.7	1329.45
2017.09.15	1329.11	1334.4	1319.71	1320.21
2017.09.18	1319.6	1319.7	1304.65	1307.49
2017.09.19	1307.56	1311.72	1305.19	1311.12
2017.09.20	1311.01	1316.07	1296.05	1301.16
2017.09.21	1301.02	1301.82	1288.15	1291.34
2017.09.22	1291.65	1298.73	1291.31	1297.04
2017.09.25	1297.57	1312.14	1289.32	1310.59
2017.09.26	1309.99	1313.68	1292.04	1293.71
2017.09.27	1293.62	1296.26	1281.47	1282.8
2017.09.28	1283.3	1288.84	1277.74	1287.39
2017.09.29	1286.82	1290.37	1275.9	1279.18
2017.10.02	1280.01	1280.02	1269.55	1270.82
2017.10.03	1270.9	1274.76	1268.34	1271.81
2017.10.04	1271.7	1282.27	1270.57	1274.67
2017.10.05	1275.39	1279.03	1266.47	1268.12
2017.10.06	1268.77	1276.53	1260.64	1276.4
2017.10.09	1275.58	1285.53	1275.3	1283.96
2017.10.10	1283.95	1294.25	1282.14	1287.74
2017.10.11	1287.97	1293.57	1284.59	1291.72
2017.10.12	1291.88	1297.53	1289.68	1293.5
2017.10.13	1293.67	1303.78	1291.01	1303.48
2017.10.16	1303.47	1306.08	1290.41	1295.1
2017.10.17	1295.75	1296.3	1281.38	1285.15
2017.10.18	1284.96	1288.91	1277.0	1280.88
2017.10.19	1281.09	1290.49	1276.66	1289.69
2017.10.20	1289.83	1291.11	1277.94	1280.37
2017.10.23	1277.98	1283.33	1272.58	1281.98
2017.10.24	1281.96	1283.68	1273.76	1276.66
2017.10.25	1276.76	1280.08	1271.02	1277.45
2017.10.26	1277.69	1282.56	1265.74	1267.06
2017.10.27	1267.82	1274.06	1263.71	1273.88
2017.10.30	1272.3	1278.85	1268.96	1276.29
2017.10.31	1276.4	1278.18	1267.71	1270.96
2017.11.01	1270.83	1280.92	1268.0	1274.56
2017.11.02	1274.59	1284.18	1273.3	1275.9
2017.11.03	1276.18	1280.5	1265.46	1269.81
2017.11.06	1270.69	1282.97	1266.06	1281.75
2017.11.07	1281.6	1281.77	1271.91	1275.19
2017.11.08	1276.34	1287.27	1275.96	1281.37
2017.11.09	1281.84	1288.56	1279.97	1284.99
2017.11.10	1285.02	1287.12	1273.47	1275.71
2017.11.13	1275.11	1279.85	1274.32	1278.23
2017.11.14	1278.09	1283.63	1269.99	1280.14
2017.11.15	1280.13	1289.65	1276.74	1278.16
2017.11.16	1278.11	1281.81	1275.16	1278.56
2017.11.17	1278.38	1296.97	1278.27	1294.15
2017.11.20	1292.59	1294.84	1274.54	1276.8
2017.11.21	1277.23	1284.77	1276.28	1280.36
2017.11.22	1280.89	1294.7	1279.06	1292.04
2017.11.23	1291.7	1293.61	1286.98	1291.09
2017.11.24	1291.35	1293.29	1285.66	1288.34
2017.11.27	1288.34	1299.24	1286.79	1294.36
2017.11.28	1294.49	1297.47	1290.69	1293.61
2017.11.29	1293.54	1296.7	1282.06	1283.55
2017.11.30	1283.92	1285.38	1270.35	1274.87
2017.12.01	1274.85	1289.33	1271.66	1280.28
2017.12.04	1272.85	1277.2	1271.06	1276.04
2017.12.05	1276.44	1277.07	1260.98	1265.81
2017.12.06	1265.99	1269.28	1262.57	1263.3
2017.12.07	1263.8	1264.52	1243.94	1247.03
2017.12.08	1247.48	1252.4	1243.92	1248.45
2017.12.11	1247.93	1251.56	1240.72	1242.1
2017.12.12	1241.85	1246.26	1236.52	1244.39
2017.12.13	1244.08	1257.13	1240.29	1255.62
2017.12.14	1255.08	1259.12	1250.52	1252.65
2017.12.15	1252.87	1261.87	1252.82	1255.05
2017.12.18	1254.42	1264.0	1252.78	1262.01
2017.12.19	1261.61	1265.32	1259.28	1261.56
2017.12.20	1261.68	1267.9	1261.4	1265.4
2017.12.21	1265.77	1268.99	1262.81	1266.58
2017.12.22	1266.6	1276.28	1265.01	1274.83
2017.12.26	1274.3	1283.82	1273.36	1282.84
2017.12.27	1282.94	1289.02	1281.33	1287.15
2017.12.28	1287.15	1295.24	1287.0	1294.89
2017.12.29	1294.42	1307.59	1293.88	1302.7
2018.01.02	1302.47	1318.94	1302.4	1317.38
2018.01.03	1317.52	1321.52	1307.46	1313.1
2018.01.04	1312.98	1326.1	1305.9	1322.7
2018.01.05	1322.84	1323.45	1313.69	1319.3
2018.01.08	1320.77	1322.17	1314.82	1320.4
2018.01.09	1320.3	1320.38	1308.84	1312.77
2018.01.10	1311.72	1327.76	1308.22	1316.62
2018.01.11	1316.31	1323.98	1315.72	1322.35
2018.01.12	1322.06	1339.4	1321.58	1337.61
2018.01.15	1336.48	1344.77	1335.88	1339.86
2018.01.16	1339.8	1342.31	1331.92	1338.39
2018.01.17	1338.78	1344.0	1325.75	1326.1
2018.01.18	1327.19	1333.18	1324.21	1326.8
2018.01.19	1326.53	1338.09	1326.31	1331.67
2018.01.22	1335.05	1335.69	1328.47	1333.93
2018.01.23	1333.26	1341.84	1331.38	1341.34
2018.01.24	1341.23	1362.15	1339.52	1358.4
2018.01.25	1357.71	1366.08	1342.38	1348.27
2018.01.26	1347.03	1357.15	1344.62	1349.86
2018.01.29	1350.02	1352.44	1337.62	1340.32
2018.01.30	1341.04	1348.97	1334.47	1338.52
2018.01.31	1338.43	1347.61	1332.71	1345.04
2018.02.01	1344.46	1351.11	1337.28	1348.79
2018.02.02	1348.39	1350.08	1327.48	1332.95
2018.02.05	1332.23	1341.63	1329.02	1339.53
2018.02.06	1338.33	1346.12	1320.24	1324.34
2018.02.07	1324.59	1332.33	1311.45	1318.42
2018.02.08	1318.09	1322.2	1307.08	1318.83
2018.02.09	1319.16	1322.75	1311.16	1315.98
2018.02.12	1314.32	1326.9	1314.18	1322.52
2018.02.13	1322.73	1331.08	1321.63	1329.37
2018.02.14	1328.51	1355.58	1317.31	1350.42
2018.02.15	1349.7	1357.2	1348.59	1353.26
2018.02.16	1352.47	1361.75	1344.78	1347.11
2018.02.19	1346.27	1351.42	1345.82	1346.68
2018.02.20	1346.25	1348.24	1328.48	1329.46
2018.02.21	1328.58	1336.25	1322.44	1324.48
2018.02.22	1323.65	1332.12	1320.97	1332.01
2018.02.23	1331.07	1332.19	1325.83	1328.64
2018.02.26	1328.2	1341.08	1326.71	1333.3
2018.02.27	1332.55	1336.77	1313.44	1318.48
2018.02.28	1317.45	1322.58	1315.65	1318.15
2018.03.01	1318.0	1321.12	1302.79	1317.15
2018.03.02	1316.02	1325.48	1315.23	1322.41
2018.03.05	1321.5	1327.82	1317.56	1320.32
2018.03.06	1319.39	1338.5	1319.39	1334.28
2018.03.07	1334.02	1340.53	1322.24	1325.54
2018.03.08	1325.23	1329.07	1319.05	1321.92
2018.03.09	1321.7	1325.2	1312.86	1323.48
2018.03.12	1324.1	1324.3	1315.09	1323.05
2018.03.13	1322.85	1328.34	1313.88	1326.39
2018.03.14	1326.05	1330.06	1321.49	1324.95
2018.03.15	1324.72	1327.94	1314.96	1316.13
2018.03.16	1316.47	1321.77	1309.69	1313.59
2018.03.19	1313.82	1319.68	1307.79	1316.89
2018.03.20	1317.09	1318.29	1307.21	1311.03
2018.03.21	1310.45	1336.68	1309.84	1332.05
2018.03.22	1332.01	1334.93	1324.81	1328.93
2018.03.23	1329.07	1350.29	1329.02	1347.58
2018.03.26	1347.88	1355.95	1343.49	1353.52
2018.03.27	1353.6	1356.91	1339.88	1344.7
2018.03.28	1345.12	1347.04	1323.45	1324.87
2018.03.29	1324.88	1328.36	1321.23	1325.17
2018.03.30	1324.96	1324.96	1324.96	1324.96
2018.04.02	1326.22	1345.0	1324.87	1341.31
2018.04.03	1341.26	1342.54	1328.94	1332.79
2018.04.04	1332.48	1348.26	1331.53	1333.23
2018.04.05	1332.81	1334.94	1322.75	1326.57
2018.04.06	1327.17	1335.52	1320.24	1332.82
2018.04.09	1333.72	1337.98	1326.82	1335.96
2018.04.10	1336.09	1342.61	1331.07	1339.29
2018.04.11	1339.29	1365.29	1338.51	1353.22
2018.04.12	1352.79	1353.23	1333.83	1335.02
2018.04.13	1335.7	1347.23	1333.21	1345.15
2018.04.16	1343.59	1350.54	1340.2	1345.84
2018.04.17	1345.84	1349.42	1337.69	1347.22
2018.04.18	1347.37	1355.74	1342.3	1349.32
2018.04.19	1349.45	1354.74	1340.96	1345.52
2018.04.20	1345.65	1346.25	1334.95	1335.56
2018.04.23	1334.91	1335.52	1322.13	1324.75
2018.04.24	1324.9	1332.71	1322.07	1330.41
2018.04.25	1330.28	1332.09	1318.83	1323.31
2018.04.26	1322.27	1326.63	1315.31	1316.94
2018.04.27	1317.3	1325.32	1315.26	1323.04
2018.04.30	1322.15	1324.96	1310.25	1315.29
2018.05.01	1315.67	1316.41	1301.75	1303.98
2018.05.02	1304.53	1313.52	1303.93	1304.76
2018.05.03	1305.26	1318.12	1305.21	1312.19
2018.05.04	1312.17	1315.54	1307.97	1314.73
2018.05.07	1314.84	1318.99	1310.26	1314.17
2018.05.08	1314.1	1317.84	1306.11	1314.38
2018.05.09	1314.4	1317.46	1304.32	1312.72
2018.05.10	1312.61	1322.93	1310.79	1321.3
2018.05.11	1321.44	1326.0	1317.21	1318.09
2018.05.14	1318.2	1322.35	1313.02	1313.37
2018.05.15	1313.69	1314.9	1288.68	1290.58
2018.05.16	1290.49	1296.93	1286.41	1290.76
2018.05.17	1290.95	1294.41	1285.11	1290.86
2018.05.18	1290.51	1294.25	1286.09	1292.65
2018.05.21	1291.05	1293.21	1282.12	1292.68
2018.05.22	1292.95	1296.27	1287.96	1291.34
2018.05.23	1291.13	1298.59	1287.92	1293.41
2018.05.24	1294.03	1306.66	1292.75	1304.78
2018.05.25	1304.1	1307.89	1299.9	1300.8
2018.05.28	1299.65	1300.38	1295.5	1298.09
2018.05.29	1297.62	1306.63	1292.43	1298.92
2018.05.30	1299.22	1304.46	1295.9	1301.32
2018.05.31	1301.84	1306.48	1297.21	1298.24
2018.06.01	1299.22	1300.62	1289.37	1293.48
2018.06.04	1293.42	1298.16	1290.15	1292.0
2018.06.05	1292.21	1300.57	1289.83	1296.43
2018.06.06	1296.62	1301.84	1293.81	1296.52
2018.06.07	1296.72	1303.25	1294.86	1297.1
2018.06.08	1296.93	1300.59	1293.19	1298.72
2018.06.11	1299.59	1302.28	1294.13	1300.25
2018.06.12	1300.35	1300.41	1293.26	1295.78
2018.06.13	1295.85	1301.28	1291.86	1299.52
2018.06.14	1299.66	1309.35	1297.58	1302.11
2018.06.15	1302.13	1303.14	1275.36	1280.3
2018.06.18	1278.56	1282.45	1277.05	1278.27
2018.06.19	1278.59	1284.09	1270.41	1274.57
2018.06.20	1275.06	1276.46	1267.67	1267.95
2018.06.21	1268.27	1270.13	1261.33	1267.1
2018.06.22	1267.4	1271.12	1266.73	1269.32
2018.06.25	1269.95	1272.61	1264.48	1265.46
2018.06.26	1266.03	1267.69	1254.79	1258.83
2018.06.27	1258.63	1260.12	1250.75	1252.04
2018.06.28	1252.19	1254.31	1245.96	1248.18
2018.06.29	1248.12	1255.65	1246.1	1252.91
2018.07.02	1252.51	1254.21	1239.7	1241.9
2018.07.03	1241.94	1256.91	1237.95	1252.77
2018.07.04	1252.17	1261.14	1252.04	1256.54
2018.07.05	1256.86	1259.8	1251.3	1257.63
2018.07.06	1257.33	1259.0	1252.83	1254.67
2018.07.09	1255.04	1265.96	1254.76	1257.65
2018.07.10	1257.69	1260.35	1247.37	1255.5
2018.07.11	1255.56	1256.93	1241.57	1242.07
2018.07.12	1242.37	1248.57	1241.31	1247.09
2018.07.13	1246.96	1248.16	1236.36	1241.26
2018.07.16	1241.27	1245.61	1238.34	1240.92
2018.07.17	1240.39	1245.02	1226.1	1227.61
2018.07.18	1227.55	1229.16	1221.07	1227.5
2018.07.19	1227.08	1229.34	1211.37	1222.72
2018.07.20	1223.87	1232.32	1215.69	1231.63
2018.07.23	1231.28	1235.18	1222.27	1224.53
2018.07.24	1224.65	1229.54	1218.17	1224.42
2018.07.25	1224.63	1234.26	1223.28	1231.48
2018.07.26	1231.35	1235.25	1222.37	1222.57
2018.07.27	1223.18	1227.37	1217.58	1222.98
2018.07.30	1223.05	1225.1	1219.03	1221.51
2018.07.31	1221.52	1228.58	1214.0	1223.72
2018.08.01	1224.17	1224.85	1215.81	1215.95
2018.08.02	1216.23	1221.22	1207.08	1207.78
2018.08.03	1208.43	1220.08	1204.45	1213.3
2018.08.06	1213.84	1217.91	1206.27	1207.36
2018.08.07	1207.74	1216.17	1207.74	1210.96
2018.08.08	1211.14	1215.91	1206.19	1213.72
2018.08.09	1213.69	1217.31	1210.79	1212.31
2018.08.10	1212.42	1217.13	1205.79	1211.52
2018.08.13	1211.53	1213.86	1191.65	1193.54
2018.08.14	1193.87	1198.73	1192.03	1193.97
2018.08.15	1193.99	1194.72	1173.12	1174.68
2018.08.16	1175.37	1182.12	1160.15	1174.06
2018.08.17	1173.61	1185.05	1171.89	1184.31
2018.08.20	1183.71	1190.88	1182.82	1190.49
2018.08.21	1190.42	1197.0	1187.7	1196.17
2018.08.22	1196.27	1201.63	1192.56	1195.45
2018.08.23	1195.89	1196.63	1183.87	1185.2
2018.08.24	1185.66	1208.67	1183.15	1206.02
2018.08.27	1207.32	1212.44	1203.13	1211.28
2018.08.28	1211.38	1214.32	1199.64	1201.06
2018.08.29	1201.22	1207.31	1200.91	1206.55
2018.08.30	1206.54	1207.9	1196.28	1199.82
2018.08.31	1200.6	1208.88	1198.28	1200.94
2018.09.03	1200.54	1203.95	1195.69	1201.27
2018.09.04	1201.23	1202.04	1189.62	1191.41
2018.09.05	1191.46	1198.43	1190.89	1196.71
2018.09.06	1197.02	1207.03	1195.69	1200.09
2018.09.07	1199.79	1203.55	1193.46	1195.94
2018.09.10	1195.62	1198.55	1191.43	1195.83
2018.09.11	1195.48	1199.46	1187.75	1198.63
2018.09.12	1198.17	1208.49	1192.71	1206.15
2018.09.13	1206.65	1212.67	1200.14	1201.41
2018.09.14	1201.74	1208.59	1192.93	1193.61
2018.09.17	1194.09	1204.84	1192.84	1201.34
2018.09.18	1201.28	1203.58	1195.89	1198.26
2018.09.19	1197.99	1206.25	1197.62	1203.92
2018.09.20	1203.81	1208.46	1201.3	1207.09
2018.09.21	1207.33	1211.1	1191.85	1199.24
2018.09.24	1198.53	1204.2	1194.44	1198.8
2018.09.25	1198.81	1203.39	1197.08	1201.14
2018.09.26	1201.13	1202.49	1190.52	1194.37
2018.09.27	1195.2	1198.63	1181.87	1182.76
2018.09.28	1183.03	1193.85	1180.77	1191.65
2018.10.01	1192.38	1192.38	1184.62	1188.74
2018.10.02	1188.6	1208.27	1188.49	1202.95
2018.10.03	1203.43	1208.33	1196.61	1197.28
2018.10.04	1197.86	1206.81	1196.02	1199.86
2018.10.05	1199.73	1205.83	1197.28	1202.92
2018.10.08	1203.31	1204.1	1182.78	1187.94
2018.10.09	1188.75	1191.98	1183.34	1189.71
2018.10.10	1189.39	1194.79	1185.34	1194.68
2018.10.11	1194.6	1226.36	1191.3	1224.19
2018.10.12	1223.35	1223.78	1215.88	1217.87
2018.10.15	1217.26	1233.3	1217.26	1226.88
2018.10.16	1227.27	1232.44	1223.35	1224.74
2018.10.17	1224.33	1229.54	1220.67	1222.23
2018.10.18	1221.89	1230.2	1218.69	1225.76
2018.10.19	1225.63	1230.82	1223.11	1226.53
2018.10.22	1226.67	1229.59	1220.09	1222.01
2018.10.23	1222.35	1239.77	1221.75	1230.12
2018.10.24	1230.69	1234.36	1225.64	1234.05
2018.10.25	1234.58	1239.22	1228.11	1232.11
2018.10.26	1232.23	1243.45	1230.08	1233.66
2018.10.29	1234.04	1235.41	1224.34	1229.34
2018.10.30	1229.66	1230.62	1219.93	1223.02
2018.10.31	1222.99	1223.32	1211.99	1214.62
2018.11.01	1215.23	1237.43	1214.71	1233.14
2018.11.02	1233.86	1236.44	1229.75	1232.9
2018.11.05	1233.67	1235.19	1226.85	1231.6
2018.11.06	1231.83	1235.95	1223.51	1226.92
2018.11.07	1227.13	1236.51	1223.01	1226.56
2018.11.08	1226.6	1227.21	1220.12	1223.49
2018.11.09	1223.08	1223.54	1206.73	1209.47
2018.11.12	1210.25	1211.5	1200.18	1200.5
2018.11.13	1200.83	1205.19	1196.28	1202.14
2018.11.14	1202.64	1216.6	1197.7	1210.78
2018.11.15	1210.86	1216.49	1207.61	1213.26
2018.11.16	1213.74	1225.34	1213.19	1221.44
2018.11.19	1222.15	1225.3	1218.03	1224.02
2018.11.20	1224.12	1228.85	1219.97	1221.58
2018.11.21	1222.11	1230.14	1219.78	1225.94
2018.11.22	1225.94	1229.12	1224.92	1227.25
2018.11.23	1227.17	1228.59	1220.33	1222.97
2018.11.26	1223.93	1228.13	1221.73	1222.29
2018.11.27	1222.44	1225.3	1211.93	1215.02
2018.11.28	1214.71	1226.71	1211.23	1220.89
2018.11.29	1220.88	1229.02	1220.59	1224.35
2018.11.30	1224.29	1225.6	1216.68	1222.09
2018.12.03	1223.01	1235.01	1221.32	1230.68
2018.12.04	1230.98	1241.97	1230.52	1238.49
2018.12.05	1239.08	1239.28	1233.33	1237.09
2018.12.06	1237.32	1244.36	1234.76	1237.81
2018.12.07	1237.65	1250.1	1237.31	1248.58
2018.12.10	1250.2	1251.02	1241.63	1244.38
2018.12.11	1244.79	1249.58	1241.06	1243.02
2018.12.12	1243.31	1247.27	1242.03	1245.59
2018.12.13	1245.87	1246.8	1240.1	1241.94
2018.12.14	1242.02	1243.05	1232.96	1238.15
2018.12.17	1236.04	1248.17	1235.82	1245.89
2018.12.18	1246.09	1250.42	1245.08	1249.45
2018.12.19	1249.78	1258.12	1241.69	1242.98
2018.12.20	1242.97	1266.53	1242.77	1259.69
2018.12.21	1260.31	1262.76	1253.95	1255.49
2018.12.24	1258.24	1270.37	1258.04	1269.0
2018.12.26	1269.34	1279.13	1264.32	1266.9
2018.12.27	1266.92	1279.01	1266.52	1275.62
2018.12.28	1275.32	1282.17	1274.29	1280.71
2018.12.31	1280.13	1284.09	1277.47	1282.45
2019.01.02	1282.1	1288.78	1278.7	1284.52
2019.01.03	1287.36	1295.0	1284.6	1294.17
2019.01.04	1293.87	1298.58	1276.67	1284.7
2019.01.07	1285.61	1295.09	1282.7	1289.23
2019.01.08	1289.02	1290.28	1279.41	1285.29
2019.01.09	1285.02	1293.96	1280.11	1292.86
2019.01.10	1293.29	1297.1	1286.15	1286.49
2019.01.11	1286.85	1295.17	1286.69	1287.61
2019.01.14	1287.81	1295.88	1287.71	1291.55
2019.01.15	1292.05	1294.76	1286.69	1289.36
2019.01.16	1289.73	1295.06	1287.9	1293.49
2019.01.17	1293.99	1295.42	1288.71	1291.99
2019.01.18	1292.28	1292.57	1280.67	1281.37
2019.01.21	1282.78	1283.58	1276.72	1280.17
2019.01.22	1280.24	1285.54	1277.46	1285.04
2019.01.23	1284.94	1286.55	1278.69	1282.68
2019.01.24	1282.81	1284.84	1276.8	1281.1
2019.01.25	1280.88	1303.92	1279.96	1302.91
2019.01.28	1302.71	1304.45	1297.64	1303.18
2019.01.29	1303.1	1312.05	1302.75	1311.53
2019.01.30	1311.78	1323.43	1309.07	1319.69
2019.01.31	1320.7	1326.3	1317.47	1321.41
2019.02.01	1321.04	1323.63	1316.17	1317.89
2019.02.04	1319.03	1319.03	1308.63	1312.11
2019.02.05	1312.08	1316.89	1310.76	1315.29
2019.02.06	1314.88	1315.82	1305.73	1306.52
2019.02.07	1306.56	1312.01	1302.84	1310.09
2019.02.08	1310.26	1315.67	1307.82	1314.18
2019.02.11	1313.76	1314.88	1303.71	1308.14
2019.02.12	1308.18	1314.78	1306.54	1310.77
2019.02.13	1311.02	1318.18	1305.08	1306.15
2019.02.14	1306.26	1314.44	1302.27	1312.42
2019.02.15	1312.64	1322.64	1311.43	1321.6
2019.02.18	1321.97	1327.67	1321.34	1326.4
2019.02.19	1326.35	1341.87	1322.89	1341.05
2019.02.20	1340.21	1346.75	1336.88	1338.48
2019.02.21	1338.99	1341.52	1320.97	1323.27
2019.02.22	1323.81	1333.13	1321.53	1327.79
2019.02.25	1328.97	1332.6	1325.16	1327.42
2019.02.26	1327.47	1330.23	1323.53	1328.94
2019.02.27	1329.11	1329.92	1316.86	1319.76
2019.02.28	1319.83	1327.31	1312.64	1313.15
2019.03.01	1313.93	1315.25	1290.23	1293.57
2019.03.04	1294.89	1297.08	1282.88	1286.64
2019.03.05	1286.69	1289.63	1281.21	1287.81
2019.03.06	1287.31	1290.97	1283.64	1286.46
2019.03.07	1286.22	1289.06	1280.83	1285.54
2019.03.08	1286.19	1300.8	1285.21	1298.37
2019.03.11	1297.74	1299.14	1290.52	1293.39
2019.03.12	1293.62	1302.26	1292.07	1301.49
2019.03.13	1301.64	1311.29	1300.65	1309.07
2019.03.14	1308.9	1310.38	1292.88	1296.14
2019.03.15	1296.29	1306.42	1294.03	1302.12
2019.03.18	1302.16	1306.76	1298.25	1303.61
2019.03.19	1303.52	1310.95	1302.37	1306.45
2019.03.20	1305.69	1317.1	1298.69	1312.53
2019.03.21	1313.05	1320.4	1303.3	1309.4
2019.03.22	1309.34	1314.99	1306.88	1313.21
2019.03.25	1313.67	1324.54	1311.06	1321.83
2019.03.26	1321.71	1323.31	1312.73	1315.59
2019.03.27	1315.9	1319.35	1308.17	1309.59
2019.03.28	1309.89	1312.36	1288.59	1290.28
2019.03.29	1290.38	1299.85	1286.78	1292.27
2019.04.01	1291.96	1297.06	1286.51	1287.69
2019.04.02	1287.4	1292.62	1285.31	1292.46
2019.04.03	1292.28	1294.64	1288.46	1289.84
2019.04.04	1290.32	1294.45	1280.94	1292.26
2019.04.05	1292.52	1293.66	1284.42	1291.62
2019.04.08	1291.89	1303.73	1291.48	1297.41
2019.04.09	1297.65	1306.22	1296.62	1304.06
2019.04.10	1304.11	1310.63	1300.98	1308.05
2019.04.11	1308.01	1309.27	1289.63	1292.62
2019.04.12	1292.97	1295.81	1290.08	1290.64
2019.04.15	1291.51	1292.07	1282.57	1287.89
2019.04.16	1287.98	1288.78	1272.99	1276.84
2019.04.17	1276.66	1279.8	1273.02	1273.99
2019.04.18	1274.25	1277.71	1271.19	1275.58
2019.04.22	1275.86	1279.86	1273.84	1274.87
2019.04.23	1275.3	1276.53	1266.32	1272.34
2019.04.24	1272.27	1278.64	1268.8	1275.6
2019.04.25	1275.95	1282.67	1273.4	1277.18
2019.04.26	1277.11	1288.72	1274.15	1286.11
2019.04.29	1286.34	1286.74	1278.1	1279.8
2019.04.30	1279.85	1286.24	1279.74	1283.45
2019.05.01	1283.63	1287.29	1272.96	1276.68
2019.05.02	1276.95	1278.03	1266.29	1270.55
2019.05.03	1270.74	1282.57	1268.38	1279.17
2019.05.06	1281.81	1285.83	1277.05	1280.39
2019.05.07	1281.62	1286.11	1278.25	1284.37
2019.05.08	1284.1	1291.52	1279.36	1280.8
2019.05.09	1280.99	1288.27	1279.65	1283.9
2019.05.10	1284.41	1289.46	1283.17	1285.79
2019.05.13	1286.85	1301.28	1282.02	1299.79
2019.05.14	1300.38	1303.35	1293.76	1296.91
2019.05.15	1297.27	1300.92	1293.06	1296.52
2019.05.16	1296.46	1298.78	1284.1	1286.61
2019.05.17	1286.73	1289.0	1274.85	1277.62
2019.05.20	1277.95	1279.04	1273.68	1277.74
2019.05.21	1277.67	1277.97	1269.54	1274.76
2019.05.22	1274.76	1277.34	1272.5	1273.35
2019.05.23	1273.77	1287.33	1272.84	1283.41
2019.05.24	1283.27	1285.28	1280.79	1284.89
2019.05.27	1285.71	1287.43	1283.8	1285.01
2019.05.28	1285.58	1286.66	1276.15	1279.38
2019.05.29	1279.5	1285.61	1279.11	1279.89
2019.05.30	1279.82	1289.25	1275.05	1288.42
2019.05.31	1288.4	1306.98	1288.03	1305.28
2019.06.03	1307.56	1328.01	1306.63	1324.75
2019.06.04	1325.1	1329.09	1320.0	1325.3
2019.06.05	1325.28	1344.14	1324.55	1330.28
2019.06.06	1331.88	1339.85	1327.29	1335.46
2019.06.07	1335.4	1348.29	1330.3	1340.37
2019.06.10	1335.35	1337.77	1325.11	1327.99
2019.06.11	1328.34	1329.91	1319.9	1326.81
2019.06.12	1327.05	1338.45	1326.04	1333.57
2019.06.13	1333.96	1343.18	1332.4	1341.98
2019.06.14	1342.32	1358.22	1337.79	1341.12
2019.06.17	1342.24	1343.6	1333.02	1339.67
2019.06.18	1340.34	1354.7	1338.7	1346.6
2019.06.19	1346.49	1362.63	1341.38	1360.32
2019.06.20	1360.32	1394.01	1357.75	1388.36
2019.06.21	1388.65	1411.91	1382.56	1398.91
2019.06.24	1402.01	1421.49	1399.83	1419.45
2019.06.25	1418.66	1439.32	1411.89	1423.29
2019.06.26	1423.65	1423.65	1401.75	1409.0
2019.06.27	1409.57	1412.15	1398.65	1409.86
2019.06.28	1409.82	1424.67	1405.71	1409.98
2019.07.01	1391.19	1397.81	1381.73	1384.25
2019.07.02	1384.28	1421.08	1383.93	1418.51
2019.07.03	1419.61	1437.8	1412.03	1418.66
2019.07.04	1420.2	1421.7	1410.27	1415.32
2019.07.05	1415.97	1424.22	1386.6	1398.38
2019.07.08	1400.8	1407.66	1391.8	1395.29
2019.07.09	1395.35	1400.11	1385.75	1397.59
2019.07.10	1397.9	1418.93	1389.95	1418.85
2019.07.11	1418.96	1427.24	1400.86	1403.74
2019.07.12	1404.13	1416.98	1403.14	1415.06
2019.07.15	1414.93	1419.79	1407.78	1413.94
2019.07.16	1414.78	1418.32	1400.84	1405.85
2019.07.17	1407.14	1426.81	1400.14	1426.2
2019.07.18	1428.42	1448.14	1414.65	1446.1
2019.07.19	1447.05	1452.98	1420.18	1425.0
2019.07.22	1426.78	1430.06	1422.23	1424.71
2019.07.23	1425.54	1430.23	1414.27	1417.52
2019.07.24	1416.78	1429.54	1416.39	1425.59
2019.07.25	1425.37	1433.87	1411.07	1414.17
2019.07.26	1414.64	1424.86	1413.3	1418.59
2019.07.29	1419.28	1428.17	1414.76	1426.86
2019.07.30	1426.48	1433.3	1422.32	1430.75
2019.07.31	1430.88	1434.46	1410.54	1412.62
2019.08.01	1411.63	1446.09	1400.52	1444.73
2019.08.02	1446.44	1448.04	1430.32	1440.53
2019.08.05	1442.52	1469.79	1436.73	1463.87
2019.08.06	1469.19	1474.93	1456.39	1474.38
2019.08.07	1473.85	1510.49	1472.25	1501.13
2019.08.08	1499.43	1509.62	1490.05	1501.12
2019.08.09	1508.76	1509.06	1494.79	1497.09
2019.08.12	1496.71	1520.15	1487.34	1511.06
2019.08.13	1510.5	1535.07	1479.81	1501.17
2019.08.14	1501.8	1524.09	1494.09	1516.38
2019.08.15	1516.63	1527.07	1507.87	1523.19
2019.08.16	1522.01	1528.04	1503.7	1512.54
2019.08.19	1510.0	1513.04	1493.22	1495.95
2019.08.20	1496.9	1508.62	1492.98	1507.31
2019.08.21	1506.32	1508.12	1496.54	1502.52
2019.08.22	1502.72	1504.63	1492.5	1498.04
2019.08.23	1498.74	1530.31	1493.57	1526.54
2019.08.26	1538.97	1555.16	1525.02	1527.31
2019.08.27	1527.65	1544.72	1525.7	1542.54
2019.08.28	1541.51	1546.89	1531.9	1539.18
2019.08.29	1538.96	1550.37	1519.63	1527.44
2019.08.30	1527.86	1533.19	1516.99	1520.82
2019.09.02	1531.59	1534.83	1519.37	1529.25
2019.09.03	1528.23	1549.76	1521.69	1547.57
2019.09.04	1546.4	1557.07	1533.89	1552.49
2019.09.05	1552.24	1553.04	1506.2	1518.99
2019.09.06	1519.05	1527.96	1502.58	1506.53
2019.09.09	1505.4	1515.54	1497.64	1498.92
2019.09.10	1498.54	1501.05	1484.49	1485.26
2019.09.11	1485.52	1498.29	1485.13	1496.79
2019.09.12	1497.97	1524.28	1489.23	1499.04
2019.09.13	1499.28	1509.08	1485.8	1488.67
2019.09.16	1503.02	1512.17	1495.91	1498.19
2019.09.17	1498.82	1507.16	1493.49	1501.34
2019.09.18	1501.17	1511.62	1483.13	1494.07
2019.09.19	1493.36	1504.52	1488.98	1498.84
2019.09.20	1498.9	1517.08	1497.97	1516.57
2019.09.23	1510.97	1526.86	1510.62	1522.05
2019.09.24	1522.07	1535.71	1515.62	1532.17
2019.09.25	1531.56	1535.16	1500.43	1503.46
2019.09.26	1504.42	1512.36	1500.22	1504.47
2019.09.27	1504.49	1507.47	1486.93	1496.83
2019.09.30	1494.94	1500.54	1464.49	1472.48
2019.10.01	1472.89	1487.29	1459.11	1479.03
2019.10.02	1479.68	1505.15	1474.59	1499.83
2019.10.03	1499.55	1519.56	1495.78	1504.94
2019.10.04	1505.44	1515.76	1495.79	1504.72
2019.10.07	1508.72	1509.43	1487.92	1493.21
2019.10.08	1493.84	1509.8	1486.88	1505.54
2019.10.09	1505.96	1512.54	1499.89	1505.6
2019.10.10	1506.13	1517.08	1491.08	1493.51
2019.10.11	1494.51	1503.25	1474.01	1488.13
2019.10.14	1487.13	1497.16	1482.85	1493.11
2019.10.15	1492.51	1498.65	1477.21	1481.04
2019.10.16	1481.4	1491.56	1477.05	1489.93
2019.10.17	1490.15	1497.36	1483.45	1491.82
2019.10.18	1492.05	1494.12	1484.93	1490.19
2019.10.21	1491.4	1495.25	1481.49	1484.42
2019.10.22	1484.91	1489.02	1480.87	1487.55
2019.10.23	1488.4	1496.32	1487.76	1491.91
2019.10.24	1491.79	1504.05	1488.0	1503.65
2019.10.25	1503.53	1517.99	1500.63	1504.33
2019.10.28	1503.76	1508.25	1490.03	1492.44
2019.10.29	1492.39	1494.8	1483.46	1487.7
2019.10.30	1488.0	1496.66	1481.16	1495.67
2019.10.31	1495.55	1514.24	1493.77	1512.57
2019.11.01	1512.87	1516.13	1503.28	1514.02
2019.11.04	1512.51	1514.84	1504.45	1509.51
2019.11.05	1509.49	1509.71	1479.33	1483.47
2019.11.06	1482.56	1494.29	1482.56	1490.45
2019.11.07	1490.17	1492.24	1460.62	1468.5
2019.11.08	1468.06	1472.99	1456.2	1458.84
2019.11.11	1459.83	1466.47	1448.2	1455.89
2019.11.12	1455.15	1460.54	1445.58	1456.18
2019.11.13	1456.19	1467.19	1456.06	1463.37
2019.11.14	1463.56	1474.66	1461.16	1471.22
2019.11.15	1471.16	1471.41	1462.42	1467.44
2019.11.18	1467.67	1474.04	1456.37	1471.23
2019.11.19	1471.29	1475.35	1464.78	1472.43
2019.11.20	1472.8	1478.83	1465.91	1471.51
2019.11.21	1474.81	1475.69	1462.4	1464.34
2019.11.22	1464.55	1473.23	1461.35	1462.06
2019.11.25	1460.73	1462.18	1454.05	1455.1
2019.11.26	1455.24	1462.86	1450.04	1461.37
2019.11.27	1461.71	1461.88	1452.55	1454.49
2019.11.28	1454.7	1458.37	1454.2	1455.8
2019.11.29	1455.68	1466.56	1453.06	1464.35
2019.12.02	1463.25	1465.61	1453.97	1462.32
2019.12.03	1462.34	1481.78	1459.85	1477.18
2019.12.04	1477.18	1484.09	1471.46	1474.45
2019.12.05	1474.79	1480.42	1472.87	1475.79
2019.12.06	1475.94	1479.83	1458.74	1459.65
2019.12.09	1458.92	1465.43	1458.72	1461.5
2019.12.10	1461.58	1469.21	1460.04	1464.15
2019.12.11	1464.2	1478.92	1462.73	1474.75
2019.12.12	1474.61	1486.78	1463.92	1469.72
2019.12.13	1467.59	1478.08	1461.67	1475.5
2019.12.16	1475.92	1479.9	1473.18	1476.08
2019.12.17	1476.15	1480.54	1474.24	1476.07
2019.12.18	1476.18	1479.31	1470.48	1475.41
2019.12.19	1475.07	1481.73	1473.29	1478.75
2019.12.20	1479.0	1481.06	1475.82	1477.82
2019.12.23	1477.99	1486.19	1477.54	1485.39
2019.12.24	1485.56	1500.49	1484.39	1499.64
2019.12.26	1498.93	1512.6	1497.55	1510.89
2019.12.27	1511.02	1515.33	1507.36	1510.7
2019.12.30	1511.6	1516.12	1510.78	1515.04
2019.12.31	1514.78	1525.32	1514.78	1516.89
2020.01.02	1520.02	1531.39	1517.24	1529.05
2020.01.03	1528.58	1553.6	1527.99	1551.43
2020.01.06	1566.71	1588.06	1560.83	1565.59
2020.01.07	1565.22	1577.32	1555.26	1573.88
2020.01.08	1574.2	1611.34	1552.24	1556.27
2020.01.09	1555.11	1561.42	1540.22	1552.29
2020.01.10	1552.84	1563.16	1545.75	1561.77
2020.01.13	1559.7	1560.66	1546.5	1547.72
2020.01.14	1548.54	1548.93	1535.87	1546.34
2020.01.15	1546.56	1558.19	1546.33	1556.15
2020.01.16	1555.75	1558.1	1548.04	1552.42
2020.01.17	1552.24	1561.26	1549.43	1556.92
2020.01.20	1558.48	1562.79	1556.37	1560.51
2020.01.21	1560.7	1568.62	1546.33	1558.09
2020.01.22	1559.13	1559.25	1550.17	1558.97
2020.01.23	1558.86	1567.97	1551.89	1562.64
2020.01.24	1563.22	1575.94	1556.56	1571.02
2020.01.27	1580.68	1588.5	1575.9	1581.8
2020.01.28	1581.52	1583.09	1565.42	1567.31
2020.01.29	1566.64	1578.03	1563.35	1576.77
2020.01.30	1575.94	1586.01	1572.31	1574.09
2020.01.31	1574.4	1590.49	1570.95	1588.97
2020.02.03	1589.6	1592.09	1568.85	1576.62
2020.02.04	1578.67	1579.74	1549.07	1552.84
2020.02.05	1553.12	1562.45	1547.47	1556.15
2020.02.06	1555.95	1568.28	1552.51	1566.63
2020.02.07	1566.14	1574.15	1560.01	1570.1
2020.02.10	1572.42	1577.03	1568.02	1572.07
2020.02.11	1572.24	1574.06	1562.07	1567.79
2020.02.12	1567.56	1570.46	1561.73	1565.74
2020.02.13	1566.23	1578.28	1565.62	1576.09
2020.02.14	1576.28	1585.04	1573.08	1583.84
2020.02.17	1581.0	1583.8	1578.85	1581.03
2020.02.18	1583.58	1605.09	1583.0	1601.27
2020.02.19	1601.19	1612.94	1599.52	1611.59
2020.02.20	1610.69	1623.75	1603.88	1619.46
2020.02.21	1620.07	1649.27	1618.97	1643.73
2020.02.24	1657.77	1689.35	1650.79	1658.63
2020.02.25	1658.03	1660.83	1624.93	1634.94
2020.02.26	1637.14	1655.01	1624.85	1640.77
2020.02.27	1640.79	1660.38	1635.25	1644.5
2020.02.28	1642.5	1649.5	1562.73	1584.81
2020.03.02	1590.15	1611.07	1575.46	1589.54
2020.03.03	1587.49	1649.29	1587.38	1640.81
2020.03.04	1638.22	1652.9	1631.84	1636.84
2020.03.05	1637.57	1674.6	1634.99	1672.21
2020.03.06	1672.03	1692.17	1641.84	1674.34
2020.03.09	1695.03	1703.22	1657.05	1679.69
2020.03.10	1679.14	1680.38	1641.56	1649.17
2020.03.11	1649.65	1671.26	1632.99	1634.93
2020.03.12	1636.81	1650.39	1560.54	1578.41
2020.03.13	1577.82	1597.98	1504.3	1529.77
2020.03.16	1558.65	1575.36	1451.21	1514.12
2020.03.17	1499.12	1553.94	1465.56	1528.63
2020.03.18	1528.53	1546.3	1472.58	1485.28
2020.03.19	1485.8	1500.87	1463.83	1473.48
2020.03.20	1470.43	1516.06	1455.3	1498.06
2020.03.23	1507.74	1561.02	1482.34	1553.95
2020.03.24	1559.2	1631.98	1557.78	1625.06
2020.03.25	1624.46	1637.98	1583.61	1615.78
2020.03.26	1613.47	1644.05	1595.46	1626.63
2020.03.27	1624.05	1630.93	1613.78	1622.48
2020.03.30	1619.89	1632.05	1610.94	1621.36
2020.03.31	1620.45	1623.2	1573.73	1576.18
2020.04.01	1577.52	1599.99	1565.86	1590.33
2020.04.02	1589.52	1620.1	1582.61	1612.81
2020.04.03	1616.42	1625.7	1605.95	1615.21
2020.04.06	1618.69	1668.86	1608.63	1659.97
2020.04.07	1661.85	1674.17	1642.32	1646.97
2020.04.08	1645.28	1657.02	1640.85	1644.86
2020.04.09	1643.44	1690.09	1642.98	1681.36
2020.04.13	1682.75	1722.42	1672.82	1712.02
2020.04.14	1711.46	1747.69	1708.75	1726.16
2020.04.15	1728.27	1730.79	1707.28	1715.49
2020.04.16	1716.18	1738.91	1707.9	1717.3
2020.04.17	1713.95	1718.64	1679.07	1681.82
2020.04.20	1681.14	1702.58	1671.27	1694.79
2020.04.21	1693.86	1697.81	1660.33	1684.87
2020.04.22	1686.16	1718.54	1679.82	1713.8
2020.04.23	1713.08	1738.61	1707.14	1730.18
2020.04.24	1729.68	1736.38	1710.43	1726.2
2020.04.27	1725.39	1727.56	1706.03	1714.1
2020.04.28	1712.17	1716.37	1691.67	1708.4
2020.04.29	1708.67	1717.69	1697.82	1711.81
2020.04.30	1710.78	1722.05	1681.4	1686.32
2020.05.01	1685.2	1705.63	1670.29	1699.67
2020.05.04	1698.31	1713.13	1691.66	1700.59
2020.05.05	1702.06	1712.08	1689.28	1705.04
2020.05.06	1705.43	1708.17	1681.99	1685.23
2020.05.07	1684.89	1722.12	1683.85	1715.77
2020.05.08	1714.28	1723.69	1701.02	1702.13
2020.05.11	1703.13	1711.9	1689.98	1697.45
2020.05.12	1696.98	1711.08	1693.71	1702.04
2020.05.13	1703.09	1718.13	1699.12	1716.2
2020.05.14	1715.83	1736.34	1711.05	1730.13
2020.05.15	1730.07	1751.74	1728.54	1742.05
2020.05.18	1745.92	1765.46	1727.41	1732.53
2020.05.19	1732.22	1747.99	1725.58	1744.15
2020.05.20	1744.93	1753.97	1742.18	1747.55
2020.05.21	1746.71	1749.0	1717.22	1727.02
2020.05.22	1725.47	1740.18	1724.35	1735.55
2020.05.25	1733.41	1733.76	1721.59	1728.63
2020.05.26	1727.98	1735.55	1708.72	1710.79
2020.05.27	1711.04	1716.09	1693.65	1708.97
2020.05.28	1710.97	1727.57	1704.93	1718.03
2020.05.29	1719.02	1737.73	1712.72	1730.26
2020.06.01	1735.48	1744.59	1727.13	1739.36
2020.06.02	1738.26	1745.13	1721.29	1727.78
2020.06.03	1726.46	1732.1	1689.21	1697.9
2020.06.04	1699.89	1721.76	1696.94	1713.93
2020.06.05	1714.45	1716.14	1670.62	1684.34
2020.06.08	1682.85	1701.19	1677.37	1697.98
2020.06.09	1698.82	1720.75	1692.17	1714.4
2020.06.10	1714.85	1739.72	1708.15	1738.25
2020.06.11	1737.66	1744.6	1721.49	1726.85
2020.06.12	1727.6	1743.11	1722.14	1730.25
2020.06.15	1729.19	1734.09	1704.08	1724.66
2020.06.16	1724.9	1732.86	1716.57	1726.33
2020.06.17	1725.75	1730.32	1712.26	1726.56
2020.06.18	1726.19	1737.88	1717.49	1722.45
2020.06.19	1722.88	1745.24	1721.27	1742.28
2020.06.22	1747.25	1763.16	1742.72	1754.41
2020.06.23	1754.31	1770.96	1747.29	1767.55
2020.06.24	1769.37	1779.24	1760.46	1761.29
2020.06.25	1760.22	1768.86	1753.21	1763.76
2020.06.26	1763.69	1772.03	1747.42	1769.66
2020.06.29	1773.53	1775.23	1765.52	1772.15
2020.06.30	1771.31	1785.83	1764.39	1780.32
2020.07.01	1781.31	1789.11	1758.99	1770.34
2020.07.02	1769.31	1779.55	1757.48	1775.35
2020.07.03	1776.3	1777.09	1772.62	1776.07
2020.07.06	1773.59	1787.05	1769.96	1783.83
2020.07.07	1784.61	1797.33	1773.44	1794.65
2020.07.08	1795.56	1818.14	1791.5	1808.65
2020.07.09	1808.84	1815.91	1795.33	1803.13
2020.07.10	1802.03	1810.74	1794.12	1798.55
2020.07.13	1799.72	1813.4	1797.59	1802.13
2020.07.14	1802.14	1810.91	1789.66	1809.18
2020.07.15	1808.17	1815.06	1802.36	1810.17
2020.07.16	1810.36	1813.26	1794.91	1796.7
2020.07.17	1797.11	1811.96	1795.86	1809.65
2020.07.20	1807.96	1820.58	1805.68	1817.16
2020.07.21	1817.52	1843.47	1815.8	1841.64
2020.07.22	1841.07	1872.06	1840.6	1871.4
2020.07.23	1871.62	1898.38	1863.62	1887.16
2020.07.24	1886.27	1906.55	1881.3	1901.48
2020.07.27	1900.83	1945.65	1899.35	1941.75
2020.07.28	1941.19	1981.16	1906.75	1959.54
2020.07.29	1960.03	1980.87	1941.36	1970.18
2020.07.30	1969.79	1971.55	1939.55	1955.9
2020.07.31	1955.44	1983.96	1954.94	1974.84
2020.08.03	1980.89	1984.96	1960.48	1976.5
2020.08.04	1976.39	2019.93	1967.0	2018.96
2020.08.05	2019.15	2055.73	2009.56	2037.64
2020.08.06	2038.2	2069.65	2034.44	2063.11
2020.08.07	2066.29	2075.14	2015.53	2033.25
2020.08.10	2032.41	2049.88	2019.01	2027.29
2020.08.11	2027.93	2029.99	1901.28	1911.5
2020.08.12	1913.03	1949.4	1862.55	1916.59
2020.08.13	1916.95	1966.29	1912.77	1953.21
2020.08.14	1953.58	1962.24	1932.28	1943.56
2020.08.17	1945.06	1990.68	1929.24	1985.05
2020.08.18	1984.86	2015.65	1975.96	2001.74
2020.08.19	2003.03	2006.51	1924.62	1929.26
2020.08.20	1928.58	1955.33	1924.16	1946.54
2020.08.21	1945.94	1955.89	1911.4	1939.05
2020.08.24	1937.64	1961.82	1923.67	1928.97
2020.08.25	1929.91	1937.48	1914.26	1927.8
2020.08.26	1929.29	1954.86	1902.57	1953.8
2020.08.27	1953.82	1976.74	1909.77	1929.11
2020.08.28	1930.55	1973.83	1923.02	1964.36
2020.08.31	1968.0	1976.66	1954.21	1967.35
2020.09.01	1967.88	1992.34	1963.1	1970.24
2020.09.02	1969.71	1973.22	1932.51	1942.64
2020.09.03	1942.18	1951.09	1921.85	1930.23
2020.09.04	1931.78	1947.79	1916.29	1933.05
2020.09.07	1930.75	1941.37	1924.48	1928.03
2020.09.08	1930.19	1940.91	1906.35	1931.3
2020.09.09	1931.18	1950.84	1920.01	1946.26
2020.09.10	1945.42	1966.47	1941.38	1945.98
2020.09.11	1946.13	1954.75	1937.1	1940.37
2020.09.14	1940.15	1962.54	1936.37	1956.38
2020.09.15	1957.35	1972.14	1948.26	1954.09
2020.09.16	1954.18	1973.65	1949.82	1959.32
2020.09.17	1959.54	1960.92	1932.72	1944.0
2020.09.18	1945.25	1960.1	1943.89	1950.48
2020.09.21	1949.85	1955.59	1882.16	1912.56
2020.09.22	1911.18	1920.05	1894.61	1899.94
2020.09.23	1899.8	1905.43	1855.44	1863.14
2020.09.24	1863.41	1877.09	1848.71	1867.58
2020.09.25	1868.78	1875.16	1852.23	1860.12
2020.09.28	1862.52	1882.97	1848.54	1881.41
2020.09.29	1881.15	1899.1	1875.48	1897.24
2020.09.30	1897.75	1902.28	1881.47	1885.27
2020.10.01	1886.13	1912.27	1884.6	1905.9
2020.10.02	1905.42	1917.12	1889.81	1900.61
2020.10.05	1901.53	1918.77	1887.02	1913.36
2020.10.06	1912.38	1921.03	1874.6	1877.79
2020.10.07	1879.17	1897.99	1872.94	1887.47
2020.10.08	1887.4	1900.71	1881.9	1893.47
2020.10.09	1894.05	1930.49	1893.58	1929.87
2020.10.12	1927.16	1933.15	1918.29	1922.48
2020.10.13	1923.2	1925.43	1886.36	1890.96
2020.10.14	1892.31	1912.9	1882.35	1901.2
2020.10.15	1902.15	1908.86	1889.44	1908.26
2020.10.16	1908.09	1913.97	1897.68	1898.7
2020.10.19	1899.36	1918.47	1896.98	1904.18
2020.10.20	1904.18	1914.09	1894.46	1906.97
2020.10.21	1908.88	1931.48	1908.5	1924.57
2020.10.22	1924.3	1926.05	1894.17	1903.76
2020.10.23	1904.58	1914.18	1894.25	1901.44
2020.10.26	1901.98	1908.6	1891.08	1902.19
2020.10.27	1902.29	1911.35	1897.76	1907.54
2020.10.28	1907.58	1910.85	1869.31	1877.1
2020.10.29	1876.26	1884.98	1859.91	1867.71
2020.10.30	1868.58	1889.8	1864.31	1878.4
2020.11.02	1877.32	1896.05	1873.4	1895.45
2020.11.03	1895.59	1910.53	1886.9	1909.39
2020.11.04	1908.09	1916.42	1880.61	1902.97
2020.11.05	1902.8	1952.75	1902.45	1949.3
2020.11.06	1947.27	1960.35	1935.56	1951.94
2020.11.09	1955.08	1965.47	1850.36	1861.96
2020.11.10	1862.16	1890.42	1860.14	1877.22
2020.11.11	1876.97	1884.37	1856.3	1865.27
2020.11.12	1865.78	1883.85	1862.67	1876.8
2020.11.13	1876.34	1896.83	1874.0	1889.28
2020.11.16	1888.96	1899.04	1863.97	1888.69
2020.11.17	1888.23	1893.43	1876.88	1880.02
2020.11.18	1880.92	1884.84	1863.59	1872.29
2020.11.19	1872.72	1873.93	1852.67	1866.09
2020.11.20	1862.79	1879.76	1860.77	1870.88
2020.11.23	1871.08	1876.06	1830.91	1837.61
2020.11.24	1837.81	1839.03	1800.33	1807.39
2020.11.25	1807.54	1817.7	1801.58	1807.61
2020.11.26	1808.28	1818.27	1805.75	1809.97
2020.11.27	1811.57	1813.8	1774.26	1787.56
2020.11.30	1788.18	1789.95	1764.32	1776.71
2020.12.01	1777.72	1817.29	1775.74	1814.96
2020.12.02	1814.01	1832.39	1807.44	1830.43
2020.12.03	1830.36	1843.94	1823.69	1840.85
2020.12.04	1840.84	1848.26	1829.05	1838.62
2020.12.07	1838.37	1868.57	1821.73	1862.11
2020.12.08	1861.93	1875.23	1860.19	1870.18
2020.12.09	1870.1	1870.5	1825.28	1839.87
2020.12.10	1839.02	1850.07	1828.61	1836.46
2020.12.11	1836.17	1847.69	1823.89	1839.73
2020.12.14	1838.78	1839.02	1818.38	1826.97
2020.12.15	1827.05	1855.38	1825.46	1853.24
2020.12.16	1853.51	1865.74	1844.68	1864.49
2020.12.17	1863.7	1896.27	1861.96	1885.39
2020.12.18	1884.96	1889.7	1877.37	1880.53
2020.12.21	1881.93	1906.81	1854.98	1876.36
2020.12.22	1877.47	1884.3	1858.91	1859.93
2020.12.23	1860.15	1878.56	1856.81	1873.13
2020.12.24	1873.33	1883.52	1869.5	1879.28
2020.12.28	1883.18	1900.24	1869.06	1873.45
2020.12.29	1874.52	1886.42	1871.66	1878.26
2020.12.30	1878.07	1894.53	1876.03	1894.36
2020.12.31	1893.41	1900.96	1885.24	1898.22
2021.01.04	1909.25	1944.48	1907.02	1942.84
2021.01.05	1942.47	1953.14	1934.28	1949.99
2021.01.06	1949.97	1959.38	1900.82	1918.78
2021.01.07	1920.72	1927.66	1906.75	1913.56
2021.01.08	1915.6	1917.5	1828.1	1849.05
2021.01.11	1847.99	1856.57	1816.59	1843.32
2021.01.12	1844.83	1863.83	1836.61	1854.61
2021.01.13	1854.49	1863.08	1841.85	1844.94
2021.01.14	1846.69	1857.51	1828.24	1845.98
2021.01.15	1846.6	1856.98	1823.25	1827.64
2021.01.18	1829.22	1840.78	1802.37	1836.97
2021.01.19	1837.92	1845.47	1832.99	1840.01
2021.01.20	1840.03	1871.7	1832.33	1871.38
2021.01.21	1871.38	1875.12	1858.31	1869.57
2021.01.22	1869.55	1870.81	1837.27	1854.69
2021.01.25	1856.89	1867.88	1847.07	1855.92
2021.01.26	1855.83	1861.7	1848.38	1850.7
2021.01.27	1850.44	1853.12	1831.18	1844.09
2021.01.28	1843.85	1864.04	1833.99	1842.39
2021.01.29	1842.18	1875.63	1839.59	1847.44
2021.02.01	1863.77	1871.77	1849.13	1860.6
2021.02.02	1859.99	1864.05	1829.51	1837.96
2021.02.03	1837.6	1844.93	1829.97	1834.04
2021.02.04	1833.75	1834.74	1784.99	1793.92
2021.02.05	1795.35	1815.15	1791.99	1813.36
2021.02.08	1814.83	1839.11	1807.76	1830.53
2021.02.09	1829.69	1848.57	1828.85	1838.42
2021.02.10	1838.32	1855.37	1834.07	1843.22
2021.02.11	1843.36	1847.53	1821.12	1825.54
2021.02.12	1826.12	1830.7	1810.47	1824.2
2021.02.15	1825.03	1827.02	1816.02	1818.26
2021.02.16	1818.82	1826.45	1789.46	1794.37
2021.02.17	1794.26	1795.17	1769.55	1776.02
2021.02.18	1776.15	1789.63	1768.37	1775.71
2021.02.19	1777.07	1791.57	1760.63	1782.98
2021.02.22	1782.18	1812.61	1780.61	1809.68
2021.02.23	1810.16	1815.96	1795.59	1805.53
2021.02.24	1806.07	1813.79	1783.54	1804.75
2021.02.25	1804.09	1804.41	1765.28	1769.94
2021.02.26	1770.98	1775.78	1717.24	1733.84
2021.03.01	1734.74	1759.79	1719.63	1724.44
2021.03.02	1724.67	1739.13	1707.18	1738.13
2021.03.03	1737.81	1740.53	1701.89	1710.88
2021.03.04	1711.09	1723.17	1690.61	1697.76
2021.03.05	1697.97	1707.67	1687.33	1700.74
2021.03.08	1705.11	1714.27	1676.83	1683.44
2021.03.09	1683.2	1720.61	1680.14	1715.68
2021.03.10	1715.49	1726.74	1708.17	1726.58
2021.03.11	1726.36	1739.79	1719.27	1722.53
2021.03.12	1722.12	1727.93	1699.18	1726.89
2021.03.15	1728.88	1734.47	1721.63	1731.69
2021.03.16	1731.65	1741.18	1726.22	1731.52
2021.03.17	1732.27	1751.56	1724.17	1745.13
2021.03.18	1745.9	1755.44	1719.24	1736.43
2021.03.19	1735.9	1746.69	1728.48	1745.11
2021.03.22	1744.88	1745.28	1727.36	1738.71
2021.03.23	1739.15	1742.52	1724.65	1726.89
2021.03.24	1727.05	1738.39	1723.88	1734.08
2021.03.25	1734.74	1745.46	1721.76	1726.49
2021.03.26	1727.23	1736.68	1721.62	1732.69
2021.03.29	1732.31	1733.15	1705.79	1711.87
2021.03.30	1712.56	1714.38	1678.73	1684.79
2021.03.31	1684.84	1715.29	1677.88	1707.34
2021.04.01	1707.66	1730.52	1705.76	1729.75
2021.04.05	1727.18	1733.55	1721.27	1728.13
2021.04.06	1728.26	1745.49	1727.15	1743.33
2021.04.07	1742.83	1744.31	1730.56	1737.6
2021.04.08	1738.05	1758.66	1733.13	1755.42
2021.04.09	1755.48	1757.31	1731.21	1743.45
2021.04.12	1743.56	1745.06	1727.47	1732.74
2021.04.13	1733.01	1748.98	1723.69	1745.27
2021.04.14	1745.84	1749.31	1732.58	1736.27
2021.04.15	1736.61	1769.66	1734.36	1763.46
2021.04.16	1763.46	1783.78	1759.73	1776.66
2021.04.19	1777.77	1790.04	1766.75	1771.37
2021.04.20	1770.67	1780.4	1763.58	1778.69
2021.04.21	1778.24	1797.61	1776.23	1793.63
2021.04.22	1793.97	1797.87	1777.44	1784.03
2021.04.23	1783.69	1795.93	1770.02	1776.47
2021.04.26	1775.96	1783.49	1768.88	1781.27
2021.04.27	1781.08	1785.53	1773.75	1776.58
2021.04.28	1776.56	1782.52	1762.61	1781.66
2021.04.29	1781.84	1789.95	1756.16	1771.9
2021.04.30	1772.69	1773.63	1764.21	1768.94
2021.05.03	1767.53	1797.92	1766.01	1792.94
2021.05.04	1792.07	1798.96	1771.01	1778.69
2021.05.05	1778.26	1787.94	1770.47	1786.76
2021.05.06	1787.01	1818.05	1781.98	1814.85
2021.05.07	1814.02	1843.3	1812.83	1830.82
2021.05.10	1832.08	1845.45	1830.0	1835.64
2021.05.11	1836.13	1841.77	1818.09	1837.35
2021.05.12	1837.26	1843.66	1813.21	1815.34
2021.05.13	1815.88	1828.76	1808.78	1826.39
2021.05.14	1826.46	1845.89	1819.77	1842.53
2021.05.17	1842.41	1868.42	1842.08	1866.78
2021.05.18	1866.78	1874.98	1863.17	1869.48
2021.05.19	1868.96	1890.07	1852.2	1869.28
2021.05.20	1870.13	1883.89	1863.83	1876.99
2021.05.21	1877.07	1889.37	1870.07	1881.71
2021.05.24	1881.28	1887.04	1875.18	1880.54
2021.05.25	1880.42	1900.21	1872.68	1899.08
2021.05.26	1898.89	1912.71	1890.74	1896.57
2021.05.27	1896.03	1903.64	1888.26	1896.41
2021.05.28	1896.74	1905.91	1882.19	1903.15
2021.05.31	1902.62	1910.62	1902.11	1906.49
2021.06.01	1906.91	1916.55	1892.35	1900.31
2021.06.02	1899.94	1909.1	1894.36	1908.23
2021.06.03	1908.11	1909.65	1865.34	1870.44
2021.06.04	1871.39	1896.14	1855.85	1891.48
2021.06.07	1890.13	1900.06	1881.54	1898.94
2021.06.08	1899.04	1903.64	1883.82	1892.81
2021.06.09	1892.01	1898.92	1887.3	1888.51
2021.06.10	1888.93	1899.89	1869.86	1898.38
2021.06.11	1898.08	1902.93	1874.42	1876.13
2021.06.14	1877.05	1877.59	1844.74	1866.03
2021.06.15	1866.49	1869.13	1851.67	1858.67
2021.06.16	1859.15	1863.13	1803.36	1811.84
2021.06.17	1812.74	1825.3	1767.27	1773.07
2021.06.18	1774.27	1797.17	1760.9	1764.5
2021.06.21	1766.45	1786.47	1766.33	1782.91
2021.06.22	1783.25	1789.99	1772.45	1778.75
2021.06.23	1779.04	1794.89	1773.29	1778.98
2021.06.24	1778.29	1787.94	1772.9	1774.87
2021.06.25	1775.65	1790.31	1773.67	1781.08
2021.06.28	1781.39	1785.71	1770.64	1778.02
2021.06.29	1778.42	1778.93	1750.66	1761.22
2021.06.30	1761.64	1774.36	1753.32	1770.4
2021.07.01	1770.0	1782.77	1765.64	1776.66
2021.07.02	1776.8	1795.03	1774.3	1787.36
2021.07.05	1787.65	1794.39	1784.44	1791.66
2021.07.06	1791.27	1814.99	1790.09	1797.08
2021.07.07	1796.27	1809.71	1793.82	1803.6
2021.07.08	1803.47	1818.32	1794.02	1802.31
2021.07.09	1802.62	1812.36	1796.63	1808.02
2021.07.12	1807.55	1810.79	1791.62	1806.05
2021.07.13	1805.88	1817.18	1798.61	1807.6
2021.07.14	1807.6	1829.78	1804.52	1827.35
2021.07.15	1827.2	1834.1	1820.21	1829.34
2021.07.16	1829.45	1831.97	1809.01	1811.41
2021.07.19	1811.5	1817.28	1794.96	1812.6
2021.07.20	1812.95	1825.0	1804.99	1810.28
2021.07.21	1810.35	1813.72	1794.59	1803.35
2021.07.22	1803.55	1808.02	1792.62	1806.57
2021.07.23	1806.97	1810.32	1789.55	1801.89
2021.07.26	1802.1	1811.5	1796.35	1797.45
2021.07.27	1797.62	1805.23	1793.55	1798.86
2021.07.28	1799.84	1809.82	1792.44	1806.9
2021.07.29	1807.07	1832.71	1806.84	1827.92
2021.07.30	1828.42	1831.37	1810.26	1814.42
2021.08.02	1813.92	1819.52	1805.77	1813.42
2021.08.03	1813.12	1815.01	1807.03	1810.27
2021.08.04	1810.27	1831.69	1806.37	1811.75
2021.08.05	1811.85	1814.85	1797.76	1803.91
2021.08.06	1804.6	1804.81	1758.7	1763.19
2021.08.09	1762.83	1764.63	1683.37	1729.4
2021.08.10	1730.15	1738.26	1717.7	1729.15
2021.08.11	1729.27	1754.41	1724.1	1751.48
2021.08.12	1751.02	1758.12	1741.57	1752.58
2021.08.13	1753.02	1780.01	1751.67	1779.75
2021.08.16	1779.76	1789.26	1770.81	1787.04
2021.08.17	1787.21	1795.55	1780.56	1785.87
2021.08.18	1785.86	1793.79	1777.36	1787.21
2021.08.19	1787.63	1792.45	1774.5	1779.84
2021.08.20	1780.18	1788.36	1778.38	1780.96
2021.08.23	1780.84	1806.43	1776.44	1805.43
2021.08.24	1805.13	1809.53	1800.71	1803.05
2021.08.25	1802.75	1802.78	1782.53	1790.41
2021.08.26	1791.01	1798.19	1780.05	1791.95
2021.08.27	1792.45	1819.28	1784.09	1817.82
2021.08.30	1818.63	1823.21	1807.73	1810.21
2021.08.31	1809.82	1819.13	1801.67	1813.66
2021.09.01	1814.21	1820.01	1808.69	1814.11
2021.09.02	1813.63	1817.12	1804.81	1809.47
2021.09.03	1809.26	1833.95	1808.93	1827.59
2021.09.06	1828.16	1830.18	1821.42	1823.39
2021.09.07	1823.87	1827.23	1792.39	1794.21
2021.09.08	1795.03	1802.15	1782.36	1789.1
2021.09.09	1789.83	1800.94	1783.81	1794.15
2021.09.10	1793.98	1803.85	1787.18	1787.79
2021.09.13	1789.05	1798.36	1783.68	1793.34
2021.09.14	1793.38	1808.63	1779.98	1804.55
2021.09.15	1804.24	1806.85	1790.69	1793.51
2021.09.16	1794.15	1796.15	1745.31	1753.4
2021.09.17	1753.73	1767.46	1747.35	1753.97
2021.09.20	1753.62	1766.95	1742.22	1764.19
2021.09.21	1764.54	1781.69	1757.91	1774.24
2021.09.22	1774.94	1787.21	1764.59	1767.96
2021.09.23	1768.42	1776.5	1737.56	1742.29
2021.09.24	1744.45	1757.65	1740.43	1749.71
2021.09.27	1748.48	1760.81	1744.8	1750.13
2021.09.28	1750.37	1754.44	1728.07	1733.89
2021.09.29	1734.16	1745.5	1721.63	1726.46
2021.09.30	1726.91	1764.26	1722.21	1756.89
2021.10.01	1756.37	1764.28	1749.72	1760.15
2021.10.04	1760.77	1770.5	1747.69	1769.35
2021.10.05	1769.36	1769.39	1748.55	1759.83
2021.10.06	1759.89	1765.05	1745.82	1762.6
2021.10.07	1763.03	1766.92	1751.94	1755.06
2021.10.08	1755.94	1781.29	1753.33	1757.0
2021.10.11	1757.84	1760.99	1750.16	1754.16
2021.10.12	1753.96	1769.31	1750.68	1759.96
2021.10.13	1760.05	1796.11	1757.8	1792.94
2021.10.14	1792.76	1800.53	1786.67	1795.9
2021.10.15	1795.68	1796.41	1764.82	1767.41
2021.10.18	1766.6	1772.04	1760.27	1764.76
2021.10.19	1764.94	1785.12	1762.94	1769.4
2021.10.20	1769.18	1788.39	1766.84	1781.93
2021.10.21	1782.29	1789.45	1776.47	1782.86
2021.10.22	1783.31	1813.79	1782.86	1792.65
2021.10.25	1792.55	1809.99	1792.21	1807.62
2021.10.26	1807.32	1808.29	1782.33	1792.76
2021.10.27	1793.06	1799.03	1783.45	1796.89
2021.10.28	1796.53	1810.36	1792.3	1798.75
2021.10.29	1799.58	1801.17	1771.88	1782.96
2021.11.01	1783.22	1795.8	1779.11	1793.15
2021.11.02	1793.01	1796.36	1786.34	1787.89
2021.11.03	1787.78	1788.22	1758.75	1769.58
2021.11.04	1770.46	1798.88	1770.4	1791.62
2021.11.05	1791.1	1818.25	1785.0	1817.77
2021.11.08	1817.45	1826.49	1812.38	1824.12
2021.11.09	1824.8	1832.73	1819.13	1831.8
2021.11.10	1832.11	1868.48	1822.25	1849.19
2021.11.11	1849.43	1865.96	1842.82	1861.93
2021.11.12	1861.77	1868.58	1845.16	1864.32
2021.11.15	1866.4	1870.45	1856.27	1862.64
2021.11.16	1862.81	1877.2	1849.64	1850.43
2021.11.17	1850.24	1868.04	1849.52	1867.29
2021.11.18	1866.86	1870.93	1855.03	1858.88
2021.11.19	1859.1	1865.73	1842.91	1845.56
2021.11.22	1844.75	1849.05	1802.24	1804.55
2021.11.23	1806.69	1812.4	1781.95	1788.96
2021.11.24	1789.05	1796.41	1778.49	1788.45
2021.11.25	1788.51	1795.1	1785.99	1788.71
2021.11.26	1789.97	1815.5	1780.38	1788.2
2021.11.29	1784.3	1799.35	1777.8	1784.62
2021.11.30	1785.06	1808.67	1769.84	1774.83
2021.12.01	1774.88	1794.43	1772.15	1781.73
2021.12.02	1781.41	1783.28	1761.9	1768.13
2021.12.03	1769.8	1786.1	1766.11	1783.83
2021.12.06	1784.9	1787.75	1775.65	1778.35
2021.12.07	1778.91	1787.75	1772.22	1784.04
2021.12.08	1784.37	1793.07	1779.59	1783.06
2021.12.09	1783.03	1787.56	1773.18	1775.03
2021.12.10	1775.73	1789.38	1770.1	1782.8
2021.12.13	1781.66	1791.52	1781.66	1786.55
2021.12.14	1786.05	1789.5	1766.42	1770.54
2021.12.15	1771.15	1780.82	1752.28	1777.0
2021.12.16	1778.02	1799.65	1775.47	1799.16
2021.12.17	1798.9	1814.25	1795.83	1797.99
2021.12.20	1798.82	1804.13	1788.3	1790.81
2021.12.21	1791.31	1800.42	1784.81	1788.84
2021.12.22	1789.08	1804.98	1785.86	1803.52
2021.12.23	1803.88	1810.7	1798.81	1808.43
2021.12.27	1807.43	1813.42	1802.92	1811.86
2021.12.28	1811.21	1820.19	1804.99	1806.09
2021.12.29	1806.35	1807.69	1789.39	1804.33
2021.12.30	1804.52	1817.17	1796.14	1814.49
2021.12.31	1814.89	1830.29	1814.21	1828.7
2022.01.03	1829.46	1831.67	1798.29	1801.2
2022.01.04	1802.15	1816.77	1798.45	1814.51
2022.01.05	1814.22	1829.65	1808.25	1810.21
2022.01.06	1810.52	1811.51	1786.37	1790.86
2022.01.07	1791.08	1798.59	1782.57	1796.29
2022.01.10	1794.43	1802.29	1790.32	1801.65
2022.01.11	1800.58	1823.21	1800.07	1821.44
2022.01.12	1820.66	1828.06	1814.66	1826.09
2022.01.13	1825.83	1828.15	1812.31	1822.5
2022.01.14	1821.46	1829.15	1814.66	1817.54
2022.01.17	1817.9	1823.18	1813.1	1818.69
2022.01.18	1818.55	1822.76	1805.75	1813.65
2022.01.19	1813.72	1843.33	1810.24	1840.46
2022.01.20	1839.72	1847.88	1835.89	1839.45
2022.01.21	1839.02	1843.17	1828.47	1834.42
2022.01.24	1833.19	1844.27	1829.6	1842.94
2022.01.25	1842.82	1853.82	1834.91	1847.93
2022.01.26	1847.77	1850.04	1814.89	1819.32
2022.01.27	1819.96	1822.11	1791.78	1796.99
2022.01.28	1798.0	1799.4	1780.24	1791.58
2022.01.31	1790.27	1799.79	1785.54	1797.17
2022.02.01	1797.82	1808.76	1795.7	1801.0
2022.02.02	1800.37	1810.76	1794.39	1806.82
2022.02.03	1806.8	1808.93	1788.56	1804.76
2022.02.04	1805.26	1814.87	1792.11	1807.83
2022.02.07	1807.58	1823.54	1807.52	1820.44
2022.02.08	1820.72	1828.74	1815.39	1825.92
2022.02.09	1825.97	1835.76	1824.63	1832.86
2022.02.10	1832.99	1841.89	1821.47	1826.58
2022.02.11	1826.48	1865.43	1820.8	1858.96
2022.02.14	1860.03	1874.15	1850.75	1871.21
2022.02.15	1871.4	1879.44	1844.47	1853.44
2022.02.16	1853.69	1872.57	1850.28	1869.46
2022.02.17	1869.77	1901.1	1867.82	1898.35
2022.02.18	1898.27	1902.45	1886.55	1897.34
2022.02.21	1900.49	1908.26	1887.46	1903.78
2022.02.22	1911.34	1914.08	1891.36	1898.42
2022.02.23	1898.87	1910.49	1889.58	1909.05
2022.02.24	1909.41	1974.43	1877.83	1903.78
2022.02.25	1904.57	1921.61	1883.03	1888.19
2022.02.28	1920.22	1928.28	1890.91	1908.78
2022.03.01	1907.24	1950.2	1901.37	1945.0
2022.03.02	1943.57	1947.91	1913.82	1928.52
2022.03.03	1928.96	1941.18	1922.02	1936.17
2022.03.04	1936.61	1970.49	1929.59	1969.73
2022.03.07	1975.98	2002.54	1961.07	1997.55
2022.03.08	1996.18	2070.46	1981.06	2049.73
2022.03.09	2049.24	2059.11	1975.95	1991.74
2022.03.10	1992.01	2009.12	1970.63	1996.63
2022.03.11	1996.66	1998.96	1958.59	1985.21
2022.03.14	1988.07	1989.78	1949.59	1950.56
2022.03.15	1951.92	1954.53	1906.99	1917.59
2022.03.16	1918.84	1929.46	1894.94	1926.11
2022.03.17	1927.53	1949.77	1923.14	1942.43
2022.03.18	1942.37	1945.21	1917.85	1920.8
2022.03.21	1922.66	1940.86	1917.91	1935.86
2022.03.22	1935.56	1938.36	1910.67	1921.3
2022.03.23	1920.98	1948.35	1915.43	1944.1
2022.03.24	1943.63	1966.07	1937.34	1957.48
2022.03.25	1958.19	1964.17	1943.01	1957.19
2022.03.28	1956.68	1958.85	1916.87	1922.61
2022.03.29	1922.31	1929.27	1890.07	1919.45
2022.03.30	1919.93	1938.5	1915.86	1932.56
2022.03.31	1932.99	1949.82	1919.08	1937.05
2022.04.01	1937.15	1939.45	1918.0	1924.1
2022.04.04	1925.31	1937.02	1915.37	1932.67
2022.04.05	1932.4	1944.55	1917.97	1923.37
2022.04.06	1923.52	1933.47	1915.13	1925.2
2022.04.07	1924.31	1937.68	1920.51	1931.38
2022.04.08	1931.39	1948.17	1927.59	1946.32
2022.04.11	1946.16	1969.88	1939.94	1953.57
2022.04.12	1953.79	1978.56	1949.75	1966.42
2022.04.13	1966.73	1981.49	1962.68	1978.09
2022.04.14	1977.26	1980.3	1960.36	1973.3
2022.04.18	1972.6	1998.31	1971.19	1978.55
2022.04.19	1977.26	1981.91	1943.68	1950.08
2022.04.20	1949.99	1958.36	1939.17	1957.44
2022.04.21	1956.93	1957.32	1936.76	1951.16
2022.04.22	1950.82	1955.6	1926.5	1931.93
2022.04.25	1931.32	1934.26	1891.46	1897.92
2022.04.26	1898.45	1911.2	1895.69	1905.14
2022.04.27	1905.61	1907.03	1881.26	1885.84
2022.04.28	1885.78	1896.7	1871.99	1894.53
2022.04.29	1894.69	1919.81	1892.54	1896.4
2022.05.02	1896.62	1899.88	1854.43	1862.84
2022.05.03	1863.43	1878.05	1850.38	1868.18
2022.05.04	1868.26	1889.6	1861.36	1881.18
2022.05.05	1883.25	1909.75	1872.46	1877.05
2022.05.06	1876.6	1892.48	1866.03	1882.18
2022.05.09	1883.09	1885.62	1851.66	1853.64
2022.05.10	1854.13	1865.43	1835.46	1838.2
2022.05.11	1838.56	1858.01	1831.99	1852.35
2022.05.12	1851.81	1858.76	1821.26	1821.75
2022.05.13	1822.18	1828.75	1799.06	1811.66
2022.05.16	1810.25	1826.87	1786.74	1823.9
2022.05.17	1825.28	1836.07	1812.81	1814.86
2022.05.18	1814.6	1824.63	1807.18	1816.45
2022.05.19	1816.41	1849.1	1810.87	1842.03
2022.05.20	1841.61	1849.36	1832.3	1845.64
2022.05.23	1848.85	1865.32	1843.29	1853.45
2022.05.24	1853.46	1869.64	1849.28	1866.34
2022.05.25	1864.79	1868.02	1841.39	1853.17
2022.05.26	1852.91	1854.29	1840.61	1850.66
2022.05.27	1850.48	1861.92	1847.94	1853.07
2022.05.30	1852.76	1863.99	1847.9	1855.61
2022.05.31	1856.42	1857.13	1835.08	1837.37
2022.06.01	1836.79	1849.99	1828.44	1846.27
2022.06.02	1846.7	1870.51	1844.05	1868.54
2022.06.03	1869.06	1874.05	1847.33	1851.11
2022.06.06	1849.91	1857.92	1840.63	1841.65
2022.06.07	1841.45	1855.53	1837.01	1852.33
2022.06.08	1852.71	1859.6	1844.42	1853.08
2022.06.09	1852.08	1855.32	1839.99	1847.92
2022.06.10	1847.88	1875.95	1825.01	1871.53
2022.06.13	1875.52	1879.06	1818.94	1819.37
2022.06.14	1820.34	1831.62	1805.04	1808.17
2022.06.15	1808.51	1841.95	1807.41	1833.68
2022.06.16	1833.43	1857.49	1814.94	1856.64
2022.06.17	1855.74	1855.88	1833.85	1840.27
2022.06.20	1836.69	1846.16	1834.76	1835.79
2022.06.21	1837.91	1843.64	1828.56	1832.99
2022.06.22	1832.88	1847.81	1823.32	1837.84
2022.06.23	1837.61	1846.11	1822.51	1822.58
2022.06.24	1823.34	1831.69	1816.8	1827.3
2022.06.27	1835.94	1841.04	1820.72	1822.61
2022.06.28	1822.54	1829.47	1818.36	1819.87
2022.06.29	1819.83	1833.11	1811.54	1817.71
2022.06.30	1817.78	1825.01	1802.65	1807.09
2022.07.01	1807.12	1809.28	1784.48	1808.42
2022.07.04	1810.47	1814.35	1803.89	1807.02
2022.07.05	1807.48	1812.13	1763.86	1764.77
2022.07.06	1766.23	1772.85	1732.2	1739.12
2022.07.07	1739.36	1749.09	1736.47	1740.1
2022.07.08	1740.44	1752.41	1727.11	1742.55
2022.07.11	1741.49	1744.63	1731.29	1734.0
2022.07.12	1733.36	1744.58	1723.19	1726.03
2022.07.13	1725.93	1745.39	1706.77	1735.49
2022.07.14	1735.33	1736.33	1697.6	1709.86
2022.07.15	1710.62	1716.55	1699.03	1707.0
2022.07.18	1707.2	1723.89	1705.86	1709.02
2022.07.19	1709.39	1718.45	1705.27	1711.53
2022.07.20	1711.6	1714.47	1692.35	1696.51
2022.07.21	1696.4	1720.32	1680.82	1718.3
2022.07.22	1718.0	1739.28	1712.8	1726.98
2022.07.25	1726.63	1736.21	1714.75	1719.57
2022.07.26	1719.04	1728.19	1713.61	1717.24
2022.07.27	1717.14	1740.16	1711.43	1734.23
2022.07.28	1734.01	1757.07	1733.88	1755.89
2022.07.29	1755.6	1767.96	1752.02	1765.99
2022.08.01	1764.83	1775.34	1758.27	1772.12
2022.08.02	1771.95	1787.98	1760.46	1761.16
2022.08.03	1761.84	1772.82	1754.28	1765.53
2022.08.04	1765.13	1794.94	1763.18	1791.14
2022.08.05	1790.69	1794.84	1764.99	1775.25
2022.08.08	1772.58	1790.0	1770.49	1788.96
2022.08.09	1788.65	1800.38	1783.17	1794.26
2022.08.10	1794.95	1807.84	1787.2	1792.17
2022.08.11	1792.05	1799.23	1783.45	1789.4
2022.08.12	1789.47	1802.11	1784.9	1801.68
2022.08.15	1802.22	1802.22	1772.91	1779.42
2022.08.16	1779.94	1783.13	1771.47	1775.46
2022.08.17	1775.61	1782.33	1759.72	1762.0
2022.08.18	1762.35	1772.42	1755.28	1758.37
2022.08.19	1758.71	1759.18	1745.55	1747.01
2022.08.22	1746.8	1749.17	1727.79	1736.11
2022.08.23	1736.02	1754.11	1730.8	1747.82
2022.08.24	1747.85	1756.01	1742.46	1751.22
2022.08.25	1751.05	1765.46	1749.86	1758.61
2022.08.26	1758.49	1758.87	1734.11	1738.26
2022.08.29	1735.73	1745.5	1720.32	1737.48
2022.08.30	1737.49	1740.45	1721.13	1724.28
2022.08.31	1723.13	1726.53	1709.58	1711.03
2022.09.01	1710.69	1711.35	1688.83	1697.53
2022.09.02	1696.82	1717.96	1694.96	1712.02
2022.09.05	1711.02	1715.78	1707.67	1711.85
2022.09.06	1709.8	1726.81	1699.82	1701.85
2022.09.07	1702.16	1719.38	1691.43	1718.24
2022.09.08	1718.25	1728.21	1703.93	1708.45
2022.09.09	1708.52	1729.48	1708.33	1717.45
2022.09.12	1718.04	1735.1	1711.86	1724.63
2022.09.13	1724.69	1731.82	1697.02	1702.32
2022.09.14	1701.48	1707.13	1693.68	1697.34
2022.09.15	1697.1	1698.2	1660.32	1664.39
2022.09.16	1664.91	1680.31	1654.08	1675.66
2022.09.19	1674.93	1679.87	1659.59	1675.65
2022.09.20	1675.65	1679.4	1659.93	1664.87
2022.09.21	1664.93	1687.99	1653.78	1673.76
2022.09.22	1673.3	1684.87	1655.6	1671.2
2022.09.23	1671.44	1675.84	1639.64	1645.21
2022.09.26	1643.99	1649.73	1621.1	1622.39
2022.09.27	1622.71	1642.44	1622.66	1629.15
2022.09.28	1629.45	1662.75	1614.75	1659.9
2022.09.29	1659.73	1664.87	1641.47	1660.46
2022.09.30	1660.57	1675.38	1659.21	1660.77
2022.10.03	1662.66	1701.51	1659.62	1699.62
2022.10.04	1698.31	1729.5	1695.07	1726.31
2022.10.05	1724.9	1727.77	1700.44	1716.28
2022.10.06	1716.2	1725.59	1706.85	1712.44
2022.10.07	1712.46	1714.8	1690.56	1694.69
2022.10.10	1696.05	1699.84	1665.69	1668.02
2022.10.11	1668.3	1683.96	1660.88	1666.09
2022.10.12	1666.39	1678.29	1661.3	1673.12
2022.10.13	1673.64	1682.45	1642.3	1666.14
2022.10.14	1666.43	1671.76	1640.19	1644.46
2022.10.17	1644.35	1668.43	1644.03	1650.53
2022.10.18	1650.19	1660.89	1645.8	1651.9
2022.10.19	1651.96	1654.4	1627.7	1628.99
2022.10.20	1629.22	1645.62	1622.43	1628.13
2022.10.21	1628.09	1657.68	1617.28	1656.95
2022.10.24	1661.57	1670.83	1643.9	1649.39
2022.10.25	1650.05	1662.3	1638.24	1653.12
2022.10.26	1652.52	1674.95	1649.75	1664.64
2022.10.27	1664.17	1670.77	1654.76	1663.31
2022.10.28	1662.55	1667.0	1637.98	1645.26
2022.10.31	1642.79	1645.61	1631.78	1633.53
2022.11.01	1632.8	1657.01	1630.54	1647.69
2022.11.02	1647.65	1669.54	1634.53	1635.11
2022.11.03	1634.83	1640.95	1616.61	1629.56
2022.11.04	1629.17	1682.02	1628.63	1680.6
2022.11.07	1676.06	1681.9	1666.82	1675.27
2022.11.08	1675.01	1716.87	1664.67	1712.38
2022.11.09	1711.49	1722.37	1702.11	1706.87
2022.11.10	1706.02	1757.22	1703.68	1755.44
2022.11.11	1754.15	1772.69	1747.27	1769.95
2022.11.14	1762.4	1775.03	1753.24	1771.14
2022.11.15	1770.41	1786.48	1767.04	1778.66
2022.11.16	1777.7	1785.05	1770.32	1773.75
2022.11.17	1773.54	1774.71	1754.45	1760.14
2022.11.18	1760.57	1767.72	1747.53	1750.3
2022.11.21	1751.61	1752.95	1732.54	1737.77
2022.11.22	1738.67	1749.76	1737.04	1739.93
2022.11.23	1740.13	1753.41	1720.34	1749.44
2022.11.24	1749.3	1758.65	1748.99	1755.04
2022.11.25	1754.54	1761.13	1745.98	1754.82
2022.11.28	1753.76	1763.69	1739.63	1741.46
2022.11.29	1740.42	1759.02	1739.51	1749.68
2022.11.30	1749.36	1769.99	1744.85	1768.5
2022.12.01	1768.8	1804.07	1768.4	1802.82
2022.12.02	1802.06	1804.37	1778.55	1798.62
2022.12.05	1796.53	1810.08	1765.83	1768.64
2022.12.06	1768.14	1780.91	1767.3	1770.97
2022.12.07	1771.06	1790.56	1768.68	1786.05
2022.12.08	1785.8	1794.84	1781.41	1788.99
2022.12.09	1789.76	1806.05	1788.41	1796.99
2022.12.12	1796.64	1797.05	1777.6	1781.32
2022.12.13	1781.26	1824.51	1780.83	1810.5
2022.12.14	1810.75	1814.11	1794.22	1807.18
2022.12.15	1807.04	1808.59	1773.76	1776.78
2022.12.16	1776.77	1794.27	1774.29	1792.94
2022.12.19	1792.93	1798.79	1783.77	1787.62
2022.12.20	1787.46	1821.17	1784.55	1817.7
2022.12.21	1817.79	1823.85	1811.86	1814.2
2022.12.22	1813.54	1820.41	1784.84	1792.39
2022.12.23	1793.0	1803.25	1791.15	1798.01
2022.12.27	1800.03	1833.29	1799.64	1813.49
2022.12.28	1813.4	1814.54	1797.0	1804.23
2022.12.29	1803.91	1820.16	1803.67	1814.86
2022.12.30	1814.17	1826.08	1813.42	1824.28
2023.01.03	1826.3	1849.98	1823.68	1839.42
2023.01.04	1838.56	1865.14	1836.12	1854.6
2023.01.05	1854.21	1859.04	1825.04	1832.94
2023.01.06	1832.24	1869.88	1831.32	1866.49
2023.01.09	1867.71	1881.47	1866.21	1871.72
2023.01.10	1871.12	1880.74	1867.79	1876.87
2023.01.11	1876.55	1886.63	1867.07	1875.63
2023.01.12	1874.71	1901.62	1869.71	1896.75
2023.01.13	1895.67	1921.92	1892.27	1920.53
2023.01.16	1918.54	1928.91	1910.82	1914.38
2023.01.17	1914.78	1919.05	1903.74	1908.54
2023.01.18	1908.29	1925.88	1896.55	1904.12
2023.01.19	1903.93	1935.27	1900.91	1932.12
2023.01.20	1931.49	1937.5	1920.64	1926.82
2023.01.23	1927.23	1935.52	1911.38	1930.81
2023.01.24	1930.84	1942.51	1917.13	1937.19
2023.01.25	1936.97	1948.08	1919.85	1946.19
2023.01.26	1946.22	1949.1	1918.57	1928.98
2023.01.27	1927.92	1935.06	1916.64	1928.52
2023.01.30	1927.94	1934.45	1920.6	1923.2
2023.01.31	1922.8	1931.09	1900.71	1928.17
2023.02.01	1928.07	1954.56	1920.51	1950.07
2023.02.02	1950.92	1959.74	1911.25	1912.58
2023.02.03	1911.95	1918.59	1861.37	1865.76
2023.02.06	1860.88	1881.32	1860.21	1867.57
2023.02.07	1867.48	1884.38	1864.96	1873.53
2023.02.08	1873.74	1886.43	1869.07	1875.49
2023.02.09	1875.33	1890.21	1858.84	1861.57
2023.02.10	1862.52	1872.22	1852.72	1865.22
2023.02.13	1864.4	1866.59	1850.44	1853.32
2023.02.14	1853.64	1870.55	1843.16	1854.34
2023.02.15	1854.12	1860.25	1830.54	1835.8
2023.02.16	1836.06	1845.23	1827.59	1836.34
2023.02.17	1836.21	1843.62	1818.84	1841.91
2023.02.20	1841.38	1847.45	1837.21	1841.2
2023.02.21	1841.39	1843.87	1830.21	1834.87
2023.02.22	1834.46	1846.0	1823.5	1825.16
2023.02.23	1825.52	1833.75	1817.33	1822.26
2023.02.24	1822.31	1827.74	1808.91	1811.13
2023.02.27	1812.69	1820.12	1806.55	1817.19
2023.02.28	1817.1	1831.19	1804.55	1826.59
2023.03.01	1826.49	1844.47	1822.98	1836.52
2023.03.02	1837.33	1838.95	1829.94	1835.6
2023.03.03	1836.0	1856.34	1835.93	1854.75
2023.03.06	1853.98	1858.3	1845.08	1846.66
2023.03.07	1846.51	1851.62	1812.71	1813.14
2023.03.08	1814.0	1824.28	1809.37	1813.71
2023.03.09	1814.09	1835.63	1811.91	1830.74
2023.03.10	1831.34	1870.15	1827.7	1867.33
2023.03.13	1878.67	1914.61	1871.5	1913.49
2023.03.14	1913.56	1914.14	1895.39	1903.87
2023.03.15	1904.39	1937.33	1885.69	1918.11
2023.03.16	1918.82	1933.44	1907.5	1919.31
2023.03.17	1919.82	1987.74	1918.21	1986.16
2023.03.20	1984.28	2009.78	1965.79	1978.63
2023.03.21	1978.85	1985.16	1935.37	1940.38
2023.03.22	1939.83	1978.74	1934.25	1969.68
2023.03.23	1969.51	2003.3	1964.42	1993.71
2023.03.24	1993.71	2002.99	1975.11	1977.53
2023.03.27	1978.39	1978.97	1943.99	1956.39
2023.03.28	1956.39	1975.29	1949.11	1973.54
2023.03.29	1973.49	1974.36	1958.64	1964.31
2023.03.30	1963.28	1984.29	1955.29	1980.17
2023.03.31	1980.36	1987.62	1966.84	1969.33
2023.04.03	1967.99	1990.51	1949.73	1984.36
2023.04.04	1984.0	2025.0	1976.94	2020.46
2023.04.05	2020.86	2032.22	2009.89	2020.68
2023.04.06	2020.85	2021.37	2000.84	2007.2
2023.04.10	1996.58	2006.48	1981.66	1991.15
2023.04.11	1991.12	2007.45	1988.78	2003.48
2023.04.12	2003.14	2028.33	2001.13	2014.75
2023.04.13	2014.24	2048.68	2013.97	2040.07
2023.04.14	2040.49	2047.42	1992.37	2004.57
2023.04.17	2000.58	2015.04	1981.14	1995.05
2023.04.18	1995.06	2011.84	1991.24	2005.22
2023.04.19	2004.86	2008.15	1969.2	1994.59
2023.04.20	1994.04	2012.34	1990.4	2004.65
2023.04.21	2003.94	2005.45	1971.6	1982.64
2023.04.24	1981.08	1990.82	1974.1	1988.96
2023.04.25	1988.73	2003.86	1976.09	1997.01
2023.04.26	1996.22	2009.42	1983.37	1989.32
2023.04.27	1989.7	2003.36	1974.06	1987.78
2023.04.28	1987.38	1995.01	1976.16	1989.63
2023.05.01	1990.42	2006.01	1977.03	1982.36
2023.05.02	1982.03	2019.37	1978.45	2016.49
2023.05.03	2015.9	2040.37	2007.81	2038.42
2023.05.04	2061.44	2079.38	2030.34	2050.15
2023.05.05	2049.13	2052.96	1999.48	2015.8
2023.05.08	2016.0	2029.36	2014.1	2021.32
2023.05.09	2020.83	2037.61	2019.45	2034.39
2023.05.10	2034.24	2048.13	2021.55	2030.17
2023.05.11	2029.82	2041.18	2011.05	2014.93
2023.05.12	2014.82	2022.54	2000.83	2010.75
2023.05.15	2008.0	2022.14	2006.98	2016.23
2023.05.16	2016.03	2018.25	1985.46	1988.82
2023.05.17	1988.48	1993.0	1975.03	1981.45
2023.05.18	1980.42	1985.97	1951.95	1957.4
2023.05.19	1957.87	1984.2	1954.02	1977.53
2023.05.22	1978.43	1982.56	1968.87	1971.7
2023.05.23	1971.83	1977.77	1954.24	1974.98
2023.05.24	1974.52	1985.23	1956.71	1957.2
2023.05.25	1957.78	1964.76	1938.78	1940.74
2023.05.26	1940.42	1957.23	1936.74	1946.48
2023.05.29	1942.28	1949.74	1940.22	1943.14
2023.05.30	1943.48	1963.51	1932.03	1959.24
2023.05.31	1959.03	1974.76	1953.68	1962.56
2023.06.01	1962.68	1983.05	1953.34	1977.36
2023.06.02	1976.95	1983.42	1947.9	1948.18
2023.06.05	1947.51	1964.03	1938.07	1961.65
2023.06.06	1961.18	1966.4	1954.39	1963.28
2023.06.07	1963.47	1970.17	1939.65	1939.79
2023.06.08	1939.73	1970.53	1939.57	1965.5
2023.06.09	1965.57	1973.09	1956.62	1960.5
2023.06.12	1960.08	1966.94	1949.2	1957.38
2023.06.13	1957.07	1971.14	1940.0	1943.49
2023.06.14	1943.17	1960.3	1939.66	1941.64
2023.06.15	1941.38	1960.24	1924.72	1957.89
2023.06.16	1957.18	1967.89	1953.28	1957.45
2023.06.19	1957.87	1958.71	1947.77	1949.86
2023.06.20	1950.62	1956.77	1929.78	1936.24
2023.06.21	1936.02	1939.47	1919.13	1932.63
2023.06.22	1932.63	1934.76	1912.28	1913.7
2023.06.23	1913.79	1937.34	1910.03	1921.32
2023.06.26	1924.78	1933.32	1921.49	1922.98
2023.06.27	1923.17	1930.69	1910.89	1913.52
2023.06.28	1914.0	1917.22	1902.79	1907.29
2023.06.29	1907.53	1913.11	1892.97	1908.1
2023.06.30	1908.32	1922.73	1900.52	1919.02
2023.07.03	1918.58	1930.96	1909.97	1921.46
2023.07.04	1921.08	1930.67	1919.83	1924.92
2023.07.05	1924.88	1935.01	1914.73	1915.11
2023.07.06	1915.27	1927.56	1902.59	1910.77
2023.07.07	1910.62	1934.87	1909.47	1925.03
2023.07.10	1924.58	1928.09	1912.63	1925.19
2023.07.11	1925.22	1938.41	1924.32	1932.06
2023.07.12	1932.22	1959.64	1932.01	1957.32
2023.07.13	1956.93	1963.54	1952.37	1960.43
2023.07.14	1960.27	1963.72	1950.97	1955.29
2023.07.17	1954.68	1959.82	1945.74	1954.84
2023.07.18	1954.43	1984.42	1954.43	1978.71
2023.07.19	1978.63	1980.88	1969.71	1976.87
2023.07.20	1975.64	1987.37	1965.3	1969.37
2023.07.21	1970.17	1973.74	1956.81	1961.84
2023.07.24	1962.42	1967.81	1953.47	1954.74
2023.07.25	1955.03	1965.63	1951.47	1964.84
2023.07.26	1964.98	1978.24	1961.95	1971.98
2023.07.27	1970.92	1982.13	1942.54	1945.49
2023.07.28	1946.42	1963.51	1945.41	1958.99
2023.07.31	1958.87	1972.35	1951.12	1965.41
2023.08.01	1965.57	1965.95	1941.21	1944.04
2023.08.02	1949.52	1954.8	1932.93	1934.78
2023.08.03	1935.02	1938.82	1929.49	1934.09
2023.08.04	1933.97	1946.95	1924.88	1942.62
2023.08.07	1942.21	1946.62	1931.49	1936.45
2023.08.08	1936.46	1938.09	1922.75	1924.99
2023.08.09	1925.02	1932.37	1914.04	1914.59
2023.08.10	1914.75	1930.16	1912.09	1912.18
2023.08.11	1912.5	1920.98	1910.82	1913.76
2023.08.14	1913.44	1916.24	1902.64	1907.27
2023.08.15	1907.35	1911.6	1896.4	1901.73
2023.08.16	1901.71	1907.17	1891.79	1891.81
2023.08.17	1892.09	1903.43	1885.04	1889.25
2023.08.18	1889.37	1896.85	1886.76	1889.58
2023.08.21	1889.78	1898.7	1884.79	1894.63
2023.08.22	1894.66	1904.47	1889.08	1897.34
2023.08.23	1897.4	1920.34	1897.18	1915.39
2023.08.24	1915.28	1923.33	1911.73	1916.72
2023.08.25	1917.07	1922.38	1903.74	1913.84
2023.08.28	1915.12	1926.02	1912.77	1920.12
2023.08.29	1920.03	1938.18	1914.41	1937.31
2023.08.30	1937.18	1949.04	1934.92	1942.26
2023.08.31	1942.68	1947.87	1939.03	1939.91
2023.09.01	1940.07	1952.98	1934.43	1939.83
2023.09.04	1940.27	1946.24	1936.7	1938.19
2023.09.05	1938.52	1938.95	1925.31	1926.02
2023.09.06	1926.13	1929.16	1915.25	1916.39
2023.09.07	1917.46	1923.57	1916.21	1919.56
2023.09.08	1919.54	1929.66	1917.3	1918.9
2023.09.11	1920.53	1930.73	1916.66	1922.33
2023.09.12	1922.73	1924.48	1907.57	1913.34
2023.09.13	1913.11	1915.72	1905.52	1908.06
2023.09.14	1908.61	1912.88	1900.95	1910.47
2023.09.15	1910.85	1930.43	1909.69	1923.59
2023.09.18	1923.48	1934.2	1922.5	1933.63
2023.09.19	1933.73	1937.36	1929.7	1931.25
2023.09.20	1931.73	1947.43	1927.92	1930.36
2023.09.21	1930.41	1931.57	1913.9	1919.99
2023.09.22	1918.92	1929.06	1918.92	1925.04
2023.09.25	1925.13	1927.19	1915.09	1915.8
2023.09.26	1916.05	1916.8	1899.09	1900.59
2023.09.27	1900.47	1903.95	1872.5	1874.92
2023.09.28	1876.08	1879.56	1857.61	1864.76
2023.09.29	1865.08	1879.83	1846.28	1849.08
2023.10.02	1847.06	1848.88	1827.17	1827.77
2023.10.03	1829.09	1833.35	1815.2	1822.85
2023.10.04	1823.41	1830.59	1816.55	1821.09
2023.10.05	1821.39	1829.14	1812.99	1820.15
2023.10.06	1820.73	1834.87	1810.42	1831.51
2023.10.09	1849.53	1863.5	1844.17	1861.33
2023.10.10	1861.23	1865.34	1852.97	1860.41
2023.10.11	1859.99	1877.19	1858.56	1874.25
2023.10.12	1874.16	1884.95	1867.86	1868.7
2023.10.13	1868.97	1930.78	1868.97	1930.11
2023.10.16	1923.48	1927.76	1908.14	1920.08
2023.10.17	1919.96	1931.57	1912.36	1923.01
2023.10.18	1923.83	1962.64	1923.33	1947.63
2023.10.19	1947.73	1977.68	1945.19	1974.3
2023.10.20	1973.44	1997.14	1971.99	1980.27
2023.10.23	1969.12	1982.76	1964.32	1972.72
2023.10.24	1973.43	1980.82	1953.5	1971.04
2023.10.25	1970.8	1987.25	1963.0	1979.55
2023.10.26	1980.32	1993.45	1971.74	1984.76
2023.10.27	1984.54	2009.4	1976.83	2005.66
2023.10.30	2004.66	2006.71	1990.93	1996.11
2023.10.31	1995.94	2007.91	1978.79	1983.94
2023.11.01	1983.59	1992.08	1969.82	1982.69
2023.11.02	1983.02	1991.03	1978.81	1985.82
2023.11.03	1986.1	2004.05	1983.22	1992.43
2023.11.06	1992.84	1993.1	1977.39	1977.83
2023.11.07	1977.91	1978.25	1956.65	1969.03
2023.11.08	1969.03	1970.96	1947.38	1950.16
2023.11.09	1949.81	1965.58	1944.57	1958.44
2023.11.10	1958.17	1960.75	1933.0	1937.78
2023.11.13	1938.41	1949.17	1929.39	1946.1
2023.11.14	1946.15	1970.94	1943.69	1962.98
2023.11.15	1962.89	1975.35	1955.39	1959.15
2023.11.16	1960.05	1987.95	1956.39	1981.16
2023.11.17	1980.49	1993.36	1978.56	1980.39
2023.11.20	1977.8	1985.13	1965.4	1977.61
2023.11.21	1978.07	2007.53	1977.7	1998.3
2023.11.22	1998.62	2006.42	1986.86	1989.77
2023.11.23	1989.26	1998.51	1988.06	1992.27
2023.11.24	1992.7	2003.58	1991.39	2001.6
2023.11.27	2004.38	2018.05	2000.45	2014.17
2023.11.28	2013.08	2042.97	2011.63	2041.08
2023.11.29	2040.96	2052.02	2035.35	2044.17
2023.11.30	2044.65	2047.22	2031.08	2036.04
2023.12.01	2036.56	2075.36	2033.87	2071.33
2023.12.04	2072.49	2144.7	2020.14	2029.02
2023.12.05	2030.02	2041.22	2009.86	2019.27
2023.12.06	2019.73	2035.8	2017.23	2025.21
2023.12.07	2025.63	2039.93	2020.16	2028.45
2023.12.08	2028.51	2033.97	1994.6	2004.04
2023.12.11	2004.79	2007.77	1975.81	1981.71
2023.12.12	1981.92	1996.8	1977.16	1979.35
2023.12.13	1980.65	2027.85	1973.02	2027.32
2023.12.14	2024.34	2047.93	2023.79	2036.26
2023.12.15	2036.13	2044.91	2015.57	2018.39
2023.12.18	2020.28	2033.7	2015.93	2027.16
2023.12.19	2027.58	2046.95	2021.67	2040.17
2023.12.20	2039.82	2043.46	2027.47	2031.33
2023.12.21	2031.91	2046.01	2031.43	2045.74
2023.12.22	2048.79	2070.64	2046.7	2052.81
2023.12.26	2053.09	2069.06	2052.83	2067.79
2023.12.27	2068.32	2084.42	2061.46	2077.57
2023.12.28	2078.07	2088.43	2064.54	2065.36
2023.12.29	2066.46	2074.76	2058.17	2062.62
2024.01.02	2064.12	2078.9	2055.89	2058.88
2024.01.03	2058.92	2065.98	2030.59	2041.3
2024.01.04	2042.06	2050.95	2036.22	2043.31
2024.01.05	2043.44	2064.0	2024.49	2044.89
2024.01.08	2044.47	2046.57	2016.69	2027.98
2024.01.09	2028.07	2042.01	2026.07	2030.21
2024.01.10	2030.6	2040.29	2020.47	2024.4
2024.01.11	2024.0	2039.58	2013.31	2028.53
2024.01.12	2029.23	2062.29	2028.8	2048.83
2024.01.15	2047.15	2058.62	2045.89	2054.08
2024.01.16	2055.21	2055.45	2024.26	2028.26
2024.01.17	2028.01	2032.97	2001.81	2006.19
2024.01.18	2005.91	2023.26	2005.78	2023.06
2024.01.19	2024.07	2039.42	2020.38	2029.32
2024.01.22	2028.94	2032.13	2016.51	2021.69
2024.01.23	2021.54	2037.93	2019.59	2029.23
2024.01.24	2028.76	2036.68	2011.24	2013.6
2024.01.25	2014.9	2025.34	2009.1	2020.75
2024.01.26	2019.32	2026.9	2015.93	2018.38
2024.01.29	2026.02	2037.57	2019.28	2032.75
2024.01.30	2033.16	2048.71	2029.02	2036.87
2024.01.31	2037.17	2056.04	2030.87	2039.18
2024.02.01	2039.81	2065.52	2030.07	2054.77
2024.02.02	2054.93	2057.66	2027.87	2039.64
2024.02.05	2039.83	2042.22	2014.92	2025.05
2024.02.06	2024.98	2038.89	2022.91	2035.83
2024.02.07	2035.61	2044.58	2030.58	2035.15
2024.02.08	2034.7	2038.72	2020.2	2034.33
2024.02.09	2034.89	2037.21	2020.29	2023.89
2024.02.12	2025.29	2027.6	2011.89	2019.92
2024.02.13	2019.87	2032.34	1990.11	1992.97
2024.02.14	1993.27	1996.13	1984.24	1992.09
2024.02.15	1992.35	2008.28	1990.23	2004.27
2024.02.16	2004.43	2015.16	1995.08	2013.47
2024.02.19	2014.4	2022.99	2010.82	2017.93
2024.02.20	2017.45	2030.85	2015.01	2024.18
2024.02.21	2024.11	2032.25	2020.04	2025.91
2024.02.22	2025.93	2034.93	2019.62	2024.29
2024.02.23	2024.09	2041.35	2016.06	2035.63
2024.02.26	2033.07	2037.05	2025.06	2031.15
2024.02.27	2031.31	2039.48	2028.78	2030.35
2024.02.28	2030.21	2037.99	2024.45	2034.38
2024.02.29	2034.72	2050.71	2028.1	2044.15
2024.03.01	2043.73	2088.33	2039.06	2083.33
2024.03.04	2082.73	2119.92	2079.44	2114.43
2024.03.05	2113.7	2141.94	2110.47	2127.94
2024.03.06	2127.47	2152.25	2123.67	2148.11
2024.03.07	2147.82	2164.71	2144.22	2159.92
2024.03.08	2159.0	2195.16	2154.01	2178.63
2024.03.11	2180.79	2188.99	2174.8	2182.63
2024.03.12	2182.13	2184.79	2150.57	2158.16
2024.03.13	2158.86	2179.88	2155.8	2174.31
2024.03.14	2174.33	2177.01	2152.75	2162.19
2024.03.15	2162.18	2172.74	2155.2	2156.14
2024.03.18	2152.56	2163.59	2146.06	2160.34
2024.03.19	2160.34	2162.85	2147.16	2157.57
2024.03.20	2157.84	2188.81	2149.62	2186.24
2024.03.21	2186.33	2222.78	2166.38	2181.25
2024.03.22	2181.11	2186.11	2157.1	2165.55
2024.03.25	2165.44	2181.34	2163.55	2171.72
2024.03.26	2171.66	2200.1	2167.61	2178.65
2024.03.27	2178.07	2197.58	2173.24	2194.83
2024.03.28	2190.58	2236.18	2187.35	2232.81
2024.04.01	2240.45	2265.7	2228.5	2251.34
2024.04.02	2250.28	2281.04	2246.67	2280.55
2024.04.03	2281.07	2301.15	2265.43	2299.7
2024.04.04	2299.85	2305.58	2280.01	2290.9
2024.04.05	2291.03	2330.5	2267.77	2328.18
2024.04.08	2322.49	2354.01	2302.92	2338.79
2024.04.09	2337.83	2365.34	2336.88	2352.25
2024.04.10	2353.23	2360.11	2319.42	2333.61
2024.04.11	2332.35	2377.7	2325.71	2372.33
2024.04.12	2371.35	2431.48	2333.86	2344.77
2024.04.15	2362.54	2387.6	2324.1	2383.14
2024.04.16	2380.74	2398.25	2363.0	2382.67
2024.04.17	2382.95	2395.57	2354.43	2361.16
2024.04.18	2363.19	2392.82	2363.19	2378.84
2024.04.19	2378.69	2417.84	2372.88	2390.51
2024.04.22	2386.59	2388.47	2324.74	2327.17
2024.04.23	2328.64	2334.41	2291.38	2322.1
2024.04.24	2322.09	2337.31	2311.78	2315.96
2024.04.25	2316.16	2344.86	2304.9	2332.39
2024.04.26	2332.1	2352.54	2326.3	2337.37
2024.04.29	2335.55	2346.75	2319.69	2335.37
2024.04.30	2334.22	2336.27	2285.09	2286.33
2024.05.01	2286.84	2328.24	2281.61	2319.46
2024.05.02	2319.64	2326.47	2285.45	2303.51
2024.05.03	2303.94	2320.67	2277.11	2301.74
2024.05.06	2302.91	2332.03	2291.79	2323.76
2024.05.07	2324.16	2329.93	2309.96	2313.83
2024.05.08	2314.1	2321.39	2303.64	2308.81
2024.05.09	2308.43	2347.22	2306.58	2346.0
2024.05.10	2345.52	2378.41	2343.89	2360.86
2024.05.13	2360.41	2364.48	2332.11	2336.14
2024.05.14	2336.49	2359.61	2334.81	2357.83
2024.05.15	2356.94	2390.25	2351.8	2385.82
2024.05.16	2385.6	2397.41	2370.94	2376.49
2024.05.17	2377.38	2422.66	2373.91	2414.23
2024.05.20	2419.61	2450.07	2407.31	2426.2
2024.05.21	2427.21	2433.94	2406.21	2420.8
2024.05.22	2420.78	2426.53	2374.93	2378.58
2024.05.23	2379.43	2383.67	2326.86	2328.56
2024.05.24	2328.66	2347.41	2325.32	2333.78
2024.05.27	2335.42	2358.52	2332.18	2352.3
2024.05.28	2352.07	2364.07	2340.28	2361.08
2024.05.29	2362.11	2362.31	2334.47	2338.0
2024.05.30	2338.2	2351.79	2322.6	2342.99
2024.05.31	2344.49	2359.7	2320.55	2327.39
2024.06.03	2328.8	2354.69	2314.71	2350.55
2024.06.04	2351.96	2352.77	2315.58	2326.87
2024.06.05	2327.51	2357.39	2325.85	2355.17
2024.06.06	2355.92	2378.5	2353.48	2375.76
2024.06.07	2376.85	2387.69	2286.7	2292.89
2024.06.10	2294.59	2313.76	2287.72	2310.92
2024.06.11	2312.14	2319.96	2297.7	2316.73
2024.06.12	2316.43	2341.67	2310.65	2324.86
2024.06.13	2323.82	2326.68	2295.55	2303.87
2024.06.14	2303.1	2336.66	2301.51	2332.47
2024.06.17	2331.91	2332.43	2309.98	2319.07
2024.06.18	2319.93	2333.16	2306.55	2329.38
2024.06.19	2329.71	2335.04	2323.72	2330.73
2024.06.20	2329.08	2365.52	2327.69	2360.0
2024.06.21	2360.33	2368.75	2316.7	2321.28
2024.06.24	2318.4	2334.66	2317.59	2334.2
2024.06.25	2333.87	2337.11	2315.51	2319.4
2024.06.26	2319.23	2323.98	2293.67	2298.09
2024.06.27	2298.49	2330.95	2296.48	2327.39
2024.06.28	2327.39	2339.79	2318.99	2326.27
2024.07.01	2325.99	2338.53	2318.49	2331.71
2024.07.02	2332.55	2336.78	2319.05	2329.4
2024.07.03	2330.01	2364.98	2326.92	2356.1
2024.07.04	2356.84	2362.52	2350.49	2356.5
2024.07.05	2357.43	2392.92	2350.51	2390.93
2024.07.08	2386.94	2391.1	2351.02	2359.22
2024.07.09	2359.13	2371.57	2349.8	2363.69
2024.07.10	2363.79	2386.67	2363.11	2371.25
2024.07.11	2372.01	2424.55	2371.17	2415.38
2024.07.12	2414.73	2418.28	2391.46	2411.35
2024.07.15	2412.69	2439.75	2401.31	2422.23
2024.07.16	2421.89	2469.67	2420.04	2468.74
2024.07.17	2468.45	2483.71	2451.51	2458.68
2024.07.18	2458.16	2474.93	2440.38	2445.27
2024.07.19	2445.33	2445.43	2393.82	2400.33
2024.07.22	2403.59	2412.21	2383.89	2396.51
2024.07.23	2397.19	2412.04	2388.28	2409.48
2024.07.24	2409.03	2431.99	2396.63	2397.32
2024.07.25	2398.02	2401.24	2353.13	2364.55
2024.07.26	2364.28	2390.76	2355.83	2388.19
2024.07.29	2388.37	2403.24	2369.61	2383.64
2024.07.30	2382.57	2412.85	2376.47	2410.79
2024.07.31	2409.55	2450.99	2403.87	2447.23
2024.08.01	2449.15	2462.27	2430.18	2446.2
2024.08.02	2446.55	2477.64	2410.76	2441.25
2024.08.05	2444.19	2458.75	2364.16	2409.86
2024.08.06	2410.66	2418.28	2381.47	2389.81
2024.08.07	2389.41	2407.03	2378.98	2383.0
2024.08.08	2382.09	2427.62	2380.99	2427.2
2024.08.09	2426.17	2437.06	2416.95	2430.88
2024.08.12	2429.73	2473.28	2423.86	2471.98
2024.08.13	2470.73	2477.0	2458.5	2465.06
2024.08.14	2466.79	2480.08	2438.08	2447.93
2024.08.15	2447.2	2470.07	2432.18	2456.41
2024.08.16	2455.99	2509.73	2450.74	2506.87
2024.08.19	2508.85	2510.11	2485.65	2504.12
2024.08.20	2503.33	2531.69	2497.4	2513.95
2024.08.21	2513.45	2519.98	2493.44	2512.25
2024.08.22	2511.57	2514.64	2470.83	2484.56
2024.08.23	2484.9	2518.29	2484.09	2511.87
2024.08.26	2511.89	2526.97	2508.67	2517.82
2024.08.27	2518.01	2525.92	2503.47	2524.49
2024.08.28	2525.27	2529.01	2493.57	2504.5
2024.08.29	2504.96	2528.68	2503.59	2521.11
2024.08.30	2520.89	2526.88	2494.11	2503.21
2024.09.02	2502.1	2507.25	2489.98	2499.12
2024.09.03	2499.64	2506.24	2473.33	2492.81
2024.09.04	2492.77	2500.23	2471.87	2495.44
2024.09.05	2494.44	2523.56	2493.79	2516.65
2024.09.06	2516.64	2529.19	2485.07	2496.85
2024.09.09	2496.61	2507.2	2485.49	2506.07
2024.09.10	2506.33	2518.45	2500.11	2516.55
2024.09.11	2516.35	2529.04	2500.93	2511.25
2024.09.12	2511.34	2560.09	2511.0	2558.82
2024.09.13	2558.11	2586.05	2556.61	2579.25
2024.09.16	2578.34	2589.6	2575.25	2582.37
2024.09.17	2581.86	2586.92	2560.79	2569.46
2024.09.18	2569.53	2600.09	2546.87	2559.14
2024.09.19	2556.5	2594.9	2551.03	2586.82
2024.09.20	2586.0	2625.7	2584.84	2621.62
2024.09.23	2620.89	2634.82	2613.81	2627.32
2024.09.24	2627.25	2664.33	2622.58	2657.17
2024.09.25	2658.57	2670.56	2649.72	2656.71
2024.09.26	2656.33	2685.59	2654.74	2672.42
2024.09.27	2671.45	2674.28	2643.01	2658.09
2024.09.30	2657.97	2666.06	2624.67	2634.64
2024.10.01	2633.5	2673.16	2632.26	2662.52
2024.10.02	2662.15	2663.3	2641.09	2657.6
2024.10.03	2657.39	2662.92	2638.6	2656.01
2024.10.04	2656.78	2670.2	2632.0	2652.74
2024.10.07	2650.8	2659.6	2637.75	2642.51
2024.10.08	2642.23	2652.99	2604.75	2621.83
2024.10.09	2621.66	2624.29	2605.16	2607.65
2024.10.10	2608.13	2631.47	2602.31	2630.03
2024.10.11	2629.04	2661.4	2628.09	2656.99
2024.10.14	2652.33	2666.76	2643.13	2648.39
2024.10.15	2647.79	2668.88	2638.02	2662.66
2024.10.16	2662.01	2685.3	2658.63	2673.6
2024.10.17	2673.79	2696.72	2673.13	2693.0
2024.10.18	2692.02	2722.51	2691.92	2722.07
2024.10.21	2720.46	2740.54	2714.17	2719.6
2024.10.22	2719.06	2748.84	2718.7	2748.81
2024.10.23	2747.31	2758.44	2708.69	2715.25
2024.10.24	2715.06	2743.23	2714.86	2735.81
2024.10.25	2735.38	2747.72	2717.03	2746.15
2024.10.28	2732.27	2745.95	2724.69	2742.05
2024.10.29	2741.3	2774.73	2739.83	2774.49
2024.10.30	2773.34	2789.98	2770.89	2787.2
2024.10.31	2786.74	2790.07	2731.53	2743.91
2024.11.01	2743.8	2762.23	2733.23	2735.24
2024.11.04	2736.12	2748.19	2729.93	2736.53
2024.11.05	2737.62	2749.96	2724.66	2743.87
2024.11.06	2742.24	2749.66	2652.37	2658.88
2024.11.07	2659.12	2710.38	2643.21	2706.34
2024.11.08	2704.17	2710.34	2680.24	2684.56
2024.11.11	2684.44	2685.99	2610.66	2619.33
2024.11.12	2620.04	2627.12	2589.62	2598.18
2024.11.13	2597.99	2618.76	2572.61	2572.75
2024.11.14	2571.85	2581.36	2536.81	2564.54
2024.11.15	2564.68	2576.04	2554.39	2561.72
2024.11.18	2567.27	2615.02	2566.5	2611.71
2024.11.19	2610.95	2639.41	2610.34	2632.12
2024.11.20	2631.84	2655.45	2618.8	2650.1
2024.11.21	2650.43	2673.53	2648.83	2669.49
2024.11.22	2669.63	2715.26	2668.14	2714.51
2024.11.25	2706.52	2721.26	2615.59	2625.43
2024.11.26	2625.75	2642.01	2605.17	2633.06
2024.11.27	2630.71	2658.21	2627.05	2635.85
2024.11.28	2636.2	2649.65	2620.92	2640.75
2024.11.29	2638.21	2666.27	2634.03	2659.37
2024.12.02	2650.05	2651.83	2621.92	2638.61
2024.12.03	2638.55	2655.59	2634.09	2643.41
2024.12.04	2642.77	2657.07	2632.37	2649.87
2024.12.05	2647.97	2655.51	2623.47	2631.79
2024.12.06	2631.77	2645.66	2612.91	2632.81
2024.12.09	2647.42	2676.38	2627.51	2660.22
2024.12.10	2660.83	2695.55	2657.88	2693.43
2024.12.11	2693.32	2721.13	2674.73	2716.36
2024.12.12	2716.32	2726.06	2675.11	2680.8
2024.12.13	2680.7	2692.68	2646.13	2648.6
2024.12.16	2650.08	2664.38	2643.48	2652.6
2024.12.17	2652.19	2658.63	2633.08	2646.37
2024.12.18	2646.02	2651.67	2583.75	2585.74
2024.12.19	2583.08	2626.38	2582.63	2594.52
2024.12.20	2594.75	2631.93	2589.62	2622.4
2024.12.23	2620.54	2633.23	2608.14	2612.59
2024.12.24	2611.39	2621.42	2610.07	2615.33
2024.12.26	2615.27	2639.08	2612.89	2633.46
2024.12.27	2625.03	2638.26	2611.59	2621.11
2024.12.30	2619.77	2628.08	2596.1	2605.79
2024.12.31	2605.91	2627.42	2602.63	2624.08
2025.01.02	2624.9	2660.42	2621.56	2658.08
2025.01.03	2657.36	2665.2	2636.52	2638.95
2025.01.06	2641.13	2649.5	2614.47	2635.87
2025.01.07	2636.06	2664.26	2632.93	2648.49
2025.01.08	2648.42	2670.05	2645.19	2661.33
2025.01.09	2661.39	2678.32	2655.46	2670.21
2025.01.10	2669.6	2697.76	2663.71	2689.1
2025.01.13	2687.02	2693.14	2656.78	2662.8
2025.01.14	2662.9	2678.11	2659.84	2677.07
2025.01.15	2677.9	2697.29	2669.3	2695.94
2025.01.16	2694.21	2724.72	2689.84	2714.39
2025.01.17	2714.2	2717.34	2699.13	2702.48
2025.01.20	2702.49	2713.75	2689.21	2708.11
2025.01.21	2706.96	2745.9	2702.65	2744.63
2025.01.22	2744.9	2763.28	2741.63	2756.14
2025.01.23	2755.73	2758.76	2735.85	2754.58
2025.01.24	2755.03	2785.95	2753.62	2771.49
2025.01.27	2767.83	2772.5	2730.39	2740.54
2025.01.28	2740.92	2765.0	2734.75	2763.19
2025.01.29	2762.94	2766.13	2744.77	2759.46
2025.01.30	2759.28	2798.6	2757.71	2794.11
2025.01.31	2794.09	2817.11	2791.0	2800.02
2025.02.03	2801.42	2830.43	2772.05	2814.32
2025.02.04	2813.87	2845.42	2807.13	2841.71
2025.02.05	2841.21	2882.33	2839.62	2867.06
2025.02.06	2867.51	2873.16	2834.07	2855.77
2025.02.07	2855.91	2886.71	2852.35	2861.67
2025.02.10	2855.79	2911.76	2855.76	2907.73
2025.02.11	2907.76	2942.7	2881.74	2897.37
2025.02.12	2896.91	2909.16	2864.03	2904.01
2025.02.13	2904.37	2929.59	2900.39	2928.45
2025.02.14	2928.11	2940.0	2876.97	2882.97
2025.02.17	2886.26	2906.25	2878.46	2897.54
2025.02.18	2899.33	2936.9	2891.83	2934.84
2025.02.19	2934.9	2946.97	2918.56	2933.3
2025.02.20	2933.23	2954.86	2924.06	2939.55
2025.02.21	2938.61	2949.63	2916.77	2936.06
2025.02.24	2934.44	2956.22	2921.23	2952.46
2025.02.25	2952.8	2954.19	2888.23	2914.72
2025.02.26	2914.77	2930.09	2890.78	2916.07
2025.02.27	2916.6	2920.77	2867.83	2876.8
2025.02.28	2877.43	2885.03	2832.66	2858.97
2025.03.03	2859.43	2895.27	2858.84	2892.87
2025.03.04	2891.68	2927.81	2881.94	2917.68
2025.03.05	2918.02	2929.82	2894.28	2918.7
2025.03.06	2918.8	2926.54	2891.2	2910.82
2025.03.07	2911.86	2930.4	2896.47	2912.19
2025.03.10	2911.39	2918.22	2880.22	2889.24
2025.03.11	2888.16	2922.25	2879.93	2915.63
2025.03.12	2915.73	2940.47	2906.05	2933.16
2025.03.13	2933.84	2989.06	2932.64	2988.67
2025.03.14	2988.41	3004.89	2978.39	2988.08
2025.03.17	2984.61	3001.91	2982.19	3001.13
2025.03.18	3001.53	3038.26	2999.38	3033.9
2025.03.19	3033.82	3051.98	3022.7	3047.3
2025.03.20	3048.7	3057.45	3025.63	3044.61
2025.03.21	3044.88	3047.42	2999.26	3022.9
2025.03.24	3023.51	3033.22	3002.44	3012.2
2025.03.25	3011.34	3035.97	3007.46	3019.88
2025.03.26	3019.34	3032.05	3012.21	3019.05
2025.03.27	3020.81	3059.75	3017.51	3056.6
2025.03.28	3055.8	3086.8	3054.02	3084.34
2025.03.31	3088.04	3127.98	3076.56	3123.91
2025.04.01	3124.77	3148.94	3100.71	3114.1
2025.04.02	3113.91	3146.04	3104.99	3130.76
2025.04.03	3131.75	3167.53	3054.11	3113.84
2025.04.04	3113.78	3136.66	3015.54	3036.92
2025.04.07	3018.96	3055.24	2956.24	2981.93
2025.04.08	2981.89	3022.62	2974.62	2981.94
2025.04.09	2983.85	3099.36	2969.83	3083.03
2025.04.10	3080.64	3176.34	3071.22	3175.15
2025.04.11	3177.41	3245.4	3175.96	3238.3
2025.04.14	3218.95	3245.6	3193.46	3210.44
2025.04.15	3211.7	3233.55	3209.85	3229.32
2025.04.16	3230.48	3343.05	3229.78	3342.93
2025.04.17	3343.05	3357.69	3283.87	3326.59
2025.04.21	3331.26	3430.41	3328.18	3424.11
2025.04.22	3423.63	3499.92	3366.65	3381.18
2025.04.23	3319.5	3386.54	3260.02	3288.09
2025.04.24	3290.92	3367.5	3290.55	3348.54
2025.04.25	3355.91	3370.91	3264.98	3316.07
2025.04.28	3329.0	3352.86	3267.85	3344.04
2025.04.29	3346.02	3348.59	3299.63	3317.0
2025.04.30	3315.69	3327.88	3266.87	3288.03
2025.05.01	3287.86	3290.14	3201.73	3238.14
2025.05.02	3240.64	3269.19	3222.71	3240.72
2025.05.05	3242.35	3337.5	3237.36	3333.3
2025.05.06	3336.08	3434.83	3323.13	3430.33
2025.05.07	3425.96	3430.49	3359.93	3364.23
2025.05.08	3366.87	3414.59	3288.59	3305.92
2025.05.09	3308.27	3347.44	3274.41	3325.36
2025.05.12	3288.73	3296.33	3207.75	3234.81
2025.05.13	3239.41	3265.43	3215.69	3250.03
2025.05.14	3252.21	3256.96	3168.02	3177.24
2025.05.15	3179.36	3240.42	3120.65	3239.56
2025.05.16	3239.47	3252.06	3154.03	3201.02
2025.05.19	3212.2	3249.67	3205.04	3230.05
2025.05.20	3229.32	3295.54	3204.58	3289.75
2025.05.21	3291.73	3324.76	3285.24	3315.07
2025.05.22	3319.26	3345.24	3279.15	3294.56
2025.05.23	3295.71	3365.83	3286.75	3359.78
2025.05.26	3352.47	3356.69	3323.43	3341.74
2025.05.27	3343.26	3350.03	3284.83	3300.44
2025.05.28	3301.55	3325.33	3274.31	3288.3
2025.05.29	3286.44	3331.25	3245.3	3317.44
2025.05.30	3319.84	3322.53	3271.71	3290.82
2025.06.02	3298.15	3382.82	3297.56	3381.4
2025.06.03	3383.72	3391.92	3333.05	3353.15
2025.06.04	3355.66	3384.62	3343.73	3372.21
2025.06.05	3373.46	3403.58	3339.27	3352.54
2025.06.06	3353.91	3375.52	3307.0	3311.94
2025.06.09	3315.11	3338.16	3293.39	3325.49
2025.06.10	3326.9	3349.17	3301.81	3322.4
2025.06.11	3321.35	3360.54	3315.4	3354.89
2025.06.12	3358.31	3398.89	3338.46	3386.59
2025.06.13	3386.19	3446.67	3379.52	3432.57
2025.06.16	3441.77	3451.13	3382.75	3384.96
2025.06.17	3386.5	3403.23	3366.08	3388.5
2025.06.18	3392.19	3399.92	3362.41	3369.12
2025.06.19	3370.06	3387.86	3347.42	3373.93
2025.06.20	3369.54	3374.41	3340.3	3368.54
2025.06.23	3391.64	3394.38	3346.98	3368.86
2025.06.24	3368.77	3368.77	3295.4	3322.94
2025.06.25	3324.83	3337.1	3311.95	3331.92
2025.06.26	3334.94	3350.26	3309.92	3327.58
2025.06.27	3327.04	3327.24	3255.8	3274.46
2025.06.30	3280.93	3309.53	3245.66	3302.71
2025.07.01	3303.06	3358.03	3302.14	3338.78
2025.07.02	3337.78	3360.15	3327.63	3356.89
2025.07.03	3359.08	3365.51	3311.47	3325.84
2025.07.04	3326.28	3345.02	3323.43	3335.59
2025.07.07	3337.53	3342.32	3296.36	3336.29
2025.07.08	3339.48	3345.74	3287.03	3301.41
2025.07.09	3303.14	3316.78	3282.59	3313.47
2025.07.10	3314.0	3330.32	3310.07	3323.84
2025.07.11	3325.02	3368.73	3321.93	3357.01
2025.07.14	3364.57	3374.94	3340.92	3343.31
2025.07.15	3343.93	3366.26	3320.23	3324.77
2025.07.16	3323.87	3377.25	3319.61	3347.34
2025.07.17	3349.99	3352.17	3309.82	3338.93
2025.07.18	3339.6	3361.13	3331.87	3350.53
2025.07.21	3348.74	3401.5	3344.75	3396.89
2025.07.22	3398.16	3433.4	3383.29	3431.41
2025.07.23	3431.41	3438.99	3381.52	3386.98
2025.07.24	3390.12	3393.37	3351.34	3368.42
2025.07.25	3368.46	3373.43	3324.95	3336.39
2025.07.28	3323.9	3345.37	3301.72	3314.52
2025.07.29	3313.87	3334.07	3308.02	3326.33
2025.07.30	3326.84	3334.11	3267.98	3274.87
2025.07.31	3275.57	3314.8	3273.67	3290.06
2025.08.01	3289.82	3363.39	3281.58	3363.05
2025.08.04	3365.5	3385.4	3345.0	3373.34
2025.08.05	3374.1	3390.44	3349.79	3380.77
2025.08.06	3381.08	3385.35	3358.09	3369.1
2025.08.07	3370.87	3401.91	3365.16	3395.95
2025.08.08	3401.6	3408.94	3373.96	3397.21
2025.08.11	3403.63	3403.87	3341.27	3342.63
2025.08.12	3342.97	3359.23	3331.02	3348.12
2025.08.13	3349.63	3370.7	3342.62	3355.84
2025.08.14	3357.19	3374.65	3329.81	3335.45
2025.08.15	3336.95	3348.79	3332.16	3335.88
2025.08.18	3336.02	3358.4	3323.42	3332.87
2025.08.19	3333.95	3345.26	3314.92	3315.62
2025.08.20	3316.76	3350.01	3311.45	3348.27
2025.08.21	3350.41	3351.82	3325.14	3338.63
2025.08.22	3338.99	3378.81	3321.4	3371.96
2025.08.25	3371.2	3376.24	3359.67	3365.63
2025.08.26	3365.77	3393.68	3351.26	3393.62
2025.08.27	3394.03	3398.72	3373.69	3397.4
2025.08.28	3398.57	3423.16	3384.57	3416.89
2025.08.29	3417.19	3453.82	3404.33	3447.4
2025.09.01	3444.66	3489.74	3436.87	3476.54
2025.09.02	3474.93	3539.96	3469.92	3533.4
2025.09.03	3531.38	3578.48	3525.95	3558.95
2025.09.04	3560.44	3564.04	3510.61	3545.5
2025.09.05	3543.91	3600.07	3540.06	3587.02
2025.09.08	3584.17	3646.35	3579.38	3635.82
2025.09.09	3634.93	3674.16	3625.81	3626.1
2025.09.10	3625.47	3657.57	3620.13	3640.43
2025.09.11	3642.88	3649.05	3612.57	3633.81
2025.09.12	3634.34	3656.56	3630.45	3643.32
2025.09.15	3644.03	3685.59	3626.48	3678.86
2025.09.16	3680.79	3703.01	3674.42	3689.48
2025.09.17	3689.45	3707.35	3645.88	3659.74
2025.09.18	3660.71	3672.91	3627.92	3644.1
2025.09.19	3642.87	3685.25	3632.14	3685.25
2025.09.22	3684.54	3748.7	3683.47	3746.43
2025.09.23	3745.22	3791.07	3736.7	3763.8
2025.09.24	3766.07	3779.11	3717.44	3735.89
2025.09.25	3739.26	3761.57	3721.96	3748.87
2025.09.26	3748.63	3783.63	3734.38	3761.19
2025.09.29	3759.81	3834.27	3759.62	3833.98
2025.09.30	3830.45	3871.59	3792.94	3858.27
2025.10.01	3857.3	3895.25	3853.18	3865.3
2025.10.02	3869.02	3897.15	3819.35	3856.12
2025.10.03	3856.68	3891.53	3837.78	3886.49
2025.10.06	3887.11	3969.91	3883.8	3960.68
2025.10.07	3958.64	3990.92	3940.73	3984.25
2025.10.08	3984.54	4059.3	3982.5	4041.32
2025.10.09	4039.75	4057.92	3944.45	3975.7
2025.10.10	3979.35	4022.67	3946.78	4017.53
2025.10.13	4012.65	4117.27	4008.52	4110.29
2025.10.14	4110.74	4179.52	4090.11	4142.65
2025.10.15	4143.45	4218.33	4140.27	4207.71
2025.10.16	4209.54	4330.78	4199.27	4325.77
2025.10.17	4336.05	4379.36	4185.66	4246.72
2025.10.20	4243.55	4381.51	4218.54	4355.95
2025.10.21	4358.59	4375.11	4079.85	4125.18
2025.10.22	4126.18	4161.17	4003.07	4098.11
2025.10.23	4105.17	4154.56	4065.91	4125.69
2025.10.24	4128.94	4144.14	4043.86	4112.97
2025.10.27	4079.43	4108.56	3971.22	3981.63
2025.10.28	3979.43	4019.46	3886.38	3952.18
2025.10.29	3955.14	4030.0	3918.26	3929.48
2025.10.30	3926.49	4026.99	3915.03	4024.16
2025.10.31	4022.81	4045.72	3972.23	4003.32
2025.11.03	3983.9	4030.32	3961.93	4000.95
2025.11.04	4002.16	4005.74	3928.57	3931.75
2025.11.05	3932.83	3990.27	3929.84	3978.81
2025.11.06	3976.88	4019.36	3964.31	3976.71
2025.11.07	3974.64	4027.31	3974.33	4001.11
2025.11.10	3998.28	4116.67	3998.25	4115.71
2025.11.11	4116.43	4148.92	4096.9	4126.07
2025.11.12	4129.39	4211.55	4098.61	4195.18
2025.11.13	4202.96	4245.02	4145.08	4170.96
2025.11.14	4171.71	4211.23	4031.85	4084.21
2025.11.17	4082.48	4106.4	4006.77	4045.18
2025.11.18	4048.81	4082.32	3997.78	4067.2
2025.11.19	4068.02	4132.89	4055.33	4077.6
2025.11.20	4077.26	4109.82	4038.63	4077.0
2025.11.21	4074.81	4100.95	4022.09	4065.91
2025.11.24	4068.56	4140.03	4039.98	4134.84
2025.11.25	4133.27	4159.27	4109.3	4130.18
2025.11.26	4131.64	4173.3	4129.46	4163.5
2025.11.27	4164.17	4168.52	4142.53	4156.21
2025.11.28	4159.28	4226.67	4157.77	4222.51
2025.12.01	4228.73	4264.51	4204.49	4231.9
2025.12.02	4228.42	4235.79	4163.34	4205.45
2025.12.03	4206.12	4241.33	4194.3	4202.67
2025.12.04	4205.16	4219.34	4174.55	4208.36
2025.12.05	4207.17	4259.13	4191.82	4196.16
2025.12.08	4195.49	4218.84	4175.85	4190.43
2025.12.09	4190.99	4221.23	4169.81	4208.02
2025.12.10	4209.03	4238.44	4181.66	4228.4
2025.12.11	4227.18	4285.73	4204.07	4279.67
2025.12.12	4281.68	4353.38	4257.3	4299.83
2025.12.15	4294.4	4350.1	4285.15	4304.79
2025.12.16	4306.77	4335.12	4271.17	4301.97
2025.12.17	4301.08	4348.97	4301.02	4337.98
2025.12.18	4335.98	4374.75	4308.58	4332.12
2025.12.19	4333.74	4356.63	4308.84	4338.1
2025.12.22	4337.69	4448.99	4337.39	4443.26
2025.12.23	4447.17	4499.74	4430.3	4484.26
2025.12.24	4485.92	4525.77	4448.02	4481.54
2025.12.26	4485.39	4549.79	4481.15	4531.69
2025.12.29	4548.28	4549.38	4302.51	4331.51
2025.12.30	4336.06	4404.04	4323.01	4338.21
2025.12.31	4339.21	4372.86	4273.86	4318.53
2026.01.02	4329.23	4402.18	4309.67	4332.52
2026.01.05	4353.37	4455.81	4342.75	4448.42
2026.01.06	4449.19	4497.1	4427.67	4494.29
2026.01.07	4496.13	4500.24	4423.39	4456.17
2026.01.08	4459.52	4479.45	4407.48	4477.07
2026.01.09	4482.93	4517.03	4452.62	4509.48
2026.01.12	4522.18	4630.01	4512.19	4597.36
2026.01.13	4607.03	4634.62	4569.61	4586.15
2026.01.14	4591.84	4643.04	4588.76	4626.18
2026.01.15	4630.97	4631.93	4580.87	4615.59
2026.01.16	4617.31	4620.44	4536.52	4595.12
2026.01.19	4635.13	4690.04	4628.67	4674.67
2026.01.20	4674.72	4766.15	4659.11	4763.07
2026.01.21	4761.17	4888.11	4755.62	4830.9
2026.01.22	4831.68	4940.51	4772.07	4935.83
2026.01.23	4944.25	4989.69	4899.65	4985.85
2026.01.26	5008.39	5110.8	4989.55	5007.98
2026.01.27	5021.08	5190.04	5013.53	5180.46
2026.01.28	5171.66	5418.5	5156.95	5417.38
2026.01.29	5422.54	5596.81	5097.94	5369.78
2026.01.30	5399.61	5450.75	4686.67	4881.66
2026.02.02	4832.19	4883.85	4401.35	4658.81
2026.02.03	4674.88	4993.54	4674.88	4945.89
2026.02.04	4963.88	5091.59	4848.42	4964.13
2026.02.05	4980.45	5023.25	4759.36	4778.47
2026.02.06	4758.59	4971.11	4653.71	4963.86
2026.02.09	4987.7	5085.92	4962.85	5057.98
2026.02.10	5065.25	5078.63	4984.14	5024.6
2026.02.11	5024.45	5118.86	5017.19	5084.6
2026.02.12	5096.13	5099.64	4877.71	4920.5
2026.02.13	4886.68	5046.02	4877.99	5042.01
2026.02.16	5033.73	5034.36	4964.56	4991.49
2026.02.17	4989.57	5000.43	4838.42	4876.8
2026.02.18	4872.33	5010.58	4846.7	4976.75
2026.02.19	4976.48	5022.09	4947.16	4996.16
2026.02.20	5002.5	5106.25	4981.36	5103.13
2026.02.23	5106.99	5237.53	5097.95	5227.08
2026.02.24	5227.39	5249.32	5092.5	5143.74
2026.02.25	5139.11	5217.36	5116.65	5164.6
2026.02.26	5163.7	5204.61	5129.75	5184.81
2026.02.27	5188.07	5280.75	5166.04	5279.05
2026.03.02	5309.26	5418.95	5260.2	5321.53
2026.03.03	5331.71	5379.71	4996.16	5088.2
2026.03.04	5108.15	5206.18	5082.92	5141.04
2026.03.05	5147.26	5194.68	5050.52	5081.06
2026.03.06	5083.53	5174.3	5060.78	5171.37
2026.03.09	5190.0	5190.3	5014.15	5136.38
2026.03.10	5148.16	5238.31	5116.94	5192.24
2026.03.11	5187.37	5222.83	5148.86	5175.92
2026.03.12	5181.81	5191.52	5054.77	5078.71
2026.03.13	5073.43	5128.17	5009.24	5020.85
2026.03.16	5016.48	5037.68	4966.62	5006.0
2026.03.17	5009.55	5044.04	4973.05	5005.32
2026.03.18	5004.36	5016.14	4806.61	4818.15
2026.03.19	4827.53	4866.67	4501.92	4653.31
2026.03.20	4658.04	4735.38	4477.13	4495.83
2026.03.23	4485.7	4535.04	4098.09	4406.18
2026.03.24	4413.41	4483.43	4304.84	4473.75
2026.03.25	4472.33	4601.09	4455.2	4505.96
2026.03.26	4515.24	4544.22	4350.98	4377.2
2026.03.27	4375.52	4555.19	4374.51	4494.19
2026.03.30	4482.58	4580.57	4419.09	4509.95
2026.03.31	4513.56	4687.02	4482.3	4666.9
2026.04.01	4680.88	4792.71	4660.76	4758.43
2026.04.02	4755.34	4799.84	4553.7	4675.15
2026.04.06	4655.58	4706.25	4600.33	4649.86
2026.04.07	4657.75	4718.16	4607.21	4705.66
2026.04.08	4741.78	4856.79	4699.59	4718.49
2026.04.09	4725.27	4801.03	4698.1	4763.94
2026.04.10	4770.85	4794.77	4730.41	4748.72
2026.04.13	4673.33	4749.65	4643.28	4739.94
2026.04.14	4748.43	4845.96	4742.13	4841.31
2026.04.15	4839.28	4870.97	4783.43	4790.29
2026.04.16	4796.33	4838.29	4768.11	4790.02
2026.04.17	4792.19	4889.01	4767.33	4833.98
2026.04.20	4763.67	4827.43	4734.18	4820.45
2026.04.21	4820.82	4832.64	4667.82	4719.56
2026.04.22	4718.83	4772.12	4715.27	4739.84
2026.04.23	4744.65	4753.53	4663.65	4693.84
2026.04.24	4698.95	4740.2	4657.49	4707.58
2026.04.27	4691.84	4729.72	4666.97	4681.48
2026.04.28	4682.52	4701.1	4554.64	4596.93
2026.04.29	4598.47	4610.07	4510.0	4543.31
2026.04.30	4541.47	4646.63	4538.72	4621.43
2026.05.01	4626.93	4660.48	4559.98	4616.21
2026.05.04	4618.55	4629.12	4500.22	4523.38
2026.05.05	4522.34	4586.34	4513.37	4557.29
2026.05.06	4557.17	4722.92	4545.94	4690.41
2026.05.07	4694.55	4764.67	4685.23	4686.75
2026.05.08	4686.06	4749.28	4681.48	4714.89
2026.05.11	4691.66	4748.32	4647.8	4734.4
2026.05.12	4739.01	4773.28	4638.18	4715.03
2026.05.13	4713.56	4726.67	4669.38	4688.35
2026.05.14	4692.23	4718.56	4643.99	4651.63
2026.05.15	4649.01	4665.1	4511.47	4537.81
2026.05.18	4531.89	4583.96	4480.01	4565.85
2026.05.19	4568.48	4589.09	4464.32	4481.65
2026.05.20	4481.88	4552.74	4453.14	4543.45
2026.05.21	4546.85	4570.6	4488.44	4542.57
2026.05.22	4541.82	4545.49	4491.15	4506.48
2026.05.25	4542.58	4580.04	4541.51	4568.54
2026.05.26	4571.39	4580.18	4482.54	4506.78
2026.05.27	4502.73	4527.63	4401.28	4455.8
2026.05.28	4462.8	4516.32	4365.97	4495.33
2026.05.29	4498.01	4594.22	4488.73	4539.51
2026.06.01	4519.99	4545.92	4446.31	4484.51
2026.06.02	4486.02	4541.37	4462.51	4487.5
2026.06.03	4491.34	4496.35	4426.29	4433.98
2026.06.04	4436.3	4515.38	4423.32	4474.96
2026.06.05	4473.21	4481.29	4311.6	4327.13
2026.06.08	4327.52	4353.41	4268.28	4329.28
2026.06.09	4329.97	4363.03	4236.29	4259.16
2026.06.10	4254.9	4257.01	4066.9	4070.61
2026.06.11	4069.51	4220.09	4022.97	4210.29
2026.06.12	4217.61	4246.01	4169.11	4216.5
2026.06.15	4267.11	4369.36	4267.11	4308.67
2026.06.16	4310.5	4354.81	4305.78	4330.73
2026.06.17	4333.53	4382.06	4218.44	4257.48
2026.06.18	4256.2	4329.88	4201.01	4208.62
2026.06.19	4211.7	4212.72	4121.54	4155.1
2026.06.22	4147.8	4220.56	4136.29	4190.87
2026.06.23	4191.46	4198.33	4090.57	4109.44
2026.06.24	4112.02	4114.75	3958.07	3999.78
2026.06.25	4005.11	4043.99	3963.27	4026.02
2026.06.26	4028.14	4095.95	3982.81	4081.42
2026.06.29	4077.96	4084.94	3999.81	4015.9
2026.06.30	4017.8	4063.15	3939.54	4006.82
2026.07.01	4011.34	4115.51	3959.95	4030.48
2026.07.02	4033.37	4143.81	4030.77	4123.55
2026.07.03	4125.64	4195.41	4120.85	4174.65
2026.07.06	4176.58	4203.01	4127.63	4164.61
2026.07.07	4166.21	4180.21	4092.09	4105.38
2026.07.08	4094.57	4133.85	4021.52	4076.08
2026.07.09	4076.74	4137.93	4054.02	4123.17
2026.07.10	4124.2	4134.64	4072.37	4118.51
2026.07.13	4096.26	4101.19	3986.2	4000.32
2026.07.14	4004.95	4102.14	3981.81	4052.47
2026.07.15	4051.52	4081.33	4017.21	4059.94
2026.07.16	4063.72	4064.77	3968.38	3976.01
2026.07.17	3977.44	4023.58	3959.59	4015.66
2026.07.20	4000.54	4040.44	3981.79	4007.15
2026.07.21	4009.33	4087.19	3999.62	4077.02
2026.07.22	4078.8	4165.88	4076.55	4129.56
2026.07.23	4115.5	4140.82	4040.04	4049.11
2026.07.24	4048.43	4081.95	4021.77	4052.74
2026.07.27	4090.77	4116.06	4065.18	4076.34
2026.07.28	4081.23	4081.23	4011.52	4028.18
2026.07.29	4027.53	4116.39	3994.37	4065.71
2026.07.30	4071.14	4120.09	4027.87	4103.22
2026.07.31	4105.24	4111.58	4020.76	4046.86
2026.08.03	4072.7	4078.85	4018.61	4054.82
2026.08.04	4053.47	4106.15	4042.43	4077.08
2026.08.05	4077.51	4267.72	4064.87	4246.33
2026.08.06	4249.27	4304.06	4223.14	4240.06
2026.08.07	4238.24	4371.72	4229.46	4340.8
2026.08.10	4347.6	4395.01	4312.95	4389.66
2026.08.11	4389.39	4434.97	4356.62	4367.55
2026.08.12	4371.16	4441.16	4362.23	4408.09
2026.08.13	4408.26	4449.47	4343.47	4350.56
2026.08.14	4352.6	4396.86	4310.69	4375.62
2026.08.17	4378.72	4428.68	4367.15	4416.12
2026.08.18	4417.52	4435.96	4329.09	4333.97
2026.08.19	4335.0	4523.99	4324.07	4522.79
2026.08.20	4524.62	4540.8	4450.62	4518.69
2026.08.21	4520.3	4631.92	4508.4	4604.36
2026.08.24	4623.08	4680.61	4594.36	4650.98
2026.08.25	4654.76	4696.38	4605.26	4658.35
2026.08.26	4660.14	4673.51	4582.8	4593.99
2026.08.27	4604.25	4642.83	4565.23	4601.26
2026.08.28	4607.25	4631.36	4445.28	4453.67
2026.08.31	4432.63	4471.92	4396.48	4448.57
2026.09.01	4448.81	4461.33	4320.89	4327.74
2026.09.02	4333.81	4397.68	4282.16	4387.86
2026.09.03	4390.54	4510.71	4380.97	4472.86
2026.09.04	4473.25	4490.63	4365.28	4430.95
2026.09.07	4421.36	4434.97	4380.43	4412.06
2026.09.08	4412.47	4442.71	4343.65	4354.8
2026.09.09	4353.31	4433.95	4341.29	4401.07
2026.09.10	4402.77	4434.74	4313.56	4316.33
2026.09.11	4322.0	4402.13	4292.87	4348.33
2026.09.14	4335.31	4355.17	4253.63	4298.31
2026.09.15	4299.79	4317.21	4261.2	4293.37
2026.09.16	4294.85	4366.41	4234.67	4263.57
2026.09.17	4260.72	4381.0	4257.21	4341.4
2026.09.18	4342.63	4399.57	4333.13	4378.02
2026.09.21	4376.02	4383.23	4322.56	4343.05
2026.09.22	4347.84	4375.93	4291.5	4357.97
2026.09.23	4360.05	4369.15	4274.69	4286.9
2026.09.24	4290.08	4303.06	4244.04	4273.49
2026.09.25	4274.66	4315.5	4253.12	4285.07
2026.09.28	4268.77	4274.61	4110.73	4114.53
2026.09.29	4114.64	4184.96	4113.17	4181.53
2026.09.30	4183.69	4219.12	4147.11	4156.65
2026.10.01	4159.15	4192.7	4138.64	4176.78
2026.10.02	4175.28	4228.44	4124.98	4138.75
