time,open,high,low,close
2008-08-06,1867.0,1903.0,1853.0,1895.0
2008-08-07,1881.0,1904.0,1873.0,1880.0
2008-08-08,1879.0,1929.0,1877.0,1926.0
2008-08-11,1922.0,1963.0,1918.0,1941.0
2008-08-12,1938.0,1957.0,1932.0,1941.0
2008-08-13,1936.0,1956.0,1921.0,1942.0
2008-08-14,1930.0,1969.0,1930.0,1964.0
2008-08-15,1971.0,1974.0,1950.0,1958.0
2008-08-18,1959.0,1964.0,1921.0,1933.0
2008-08-19,1919.0,1933.0,1900.0,1909.0
2008-08-20,1919.0,1932.0,1900.0,1913.0
2008-08-21,1900.0,1913.0,1886.0,1907.0
2008-08-22,1920.0,1938.0,1915.0,1931.0
2008-08-25,1917.0,1919.0,1886.0,1890.0
2008-08-26,1890.0,1901.0,1875.0,1886.0
2008-08-27,1887.0,1914.0,1882.0,1900.0
2008-08-28,1907.0,1921.0,1904.0,1915.0
2008-08-29,1898.0,1900.0,1867.0,1873.0
2008-09-02,1905.0,1913.0,1843.0,1850.0
2008-09-03,1849.0,1854.0,1820.0,1833.0
2008-09-04,1819.0,1825.0,1775.0,1775.0
2008-09-05,1758.0,1779.0,1740.0,1768.0
2008-09-08,1801.0,1801.0,1735.0,1763.0
2008-09-09,1763.0,1779.0,1722.0,1722.0
2008-09-10,1743.0,1754.0,1726.0,1738.0
2008-09-11,1714.0,1774.0,1714.0,1774.0
2008-09-12,1759.0,1775.0,1744.0,1767.0
2008-09-15,1713.0,1758.0,1705.0,1705.0
2008-09-16,1676.0,1739.0,1676.0,1724.0
2008-09-17,1698.0,1708.0,1632.0,1632.0
2008-09-18,1667.0,1704.0,1606.0,1697.0
2008-09-19,1768.0,1774.0,1718.0,1745.0
2008-09-22,1738.0,1743.0,1665.0,1666.0
2008-09-23,1676.0,1697.0,1646.0,1648.0
2008-09-24,1654.0,1678.0,1649.0,1661.0
2008-09-25,1675.0,1708.0,1669.0,1688.0
2008-09-26,1635.0,1678.0,1635.0,1672.0
2008-09-29,1632.0,1643.0,1496.0,1496.0
2008-09-30,1543.0,1598.0,1530.0,1595.0
2008-10-01,1582.0,1584.0,1548.0,1564.0
2008-10-02,1555.0,1555.0,1491.0,1491.0
2008-10-03,1513.0,1552.0,1469.0,1471.0
2008-10-06,1427.0,1440.0,1339.0,1411.0
2008-10-07,1426.0,1433.0,1330.0,1330.0
2008-10-08,1295.0,1386.0,1295.0,1331.0
2008-10-09,1354.0,1370.0,1262.0,1275.0
2008-10-10,1226.0,1317.0,1196.0,1270.0
2008-10-13,1337.0,1430.0,1319.0,1430.0
2008-10-14,1470.0,1471.0,1351.0,1365.0
2008-10-15,1348.0,1356.0,1244.0,1244.0
2008-10-16,1251.0,1313.0,1192.0,1313.0
2008-10-17,1285.0,1368.0,1279.0,1312.0
2008-10-20,1331.0,1353.0,1290.0,1353.0
2008-10-21,1330.0,1352.0,1282.0,1283.0
2008-10-22,1275.0,1285.0,1210.0,1237.0
2008-10-23,1239.0,1264.0,1177.0,1239.0
2008-10-24,1147.0,1229.0,1147.0,1202.0
2008-10-27,1182.0,1227.0,1168.0,1170.0
2008-10-28,1205.0,1298.0,1175.0,1298.0
2008-10-29,1294.0,1344.0,1272.0,1302.0
2008-10-30,1332.0,1344.0,1301.0,1334.0
2008-10-31,1321.0,1359.0,1306.0,1335.0
2008-11-03,1334.0,1347.0,1322.0,1335.0
2008-11-04,1364.0,1383.0,1342.0,1378.0
2008-11-05,1363.0,1365.0,1299.0,1300.0
2008-11-06,1279.0,1295.0,1236.0,1242.0
2008-11-07,1257.0,1279.0,1244.0,1272.0
2008-11-10,1299.0,1299.0,1237.0,1251.0
2008-11-11,1235.0,1249.0,1209.0,1226.0
2008-11-12,1203.0,1211.0,1165.0,1165.0
2008-11-13,1163.0,1241.0,1110.0,1241.0
2008-11-14,1206.0,1236.0,1176.0,1180.0
2008-11-17,1160.0,1188.0,1149.0,1152.0
2008-11-18,1159.0,1167.0,1113.0,1156.0
2008-11-19,1153.0,1169.0,1088.0,1088.0
2008-11-20,1076.0,1115.0,1035.0,1037.0
2008-11-21,1053.0,1086.0,1019.0,1086.0
2008-11-24,1109.0,1163.0,1097.0,1154.0
2008-11-25,1168.0,1168.0,1118.0,1143.0
2008-11-26,1130.0,1193.0,1127.0,1193.0
2008-11-28,1182.0,1186.0,1172.0,1186.0
2008-12-01,1162.0,1162.0,1091.0,1091.0
2008-12-02,1110.0,1133.0,1091.0,1130.0
2008-12-03,1102.0,1166.0,1102.0,1166.0
2008-12-04,1144.0,1169.0,1111.0,1128.0
2008-12-05,1116.0,1180.0,1096.0,1178.0
2008-12-08,1201.0,1237.0,1197.0,1225.0
2008-12-09,1206.0,1252.0,1202.0,1212.0
2008-12-10,1217.0,1237.0,1204.0,1222.0
2008-12-11,1211.0,1229.0,1176.0,1180.0
2008-12-12,1156.0,1212.0,1156.0,1207.0
2008-12-15,1205.0,1207.0,1168.0,1182.0
2008-12-16,1192.0,1244.0,1192.0,1243.0
2008-12-17,1224.0,1242.0,1212.0,1226.0
2008-12-18,1231.0,1234.0,1193.0,1205.0
2008-12-19,1217.0,1235.0,1211.0,1217.0
2008-12-22,1217.0,1217.0,1169.0,1189.0
2008-12-23,1197.0,1204.0,1176.0,1183.0
2008-12-24,1184.0,1188.0,1179.0,1184.0
2008-12-26,1189.0,1190.0,1179.0,1185.0
2008-12-29,1187.0,1188.0,1158.0,1173.0
2008-12-30,1180.0,1203.0,1178.0,1201.0
2008-12-31,1202.0,1223.0,1200.0,1212.0
2009-01-02,1212.0,1266.0,1209.0,1264.0
2009-01-05,1259.0,1274.0,1245.0,1263.0
2009-01-06,1274.0,1286.0,1266.0,1274.0
2009-01-07,1250.0,1256.0,1228.0,1239.0
2009-01-08,1233.0,1253.0,1224.0,1253.0
2009-01-09,1255.0,1255.0,1218.0,1223.0
2009-01-12,1224.0,1225.0,1189.0,1201.0
2009-01-13,1199.0,1219.0,1187.0,1203.0
2009-01-14,1184.0,1190.0,1158.0,1163.0
2009-01-15,1157.0,1192.0,1142.0,1184.0
2009-01-16,1202.0,1203.0,1168.0,1198.0
2009-01-20,1192.0,1196.0,1137.0,1137.0
2009-01-21,1155.0,1186.0,1142.0,1186.0
2009-01-22,1161.0,1188.0,1150.0,1168.0
2009-01-23,1149.0,1193.0,1145.0,1176.0
2009-01-26,1176.0,1203.0,1169.0,1185.0
2009-01-27,1190.0,1202.0,1184.0,1194.0
2009-01-28,1215.0,1245.0,1213.0,1236.0
2009-01-29,1217.0,1221.0,1199.0,1204.0
2009-01-30,1210.0,1216.0,1177.0,1180.0
2009-02-02,1170.0,1203.0,1168.0,1196.0
2009-02-03,1197.0,1219.0,1181.0,1216.0
2009-02-04,1216.0,1244.0,1211.0,1215.0
2009-02-05,1201.0,1250.0,1200.0,1245.0
2009-02-06,1247.0,1280.0,1244.0,1277.0
2009-02-09,1277.0,1286.0,1268.0,1282.0
2009-02-10,1269.0,1287.0,1224.0,1229.0
2009-02-11,1229.0,1240.0,1209.0,1227.0
2009-02-12,1209.0,1243.0,1206.0,1243.0
2009-02-13,1241.0,1250.0,1232.0,1237.0
2009-02-17,1201.0,1204.0,1181.0,1187.0
2009-02-18,1194.0,1204.0,1173.0,1189.0
2009-02-19,1197.0,1202.0,1167.0,1168.0
2009-02-20,1161.0,1183.0,1153.0,1173.0
2009-02-23,1176.0,1180.0,1127.0,1129.0
2009-02-24,1133.0,1177.0,1133.0,1171.0
2009-02-25,1161.0,1184.0,1143.0,1161.0
2009-02-26,1170.0,1175.0,1127.0,1127.0
2009-02-27,1111.0,1135.0,1111.0,1117.0
2009-03-02,1099.0,1116.0,1075.0,1077.0
2009-03-03,1088.0,1102.0,1073.0,1081.0
2009-03-04,1098.0,1125.0,1094.0,1110.0
2009-03-05,1094.0,1106.0,1073.0,1075.0
2009-03-06,1078.0,1088.0,1044.0,1065.0
2009-03-09,1055.0,1087.0,1041.0,1044.0
2009-03-10,1064.0,1109.0,1060.0,1100.0
2009-03-11,1123.0,1166.0,1111.0,1163.0
2009-03-12,1163.0,1174.0,1148.0,1165.0
2009-03-16,1165.0,1191.0,1141.0,1190.0
2009-03-17,1190.0,1225.0,1179.0,1209.0
2009-03-18,1209.0,1220.0,1192.0,1201.0
2009-03-19,1201.0,1217.0,1175.0,1183.0
2009-03-23,1183.0,1258.0,1183.0,1232.0
2009-03-24,1232.0,1254.0,1205.0,1237.0
2009-03-25,1237.0,1281.0,1237.0,1274.0
2009-03-26,1274.0,1277.0,1248.0,1251.0
2009-03-30,1251.0,1256.0,1203.0,1225.0
2009-03-31,1225.0,1253.0,1209.0,1249.0
2009-04-01,1249.0,1308.0,1247.0,1301.0
2009-04-02,1301.0,1312.0,1291.0,1312.0
2009-04-06,1312.0,1325.0,1265.0,1279.0
2009-04-07,1279.0,1305.0,1265.0,1301.0
2009-04-08,1301.0,1341.0,1299.0,1337.0
2009-04-13,1337.0,1353.0,1305.0,1306.0
2009-04-14,1306.0,1319.0,1293.0,1317.0
2009-04-15,1317.0,1358.0,1307.0,1342.0
2009-04-16,1342.0,1360.0,1336.0,1352.0
2009-04-20,1352.0,1352.0,1300.0,1328.0
2009-04-21,1328.0,1361.0,1315.0,1332.0
2009-04-22,1332.0,1353.0,1319.0,1346.0
2009-04-23,1346.0,1378.0,1335.0,1369.0
2009-04-27,1369.0,1383.0,1350.0,1357.0
2009-04-28,1357.0,1398.0,1356.0,1380.0
2009-04-29,1380.0,1418.0,1377.0,1391.0
2009-04-30,1391.0,1403.0,1382.0,1396.0
2009-05-04,1396.0,1429.0,1396.0,1427.0
2009-05-05,1427.0,1435.0,1399.0,1419.0
2009-05-06,1419.0,1436.0,1375.0,1391.0
2009-05-07,1391.0,1411.0,1376.0,1391.0
2009-05-11,1391.0,1409.0,1360.0,1385.0
2009-05-12,1385.0,1389.0,1338.0,1343.0
2009-05-13,1343.0,1368.0,1336.0,1355.0
2009-05-14,1355.0,1372.0,1341.0,1355.0
2009-05-18,1355.0,1410.0,1342.0,1390.0
2009-05-19,1390.0,1422.0,1387.0,1393.0
2009-05-20,1393.0,1393.0,1352.0,1370.0
2009-05-21,1370.0,1379.0,1352.0,1361.0
2009-05-25,1361.0,1414.0,1342.0,1411.0
2009-05-26,1411.0,1427.0,1396.0,1400.0
2009-05-27,1400.0,1423.0,1388.0,1417.0
2009-05-28,1417.0,1439.0,1410.0,1439.0
2009-06-01,1439.0,1493.0,1429.0,1477.0
2009-06-02,1477.0,1483.0,1458.0,1475.0
2009-06-03,1475.0,1492.0,1472.0,1492.0
2009-06-04,1492.0,1510.0,1477.0,1492.0
2009-06-08,1492.0,1508.0,1465.0,1498.0
2009-06-09,1498.0,1516.0,1472.0,1495.0
2009-06-10,1495.0,1511.0,1487.0,1488.0
2009-06-11,1488.0,1496.0,1468.0,1487.0
2009-06-15,1487.0,1487.0,1441.0,1444.0
2009-06-16,1444.0,1469.0,1438.0,1453.0
2009-06-17,1453.0,1463.0,1443.0,1448.0
2009-06-18,1448.0,1475.0,1447.0,1467.0
2009-06-22,1467.0,1469.0,1411.0,1424.0
2009-06-23,1424.0,1457.0,1421.0,1447.0
2009-06-24,1447.0,1477.0,1433.0,1474.0
2009-06-25,1474.0,1483.0,1465.0,1477.0
2009-06-29,1477.0,1493.0,1466.0,1477.0
2009-06-30,1477.0,1497.0,1475.0,1479.0
2009-07-01,1479.0,1479.0,1439.0,1440.0
2009-07-02,1440.0,1451.0,1440.0,1444.0
2009-07-06,1444.0,1447.0,1402.0,1407.0
2009-07-07,1407.0,1416.0,1393.0,1410.0
2009-07-08,1410.0,1422.0,1407.0,1414.0
2009-07-09,1414.0,1427.0,1404.0,1419.0
2009-07-13,1419.0,1475.0,1400.0,1473.0
2009-07-14,1473.0,1500.0,1467.0,1496.0
2009-07-15,1496.0,1519.0,1488.0,1510.0
2009-07-16,1510.0,1525.0,1504.0,1524.0
2009-07-20,1524.0,1559.0,1523.0,1559.0
2009-07-21,1559.0,1570.0,1545.0,1558.0
2009-07-22,1558.0,1603.0,1554.0,1572.0
2009-07-23,1572.0,1598.0,1571.0,1597.0
2009-07-27,1597.0,1608.0,1578.0,1600.0
2009-07-28,1600.0,1603.0,1583.0,1600.0
2009-07-29,1600.0,1631.0,1599.0,1606.0
2009-07-30,1606.0,1618.0,1600.0,1601.0
2009-08-03,1601.0,1632.0,1600.0,1630.0
2009-08-04,1630.0,1630.0,1602.0,1606.0
2009-08-05,1606.0,1622.0,1593.0,1600.0
2009-08-06,1600.0,1627.0,1595.0,1619.0
2009-08-10,1619.0,1619.0,1585.0,1596.0
2009-08-11,1596.0,1633.0,1587.0,1620.0
2009-08-12,1620.0,1638.0,1609.0,1632.0
2009-08-13,1632.0,1633.0,1594.0,1609.0
2009-08-17,1609.0,1615.0,1561.0,1584.0
2009-08-18,1584.0,1599.0,1564.0,1597.0
2009-08-19,1597.0,1618.0,1591.0,1613.0
2009-08-20,1613.0,1639.0,1600.0,1636.0
2009-08-24,1636.0,1655.0,1625.0,1636.0
2009-08-25,1636.0,1648.0,1627.0,1636.0
2009-08-26,1636.0,1643.0,1610.0,1639.0
2009-08-27,1639.0,1668.0,1630.0,1641.0
2009-08-31,1641.0,1648.0,1590.0,1595.0
2009-09-01,1595.0,1602.0,1585.0,1592.0
2009-09-02,1592.0,1608.0,1584.0,1605.0
2009-09-03,1605.0,1640.0,1601.0,1638.0
2009-09-07,1638.0,1655.0,1633.0,1651.0
2009-09-08,1651.0,1675.0,1644.0,1666.0
2009-09-09,1666.0,1685.0,1661.0,1683.0
2009-09-10,1683.0,1690.0,1673.0,1685.0
2009-09-14,1685.0,1702.0,1666.0,1694.0
2009-09-15,1694.0,1723.0,1694.0,1717.0
2009-09-16,1717.0,1740.0,1713.0,1721.0
2009-09-17,1721.0,1731.0,1713.0,1724.0
2009-09-21,1724.0,1741.0,1707.0,1733.0
2009-09-22,1733.0,1741.0,1729.0,1739.0
2009-09-23,1739.0,1753.0,1696.0,1701.0
2009-09-24,1701.0,1712.0,1691.0,1696.0
2009-09-28,1696.0,1732.0,1688.0,1718.0
2009-09-29,1718.0,1726.0,1689.0,1723.0
2009-09-30,1723.0,1730.0,1671.0,1676.0
2009-10-01,1676.0,1680.0,1650.0,1662.0
2009-10-05,1662.0,1711.0,1658.0,1704.0
2009-10-06,1704.0,1708.0,1686.0,1704.0
2009-10-07,1704.0,1730.0,1697.0,1727.0
2009-10-08,1727.0,1727.0,1706.0,1721.0
2009-10-12,1721.0,1740.0,1716.0,1729.0
2009-10-13,1729.0,1751.0,1723.0,1746.0
2009-10-14,1746.0,1753.0,1736.0,1742.0
2009-10-15,1742.0,1758.0,1725.0,1729.0
2009-10-19,1729.0,1774.0,1724.0,1747.0
2009-10-20,1747.0,1780.0,1746.0,1769.0
2009-10-21,1769.0,1775.0,1738.0,1750.0
2009-10-22,1750.0,1779.0,1748.0,1758.0
2009-10-26,1758.0,1777.0,1723.0,1727.0
2009-10-27,1727.0,1729.0,1687.0,1690.0
2009-10-28,1690.0,1709.0,1678.0,1706.0
2009-10-29,1706.0,1713.0,1679.0,1684.0
2009-11-02,1684.0,1688.0,1651.0,1664.0
2009-11-03,1664.0,1700.0,1659.0,1694.0
2009-11-04,1694.0,1722.0,1672.0,1712.0
2009-11-05,1712.0,1737.0,1706.0,1722.0
2009-11-09,1722.0,1777.0,1722.0,1766.0
2009-11-10,1766.0,1793.0,1763.0,1776.0
2009-11-11,1776.0,1794.0,1771.0,1779.0
2009-11-12,1779.0,1787.0,1769.0,1784.0
2009-11-16,1784.0,1814.0,1784.0,1803.0
2009-11-17,1803.0,1814.0,1791.0,1798.0
2009-11-18,1798.0,1803.0,1761.0,1768.0
2009-11-19,1768.0,1776.0,1756.0,1760.0
2009-11-23,1760.0,1800.0,1760.0,1781.0
2009-11-24,1781.0,1798.0,1777.0,1792.0
2009-11-25,1792.0,1796.0,1745.0,1749.0
2009-11-26,1749.0,1776.0,1722.0,1773.0
2009-11-30,1773.0,1792.0,1749.0,1792.0
2009-12-01,1792.0,1805.0,1785.0,1794.0
2009-12-02,1794.0,1805.0,1785.0,1795.0
2009-12-03,1795.0,1815.0,1775.0,1807.0
2009-12-07,1807.0,1807.0,1759.0,1782.0
2009-12-08,1782.0,1783.0,1757.0,1775.0
2009-12-09,1775.0,1807.0,1768.0,1802.0
2009-12-10,1802.0,1811.0,1796.0,1800.0
2009-12-14,1800.0,1812.0,1787.0,1807.0
2009-12-15,1807.0,1813.0,1792.0,1809.0
2009-12-16,1809.0,1810.0,1776.0,1781.0
2009-12-17,1781.0,1803.0,1775.0,1793.0
2009-12-21,1793.0,1841.0,1793.0,1835.0
2009-12-22,1835.0,1850.0,1834.0,1847.0
2009-12-23,1847.0,1867.0,1846.0,1867.0
2009-12-28,1867.0,1882.0,1863.0,1872.0
2009-12-29,1872.0,1881.0,1863.0,1874.0
2009-12-30,1874.0,1882.0,1869.0,1871.0
2010-01-04,1871.0,1889.0,1866.0,1883.0
2010-01-05,1883.0,1891.0,1875.0,1881.0
2010-01-06,1881.0,1885.0,1865.0,1870.0
2010-01-07,1870.0,1885.0,1865.0,1881.0
2010-01-11,1881.0,1899.0,1861.0,1865.0
2010-01-12,1865.0,1872.0,1850.0,1864.0
2010-01-13,1864.0,1889.0,1864.0,1881.0
2010-01-14,1881.0,1894.0,1866.0,1871.0
2010-01-18,1871.0,1889.0,1857.0,1886.0
2010-01-19,1886.0,1895.0,1845.0,1853.0
2010-01-20,1853.0,1884.0,1841.0,1846.0
2010-01-21,1846.0,1858.0,1825.0,1832.0
2010-01-22,1842.0,1849.0,1791.0,1795.0
2010-01-25,1832.0,1832.0,1784.0,1815.0
2010-01-26,1815.0,1824.0,1790.0,1801.0
2010-01-27,1801.0,1822.0,1761.0,1766.0
2010-01-28,1766.0,1790.0,1760.0,1775.0
2010-02-01,1775.0,1775.0,1738.0,1766.0
2010-02-02,1766.0,1780.0,1764.0,1772.0
2010-02-03,1772.0,1793.0,1739.0,1744.0
2010-02-04,1744.0,1746.0,1722.0,1737.0
2010-02-08,1737.0,1758.0,1731.0,1755.0
2010-02-09,1755.0,1768.0,1737.0,1743.0
2010-02-10,1751.0,1773.0,1737.0,1771.0
2010-02-11,1747.0,1779.0,1737.0,1768.0
2010-02-12,1777.0,1783.0,1755.0,1778.0
2010-02-15,1778.0,1799.0,1776.0,1797.0
2010-02-16,1780.0,1810.0,1778.0,1802.0
2010-02-17,1800.0,1817.0,1798.0,1815.0
2010-02-18,1812.0,1829.0,1802.0,1828.0
2010-02-19,1809.0,1830.0,1802.0,1821.0
2010-02-22,1821.0,1832.0,1792.0,1793.0
2010-02-23,1818.0,1828.0,1785.0,1813.0
2010-02-24,1800.0,1819.0,1780.0,1783.0
2010-02-25,1813.0,1822.0,1780.0,1817.0
2010-02-26,1812.0,1822.0,1803.0,1819.0
2010-03-01,1819.0,1858.0,1819.0,1857.0
2010-03-02,1845.0,1862.0,1842.0,1859.0
2010-03-03,1852.0,1861.0,1844.0,1853.0
2010-03-04,1851.0,1885.0,1844.0,1882.0
2010-03-05,1858.0,1889.0,1858.0,1886.0
2010-03-08,1886.0,1905.0,1880.0,1903.0
2010-03-09,1886.0,1918.0,1880.0,1916.0
2010-03-10,1900.0,1920.0,1898.0,1915.0
2010-03-11,1915.0,1931.0,1908.0,1922.0
2010-03-12,1923.0,1931.0,1915.0,1923.0
2010-03-15,1923.0,1928.0,1906.0,1925.0
2010-03-16,1919.0,1939.0,1917.0,1938.0
2010-03-17,1928.0,1943.0,1927.0,1936.0
2010-03-18,1935.0,1949.0,1926.0,1927.0
2010-03-19,1941.0,1949.0,1923.0,1929.0
2010-03-22,1929.0,1963.0,1920.0,1963.0
2010-03-23,1951.0,1963.0,1942.0,1952.0
2010-03-24,1963.0,1975.0,1946.0,1947.0
2010-03-25,1953.0,1975.0,1940.0,1951.0
2010-03-26,1945.0,1964.0,1940.0,1951.0
2010-03-29,1951.0,1973.0,1951.0,1964.0
2010-03-30,1965.0,1973.0,1953.0,1959.0
2010-03-31,1965.0,1978.0,1942.0,1955.0
2010-04-01,1959.0,1978.0,1942.0,1963.0
2010-04-02,1957.0,1963.0,1951.0,1963.0
2010-04-05,1965.0,1987.0,1956.0,1979.0
2010-04-06,1976.0,1987.0,1965.0,1976.0
2010-04-07,1977.0,1985.0,1960.0,1980.0
2010-04-08,1974.0,1993.0,1960.0,1992.0
2010-04-09,1980.0,1993.0,1976.0,1992.0
2010-04-12,2000.0,2011.0,1985.0,2009.0
2010-04-13,1991.0,2029.0,1985.0,2028.0
2010-04-14,2011.0,2039.0,2009.0,2030.0
2010-04-15,2028.0,2039.0,1999.0,2013.0
2010-04-16,2030.0,2036.0,1999.0,2013.0
2010-04-19,2005.0,2041.0,1987.0,2040.0
2010-04-20,2013.0,2041.0,2008.0,2037.0
2010-04-21,2036.0,2040.0,2019.0,2021.0
2010-04-22,2022.0,2046.0,2002.0,2034.0
2010-04-23,2035.0,2054.0,2031.0,2054.0
2010-04-26,2051.0,2060.0,2044.0,2047.0
2010-04-27,2046.0,2052.0,2000.0,2009.0
2010-04-28,2010.0,2024.0,1991.0,2010.0
2010-04-29,2011.0,2045.0,2006.0,2043.0
2010-04-30,2042.0,2048.0,1999.0,1999.0
2010-05-03,2004.0,2039.0,2000.0,2027.0
2010-05-04,2028.0,2029.0,1953.0,1968.0
2010-05-05,1967.0,1973.0,1936.0,1962.0
2010-05-06,1961.0,1964.0,1738.0,1877.0
2010-05-07,1876.0,1909.0,1807.0,1852.0
2010-05-10,1883.0,1944.0,1873.0,1940.0
2010-05-11,1941.0,1966.0,1916.0,1926.0
2010-05-12,1925.0,1977.0,1918.0,1968.0
2010-05-13,1969.0,1982.0,1940.0,1945.0
2010-05-14,1944.0,1952.0,1884.0,1905.0
2010-05-17,1906.0,1920.0,1872.0,1918.0
2010-05-18,1917.0,1933.0,1877.0,1879.0
2010-05-19,1878.0,1894.0,1851.0,1872.0
2010-05-20,1873.0,1876.0,1792.0,1793.0
2010-05-21,1792.0,1835.0,1767.0,1821.0
2010-05-24,1819.0,1841.0,1797.0,1807.0
2010-05-25,1806.0,1835.0,1756.0,1830.0
2010-05-26,1829.0,1851.0,1785.0,1789.0
2010-05-27,1790.0,1869.0,1788.0,1864.0
2010-05-28,1865.0,1873.0,1835.0,1849.0
2010-05-31,1850.0,1865.0,1849.0,1860.0
2010-06-01,1861.0,1877.0,1824.0,1834.0
2010-06-02,1835.0,1881.0,1831.0,1876.0
2010-06-03,1877.0,1898.0,1870.0,1892.0
2010-06-04,1891.0,1903.0,1823.0,1830.0
2010-06-07,1829.0,1845.0,1793.0,1796.0
2010-06-08,1797.0,1817.0,1769.0,1793.0
2010-06-09,1792.0,1822.0,1773.0,1778.0
2010-06-10,1779.0,1831.0,1775.0,1823.0
2010-06-11,1822.0,1848.0,1807.0,1846.0
2010-06-14,1850.0,1876.0,1843.0,1846.0
2010-06-15,1847.0,1898.0,1845.0,1891.0
2010-06-16,1890.0,1913.0,1879.0,1902.0
2010-06-17,1901.0,1918.0,1893.0,1907.0
2010-06-18,1908.0,1924.0,1904.0,1912.0
2010-06-21,1925.0,1940.0,1883.0,1900.0
2010-06-22,1899.0,1916.0,1876.0,1880.0
2010-06-23,1881.0,1889.0,1857.0,1865.0
2010-06-24,1866.0,1874.0,1837.0,1847.0
2010-06-25,1848.0,1855.0,1826.0,1841.0
2010-06-28,1840.0,1850.0,1820.0,1831.0
2010-06-29,1832.0,1838.0,1748.0,1763.0
2010-06-30,1764.0,1776.0,1732.0,1733.0
2010-07-01,1734.0,1745.0,1697.0,1730.0
2010-07-02,1731.0,1745.0,1709.0,1727.0
2010-07-05,1721.0,1729.0,1718.0,1719.0
2010-07-06,1718.0,1762.0,1706.0,1734.0
2010-07-07,1733.0,1791.0,1722.0,1789.0
2010-07-08,1790.0,1803.0,1775.0,1794.0
2010-07-09,1795.0,1813.0,1789.0,1813.0
2010-07-12,1809.0,1830.0,1801.0,1825.0
2010-07-13,1826.0,1865.0,1818.0,1863.0
2010-07-14,1864.0,1866.0,1838.0,1853.0
2010-07-15,1852.0,1864.0,1829.0,1856.0
2010-07-16,1855.0,1856.0,1800.0,1802.0
2010-07-19,1797.0,1821.0,1793.0,1796.0
2010-07-20,1797.0,1857.0,1783.0,1849.0
2010-07-21,1850.0,1860.0,1811.0,1816.0
2010-07-22,1817.0,1869.0,1813.0,1853.0
2010-07-23,1854.0,1874.0,1845.0,1872.0
2010-07-26,1876.0,1888.0,1866.0,1885.0
2010-07-27,1886.0,1901.0,1878.0,1886.0
2010-07-28,1885.0,1895.0,1865.0,1867.0
2010-07-29,1868.0,1885.0,1839.0,1856.0
2010-07-30,1857.0,1873.0,1832.0,1864.0
2010-08-02,1868.0,1902.0,1867.0,1894.0
2010-08-03,1895.0,1898.0,1880.0,1894.0
2010-08-04,1895.0,1910.0,1883.0,1904.0
2010-08-05,1905.0,1913.0,1891.0,1903.0
2010-08-06,1902.0,1908.0,1872.0,1901.0
2010-08-09,1906.0,1918.0,1899.0,1914.0
2010-08-10,1913.0,1914.0,1881.0,1897.0
2010-08-11,1896.0,1896.0,1813.0,1820.0
2010-08-12,1819.0,1838.0,1807.0,1831.0
2010-08-13,1832.0,1843.0,1815.0,1818.0
2010-08-16,1817.0,1833.0,1800.0,1821.0
2010-08-17,1820.0,1860.0,1817.0,1841.0
2010-08-18,1840.0,1862.0,1831.0,1839.0
2010-08-19,1838.0,1850.0,1810.0,1822.0
2010-08-20,1823.0,1830.0,1809.0,1826.0
2010-08-23,1825.0,1842.0,1805.0,1806.0
2010-08-24,1807.0,1809.0,1766.0,1773.0
2010-08-25,1772.0,1798.0,1757.0,1791.0
2010-08-26,1792.0,1803.0,1762.0,1763.0
2010-08-27,1764.0,1792.0,1744.0,1789.0
2010-08-30,1794.0,1805.0,1768.0,1770.0
2010-08-31,1771.0,1781.0,1754.0,1774.0
2010-09-01,1773.0,1824.0,1771.0,1819.0
2010-09-02,1818.0,1840.0,1812.0,1837.0
2010-09-03,1836.0,1869.0,1834.0,1869.0
2010-09-06,1867.0,1877.0,1865.0,1869.0
2010-09-07,1870.0,1873.0,1853.0,1857.0
2010-09-08,1858.0,1887.0,1851.0,1880.0
2010-09-09,1881.0,1897.0,1874.0,1885.0
2010-09-10,1886.0,1896.0,1879.0,1891.0
2010-09-13,1898.0,1924.0,1898.0,1921.0
2010-09-14,1920.0,1938.0,1912.0,1922.0
2010-09-15,1923.0,1943.0,1916.0,1940.0
2010-09-16,1941.0,1957.0,1931.0,1957.0
2010-09-17,1956.0,1972.0,1945.0,1955.0
2010-09-20,1956.0,1993.0,1950.0,1983.0
2010-09-21,1985.0,2001.0,1978.0,1984.0
2010-09-22,1983.0,1995.0,1972.0,1985.0
2010-09-23,1985.0,2002.0,1964.0,1983.0
2010-09-24,1982.0,2024.0,1981.0,2023.0
2010-09-27,2024.0,2033.0,2009.0,2010.0
2010-09-28,2009.0,2022.0,1979.0,2013.0
2010-09-29,2012.0,2020.0,2001.0,2011.0
2010-09-30,2010.0,2030.0,1985.0,1998.0
2010-10-01,1999.0,2017.0,1987.0,1997.0
2010-10-04,1998.0,1999.0,1963.0,1979.0
2010-10-05,1980.0,2026.0,1977.0,2023.0
2010-10-06,2024.0,2026.0,1991.0,2005.0
2010-10-07,2006.0,2021.0,1996.0,2015.0
2010-10-08,2016.0,2030.0,1984.0,2026.0
2010-10-11,2025.0,2035.0,2020.0,2027.0
2010-10-12,2026.0,2044.0,2005.0,2040.0
2010-10-13,2039.0,2066.0,2037.0,2056.0
2010-10-14,2057.0,2073.0,2042.0,2071.0
2010-10-15,2070.0,2095.0,2061.0,2094.0
2010-10-18,2095.0,2106.0,2058.0,2066.0
2010-10-19,2067.0,2086.0,2053.0,2066.0
2010-10-20,2065.0,2099.0,2064.0,2091.0
2010-10-21,2090.0,2105.0,2068.0,2083.0
2010-10-22,2082.0,2104.0,2078.0,2101.0
2010-10-25,2105.0,2126.0,2103.0,2110.0
2010-10-26,2109.0,2123.0,2093.0,2120.0
2010-10-27,2119.0,2126.0,2103.0,2121.0
2010-10-28,2122.0,2138.0,2110.0,2128.0
2010-10-29,2129.0,2136.0,2118.0,2125.0
2010-11-01,2126.0,2147.0,2116.0,2128.0
2010-11-02,2129.0,2155.0,2128.0,2154.0
2010-11-03,2153.0,2167.0,2131.0,2165.0
2010-11-04,2166.0,2192.0,2164.0,2183.0
2010-11-05,2184.0,2191.0,2178.0,2182.0
2010-11-08,2181.0,2190.0,2175.0,2181.0
2010-11-09,2180.0,2199.0,2165.0,2176.0
2010-11-10,2177.0,2188.0,2153.0,2159.0
2010-11-11,2158.0,2176.0,2143.0,2170.0
2010-11-12,2171.0,2174.0,2120.0,2136.0
2010-11-15,2135.0,2152.0,2123.0,2125.0
2010-11-16,2126.0,2126.0,2085.0,2098.0
2010-11-17,2099.0,2110.0,2089.0,2101.0
2010-11-18,2100.0,2148.0,2100.0,2139.0
2010-11-19,2138.0,2139.0,2121.0,2135.0
2010-11-22,2145.0,2156.0,2122.0,2151.0
2010-11-23,2149.0,2152.0,2103.0,2120.0
2010-11-24,2121.0,2163.0,2111.0,2158.0
2010-11-25,2159.0,2161.0,2151.0,2158.0
2010-11-26,2159.0,2160.0,2133.0,2143.0
2010-11-29,2146.0,2158.0,2116.0,2141.0
2010-11-30,2142.0,2146.0,2108.0,2110.0
2010-12-01,2111.0,2172.0,2109.0,2160.0
2010-12-02,2161.0,2189.0,2155.0,2185.0
2010-12-03,2184.0,2193.0,2166.0,2189.0
2010-12-06,2188.0,2192.0,2175.0,2189.0
2010-12-07,2190.0,2215.0,2183.0,2187.0
2010-12-08,2188.0,2205.0,2178.0,2204.0
2010-12-09,2205.0,2213.0,2192.0,2201.0
2010-12-10,2202.0,2216.0,2198.0,2215.0
2010-12-13,2216.0,2225.0,2205.0,2207.0
2010-12-14,2208.0,2219.0,2204.0,2212.0
2010-12-15,2213.0,2222.0,2195.0,2198.0
2010-12-16,2199.0,2224.0,2196.0,2220.0
2010-12-17,2221.0,2226.0,2215.0,2220.0
2010-12-20,2216.0,2230.0,2206.0,2220.0
2010-12-21,2219.0,2237.0,2219.0,2231.0
2010-12-22,2230.0,2238.0,2230.0,2237.0
2010-12-23,2238.0,2239.0,2224.0,2231.0
2010-12-27,2226.0,2234.0,2207.0,2232.0
2010-12-28,2233.0,2236.0,2221.0,2225.0
2010-12-29,2224.0,2235.0,2224.0,2231.0
2010-12-30,2230.0,2233.0,2222.0,2225.0
2010-12-31,2224.0,2229.0,2208.0,2212.0
2011-01-03,2223.0,2268.0,2219.0,2251.0
2011-01-04,2250.0,2263.0,2237.0,2246.0
2011-01-05,2245.0,2272.0,2230.0,2271.0
2011-01-06,2272.0,2279.0,2267.0,2276.0
2011-01-07,2277.0,2282.0,2252.0,2276.0
2011-01-10,2270.0,2287.0,2261.0,2283.0
2011-01-11,2284.0,2295.0,2278.0,2286.0
2011-01-12,2287.0,2307.0,2286.0,2304.0
2011-01-13,2305.0,2311.0,2297.0,2309.0
2011-01-14,2308.0,2321.0,2298.0,2321.0
2011-01-17,2320.0,2325.0,2286.0,2295.0
2011-01-18,2294.0,2346.0,2293.0,2331.0
2011-01-19,2332.0,2338.0,2293.0,2293.0
2011-01-20,2294.0,2299.0,2267.0,2283.0
2011-01-21,2282.0,2300.0,2266.0,2267.0
2011-01-24,2268.0,2301.0,2265.0,2296.0
2011-01-25,2297.0,2302.0,2282.0,2299.0
2011-01-26,2298.0,2320.0,2298.0,2317.0
2011-01-27,2316.0,2335.0,2313.0,2321.0
2011-01-28,2322.0,2331.0,2258.0,2268.0
2011-01-31,2263.0,2286.0,2251.0,2285.0
2011-02-01,2286.0,2328.0,2286.0,2321.0
2011-02-02,2320.0,2328.0,2312.0,2319.0
2011-02-03,2318.0,2326.0,2296.0,2322.0
2011-02-04,2323.0,2338.0,2316.0,2336.0
2011-02-07,2335.0,2359.0,2335.0,2345.0
2011-02-08,2344.0,2364.0,2342.0,2363.0
2011-02-09,2362.0,2365.0,2350.0,2352.0
2011-02-10,2353.0,2365.0,2338.0,2356.0
2011-02-11,2357.0,2380.0,2348.0,2378.0
2011-02-14,2376.0,2388.0,2375.0,2379.0
2011-02-15,2378.0,2385.0,2371.0,2383.0
2011-02-16,2382.0,2403.0,2382.0,2391.0
2011-02-17,2392.0,2401.0,2384.0,2394.0
2011-02-18,2393.0,2400.0,2382.0,2391.0
2011-02-21,2393.0,2394.0,2362.0,2362.0
2011-02-22,2363.0,2366.0,2316.0,2322.0
2011-02-23,2323.0,2335.0,2285.0,2306.0
2011-02-24,2305.0,2321.0,2281.0,2315.0
2011-02-25,2314.0,2349.0,2311.0,2346.0
2011-02-28,2344.0,2362.0,2335.0,2354.0
2011-03-01,2355.0,2371.0,2304.0,2310.0
2011-03-02,2311.0,2340.0,2301.0,2322.0
2011-03-03,2323.0,2378.0,2323.0,2375.0
2011-03-04,2376.0,2377.0,2343.0,2358.0
2011-03-07,2360.0,2373.0,2305.0,2328.0
2011-03-08,2329.0,2347.0,2309.0,2333.0
2011-03-09,2332.0,2339.0,2308.0,2311.0
2011-03-10,2310.0,2312.0,2274.0,2286.0
2011-03-11,2287.0,2305.0,2264.0,2298.0
2011-03-14,2292.0,2302.0,2273.0,2292.0
2011-03-15,2293.0,2294.0,2216.0,2240.0
2011-03-16,2249.0,2262.0,2186.0,2195.0
2011-03-17,2196.0,2246.0,2192.0,2220.0
2011-03-18,2221.0,2254.0,2215.0,2218.0
2011-03-21,2223.0,2271.0,2223.0,2256.0
2011-03-22,2255.0,2264.0,2250.0,2255.0
2011-03-23,2254.0,2275.0,2232.0,2266.0
2011-03-24,2267.0,2331.0,2263.0,2317.0
2011-03-25,2316.0,2330.0,2311.0,2315.0
2011-03-28,2319.0,2328.0,2296.0,2296.0
2011-03-29,2297.0,2327.0,2290.0,2322.0
2011-03-30,2323.0,2343.0,2322.0,2332.0
2011-03-31,2331.0,2345.0,2327.0,2343.0
2011-04-01,2342.0,2358.0,2333.0,2339.0
2011-04-04,2338.0,2350.0,2322.0,2341.0
2011-04-05,2340.0,2342.0,2318.0,2327.0
2011-04-06,2326.0,2350.0,2317.0,2327.0
2011-04-07,2326.0,2344.0,2312.0,2330.0
2011-04-08,2331.0,2343.0,2305.0,2317.0
2011-04-11,2323.0,2333.0,2302.0,2305.0
2011-04-12,2304.0,2305.0,2285.0,2299.0
2011-04-13,2298.0,2319.0,2295.0,2307.0
2011-04-14,2308.0,2312.0,2288.0,2305.0
2011-04-15,2304.0,2314.0,2290.0,2304.0
2011-04-18,2309.0,2310.0,2251.0,2285.0
2011-04-19,2284.0,2322.0,2278.0,2320.0
2011-04-20,2319.0,2379.0,2317.0,2377.0
2011-04-21,2378.0,2383.0,2367.0,2374.0
2011-04-25,2373.0,2383.0,2372.0,2382.0
2011-04-26,2383.0,2404.0,2375.0,2395.0
2011-04-27,2396.0,2415.0,2389.0,2410.0
2011-04-28,2411.0,2418.0,2398.0,2403.0
2011-04-29,2404.0,2414.0,2400.0,2406.0
2011-05-02,2412.0,2429.0,2396.0,2403.0
2011-05-03,2402.0,2405.0,2376.0,2392.0
2011-05-04,2393.0,2398.0,2367.0,2389.0
2011-05-05,2390.0,2400.0,2364.0,2375.0
2011-05-06,2376.0,2409.0,2373.0,2382.0
2011-05-09,2386.0,2398.0,2374.0,2389.0
2011-05-10,2390.0,2414.0,2383.0,2413.0
2011-05-11,2414.0,2415.0,2374.0,2383.0
2011-05-12,2384.0,2409.0,2369.0,2406.0
2011-05-13,2405.0,2414.0,2376.0,2377.0
2011-05-16,2365.0,2373.0,2326.0,2328.0
2011-05-17,2329.0,2346.0,2318.0,2343.0
2011-05-18,2342.0,2367.0,2333.0,2365.0
2011-05-19,2364.0,2373.0,2354.0,2368.0
2011-05-20,2367.0,2373.0,2347.0,2352.0
2011-05-23,2342.0,2343.0,2305.0,2315.0
2011-05-24,2316.0,2324.0,2297.0,2299.0
2011-05-25,2298.0,2321.0,2281.0,2308.0
2011-05-26,2309.0,2331.0,2303.0,2327.0
2011-05-27,2326.0,2338.0,2322.0,2336.0
2011-05-30,2332.0,2338.0,2331.0,2338.0
2011-05-31,2339.0,2380.0,2339.0,2377.0
2011-06-01,2376.0,2381.0,2314.0,2318.0
2011-06-02,2319.0,2335.0,2314.0,2325.0
2011-06-03,2326.0,2328.0,2289.0,2293.0
2011-06-06,2291.0,2299.0,2271.0,2272.0
2011-06-07,2273.0,2288.0,2268.0,2276.0
2011-06-08,2277.0,2277.0,2245.0,2251.0
2011-06-09,2250.0,2266.0,2245.0,2252.0
2011-06-10,2253.0,2254.0,2219.0,2221.0
2011-06-13,2222.0,2233.0,2214.0,2223.0
2011-06-14,2224.0,2255.0,2219.0,2247.0
2011-06-15,2246.0,2247.0,2203.0,2211.0
2011-06-16,2212.0,2217.0,2180.0,2205.0
2011-06-17,2206.0,2222.0,2189.0,2192.0
2011-06-20,2189.0,2210.0,2177.0,2207.0
2011-06-21,2206.0,2253.0,2201.0,2247.0
2011-06-22,2248.0,2254.0,2224.0,2226.0
2011-06-23,2227.0,2256.0,2203.0,2249.0
2011-06-24,2250.0,2260.0,2211.0,2215.0
2011-06-27,2214.0,2269.0,2198.0,2260.0
2011-06-28,2259.0,2288.0,2245.0,2286.0
2011-06-29,2285.0,2303.0,2278.0,2296.0
2011-06-30,2295.0,2326.0,2291.0,2323.0
2011-07-01,2324.0,2363.0,2320.0,2360.0
2011-07-05,2357.0,2375.0,2355.0,2373.0
2011-07-06,2372.0,2383.0,2362.0,2382.0
2011-07-07,2383.0,2418.0,2381.0,2417.0
2011-07-08,2418.0,2424.0,2378.0,2405.0
2011-07-11,2402.0,2403.0,2353.0,2365.0
2011-07-12,2366.0,2368.0,2328.0,2343.0
2011-07-13,2344.0,2377.0,2332.0,2340.0
2011-07-14,2339.0,2370.0,2317.0,2342.0
2011-07-15,2343.0,2356.0,2334.0,2354.0
2011-07-18,2353.0,2356.0,2321.0,2345.0
2011-07-19,2346.0,2413.0,2345.0,2408.0
2011-07-20,2407.0,2415.0,2367.0,2378.0
2011-07-21,2379.0,2416.0,2370.0,2412.0
2011-07-22,2411.0,2432.0,2398.0,2427.0
2011-07-25,2400.0,2436.0,2381.0,2424.0
2011-07-26,2425.0,2437.0,2415.0,2423.0
2011-07-27,2424.0,2428.0,2358.0,2359.0
2011-07-28,2358.0,2401.0,2358.0,2371.0
2011-07-29,2370.0,2387.0,2340.0,2366.0
2011-08-01,2387.0,2397.0,2323.0,2352.0
2011-08-02,2351.0,2353.0,2284.0,2287.0
2011-08-03,2288.0,2316.0,2255.0,2312.0
2011-08-04,2311.0,2320.0,2195.0,2203.0
2011-08-05,2202.0,2239.0,2129.0,2196.0
2011-08-08,2135.0,2171.0,2016.0,2025.0
2011-08-09,2024.0,2168.0,1973.0,2161.0
2011-08-10,2162.0,2165.0,2067.0,2087.0
2011-08-11,2088.0,2184.0,2058.0,2157.0
2011-08-12,2156.0,2192.0,2115.0,2179.0
2011-08-15,2178.0,2211.0,2177.0,2203.0
2011-08-16,2204.0,2211.0,2164.0,2187.0
2011-08-17,2188.0,2214.0,2157.0,2168.0
2011-08-18,2169.0,2169.0,2053.0,2073.0
2011-08-19,2074.0,2102.0,2034.0,2036.0
2011-08-22,2037.0,2085.0,2022.0,2042.0
2011-08-23,2043.0,2129.0,2037.0,2118.0
2011-08-24,2119.0,2147.0,2096.0,2119.0
2011-08-25,2118.0,2152.0,2101.0,2118.0
2011-08-26,2119.0,2169.0,2081.0,2159.0
2011-08-29,2162.0,2225.0,2158.0,2220.0
2011-08-30,2219.0,2249.0,2201.0,2223.0
2011-08-31,2224.0,2267.0,2222.0,2243.0
2011-09-01,2244.0,2264.0,2215.0,2216.0
2011-09-02,2215.0,2222.0,2156.0,2169.0
2011-09-05,2157.0,2159.0,2108.0,2117.0
2011-09-06,2116.0,2173.0,2111.0,2170.0
2011-09-07,2171.0,2229.0,2169.0,2229.0
2011-09-08,2228.0,2242.0,2202.0,2209.0
2011-09-09,2208.0,2226.0,2148.0,2163.0
2011-09-12,2142.0,2207.0,2120.0,2199.0
2011-09-13,2198.0,2224.0,2165.0,2212.0
2011-09-14,2211.0,2276.0,2190.0,2252.0
2011-09-15,2253.0,2292.0,2243.0,2287.0
2011-09-16,2288.0,2308.0,2273.0,2304.0
2011-09-19,2288.0,2318.0,2258.0,2295.0
2011-09-20,2296.0,2336.0,2288.0,2304.0
2011-09-21,2305.0,2319.0,2245.0,2250.0
2011-09-22,2251.0,2253.0,2149.0,2191.0
2011-09-23,2192.0,2214.0,2138.0,2203.0
2011-09-26,2197.0,2236.0,2166.0,2226.0
2011-09-27,2227.0,2289.0,2225.0,2254.0
2011-09-28,2253.0,2280.0,2216.0,2217.0
2011-09-29,2218.0,2264.0,2157.0,2198.0
2011-09-30,2197.0,2199.0,2139.0,2139.0
2011-10-03,2128.0,2152.0,2064.0,2069.0
2011-10-04,2070.0,2131.0,2040.0,2124.0
2011-10-05,2125.0,2186.0,2104.0,2158.0
2011-10-06,2157.0,2218.0,2153.0,2210.0
2011-10-07,2211.0,2231.0,2188.0,2200.0
2011-10-10,2211.0,2282.0,2209.0,2278.0
2011-10-11,2279.0,2300.0,2266.0,2287.0
2011-10-12,2286.0,2332.0,2278.0,2302.0
2011-10-13,2303.0,2340.0,2293.0,2331.0
2011-10-14,2332.0,2370.0,2324.0,2370.0
2011-10-17,2371.0,2392.0,2316.0,2325.0
2011-10-18,2324.0,2375.0,2309.0,2345.0
2011-10-19,2346.0,2360.0,2310.0,2325.0
2011-10-20,2326.0,2337.0,2273.0,2305.0
2011-10-21,2304.0,2349.0,2303.0,2334.0
2011-10-24,2327.0,2390.0,2325.0,2375.0
2011-10-25,2376.0,2391.0,2320.0,2327.0
2011-10-26,2326.0,2354.0,2291.0,2338.0
2011-10-27,2339.0,2413.0,2334.0,2403.0
2011-10-28,2404.0,2405.0,2383.0,2402.0
2011-10-31,2403.0,2403.0,2349.0,2352.0
2011-11-01,2353.0,2360.0,2287.0,2303.0
2011-11-02,2302.0,2334.0,2297.0,2312.0
2011-11-03,2311.0,2370.0,2283.0,2366.0
2011-11-04,2365.0,2369.0,2331.0,2354.0
2011-11-07,2369.0,2384.0,2324.0,2376.0
2011-11-08,2375.0,2403.0,2359.0,2400.0
2011-11-09,2399.0,2401.0,2307.0,2313.0
2011-11-10,2312.0,2348.0,2291.0,2312.0
2011-11-11,2313.0,2364.0,2306.0,2357.0
2011-11-14,2361.0,2366.0,2331.0,2345.0
2011-11-15,2346.0,2375.0,2311.0,2361.0
2011-11-16,2362.0,2372.0,2309.0,2312.0
2011-11-17,2313.0,2334.0,2257.0,2264.0
2011-11-18,2265.0,2291.0,2250.0,2253.0
2011-11-21,2242.0,2244.0,2188.0,2215.0
2011-11-22,2216.0,2228.0,2192.0,2217.0
2011-11-23,2216.0,2216.0,2163.0,2168.0
2011-11-24,2175.0,2186.0,2152.0,2158.0
2011-11-25,2159.0,2182.0,2136.0,2149.0
2011-11-28,2181.0,2228.0,2179.0,2221.0
2011-11-29,2220.0,2245.0,2202.0,2204.0
2011-11-30,2205.0,2297.0,2196.0,2294.0
2011-12-01,2295.0,2315.0,2284.0,2310.0
2011-12-02,2309.0,2344.0,2301.0,2306.0
2011-12-05,2316.0,2344.0,2312.0,2323.0
2011-12-06,2322.0,2342.0,2313.0,2326.0
2011-12-07,2325.0,2344.0,2292.0,2324.0
2011-12-08,2323.0,2341.0,2276.0,2280.0
2011-12-09,2279.0,2326.0,2269.0,2321.0
2011-12-12,2320.0,2326.0,2274.0,2296.0
2011-12-13,2295.0,2318.0,2258.0,2269.0
2011-12-14,2270.0,2280.0,2220.0,2232.0
2011-12-15,2231.0,2256.0,2219.0,2230.0
2011-12-16,2231.0,2268.0,2230.0,2238.0
2011-12-19,2237.0,2255.0,2208.0,2225.0
2011-12-20,2224.0,2287.0,2222.0,2271.0
2011-12-21,2272.0,2295.0,2222.0,2246.0
2011-12-22,2245.0,2272.0,2238.0,2271.0
2011-12-23,2272.0,2286.0,2266.0,2286.0
2011-12-27,2289.0,2300.0,2279.0,2286.0
2011-12-28,2287.0,2296.0,2260.0,2269.0
2011-12-29,2268.0,2286.0,2263.0,2283.0
2011-12-30,2284.0,2288.0,2278.0,2278.0
2012-01-03,2324.0,2332.0,2312.0,2321.0
2012-01-04,2320.0,2333.0,2307.0,2332.0
2012-01-05,2331.0,2352.0,2314.0,2347.0
2012-01-06,2346.0,2363.0,2337.0,2356.0
2012-01-09,2359.0,2365.0,2340.0,2354.0
2012-01-10,2355.0,2380.0,2354.0,2359.0
2012-01-11,2360.0,2375.0,2355.0,2369.0
2012-01-12,2368.0,2385.0,2358.0,2383.0
2012-01-13,2384.0,2389.0,2351.0,2371.0
2012-01-16,2372.0,2388.0,2364.0,2386.0
2012-01-17,2385.0,2403.0,2384.0,2395.0
2012-01-18,2396.0,2425.0,2390.0,2423.0
2012-01-19,2424.0,2444.0,2421.0,2431.0
2012-01-20,2430.0,2437.0,2425.0,2436.0
2012-01-23,2432.0,2454.0,2423.0,2438.0
2012-01-24,2437.0,2471.0,2422.0,2463.0
2012-01-25,2462.0,2469.0,2439.0,2459.0
2012-01-26,2460.0,2478.0,2443.0,2453.0
2012-01-27,2452.0,2466.0,2447.0,2461.0
2012-01-30,2460.0,2467.0,2431.0,2465.0
2012-01-31,2464.0,2480.0,2451.0,2458.0
2012-02-01,2459.0,2496.0,2456.0,2492.0
2012-02-02,2493.0,2503.0,2482.0,2494.0
2012-02-03,2495.0,2532.0,2492.0,2529.0
2012-02-06,2523.0,2530.0,2512.0,2529.0
2012-02-07,2528.0,2537.0,2514.0,2529.0
2012-02-08,2530.0,2549.0,2523.0,2541.0
2012-02-09,2540.0,2567.0,2538.0,2562.0
2012-02-10,2561.0,2563.0,2537.0,2551.0
2012-02-13,2562.0,2573.0,2554.0,2567.0
2012-02-14,2566.0,2580.0,2555.0,2578.0
2012-02-15,2579.0,2602.0,2551.0,2552.0
2012-02-16,2553.0,2596.0,2545.0,2594.0
2012-02-17,2595.0,2598.0,2573.0,2584.0
2012-02-20,2596.0,2601.0,2585.0,2586.0
2012-02-21,2587.0,2603.0,2575.0,2592.0
2012-02-22,2593.0,2602.0,2576.0,2581.0
2012-02-23,2580.0,2606.0,2571.0,2605.0
2012-02-24,2606.0,2610.0,2597.0,2601.0
2012-02-27,2602.0,2616.0,2578.0,2608.0
2012-02-28,2609.0,2634.0,2607.0,2631.0
2012-02-29,2630.0,2644.0,2614.0,2622.0
2012-03-01,2621.0,2648.0,2615.0,2647.0
2012-03-02,2648.0,2649.0,2632.0,2643.0
2012-03-05,2640.0,2644.0,2605.0,2615.0
2012-03-06,2616.0,2617.0,2574.0,2593.0
2012-03-07,2592.0,2614.0,2592.0,2606.0
2012-03-08,2605.0,2643.0,2604.0,2635.0
2012-03-09,2634.0,2651.0,2630.0,2648.0
2012-03-12,2645.0,2651.0,2634.0,2651.0
2012-03-13,2650.0,2701.0,2650.0,2695.0
2012-03-14,2694.0,2716.0,2690.0,2703.0
2012-03-15,2704.0,2720.0,2701.0,2713.0
2012-03-16,2712.0,2723.0,2706.0,2712.0
2012-03-19,2711.0,2738.0,2703.0,2732.0
2012-03-20,2731.0,2742.0,2710.0,2737.0
2012-03-21,2736.0,2752.0,2733.0,2740.0
2012-03-22,2739.0,2744.0,2719.0,2736.0
2012-03-23,2737.0,2750.0,2714.0,2732.0
2012-03-26,2735.0,2783.0,2734.0,2782.0
2012-03-27,2781.0,2792.0,2775.0,2781.0
2012-03-28,2782.0,2793.0,2754.0,2772.0
2012-03-29,2773.0,2776.0,2740.0,2757.0
2012-03-30,2758.0,2774.0,2741.0,2756.0
2012-04-02,2761.0,2785.0,2745.0,2779.0
2012-04-03,2778.0,2792.0,2764.0,2777.0
2012-04-04,2776.0,2777.0,2726.0,2739.0
2012-04-05,2738.0,2764.0,2723.0,2758.0
2012-04-06,2759.0,2764.0,2758.0,2759.0
2012-04-09,2726.0,2751.0,2722.0,2734.0
2012-04-10,2735.0,2749.0,2687.0,2706.0
2012-04-11,2705.0,2727.0,2701.0,2711.0
2012-04-12,2710.0,2743.0,2708.0,2740.0
2012-04-13,2741.0,2746.0,2697.0,2697.0
2012-04-16,2695.0,2713.0,2660.0,2667.0
2012-04-17,2668.0,2731.0,2657.0,2721.0
2012-04-18,2722.0,2731.0,2698.0,2706.0
2012-04-19,2705.0,2738.0,2675.0,2692.0
2012-04-20,2693.0,2711.0,2673.0,2678.0
2012-04-23,2672.0,2678.0,2628.0,2656.0
2012-04-24,2655.0,2680.0,2628.0,2675.0
2012-04-25,2674.0,2710.0,2668.0,2708.0
2012-04-26,2707.0,2733.0,2698.0,2719.0
2012-04-27,2718.0,2749.0,2712.0,2741.0
2012-04-30,2743.0,2747.0,2719.0,2724.0
2012-05-01,2723.0,2756.0,2714.0,2724.0
2012-05-02,2723.0,2735.0,2706.0,2732.0
2012-05-03,2733.0,2741.0,2696.0,2699.0
2012-05-04,2698.0,2703.0,2628.0,2628.0
2012-05-07,2614.0,2651.0,2591.0,2643.0
2012-05-08,2642.0,2644.0,2586.0,2626.0
2012-05-09,2627.0,2635.0,2587.0,2611.0
2012-05-10,2610.0,2639.0,2602.0,2607.0
2012-05-11,2606.0,2643.0,2601.0,2615.0
2012-05-14,2606.0,2616.0,2585.0,2594.0
2012-05-15,2595.0,2617.0,2576.0,2584.0
2012-05-16,2583.0,2597.0,2556.0,2565.0
2012-05-17,2564.0,2572.0,2506.0,2513.0
2012-05-18,2514.0,2522.0,2470.0,2472.0
2012-05-21,2473.0,2547.0,2466.0,2547.0
2012-05-22,2548.0,2562.0,2523.0,2534.0
2012-05-23,2533.0,2553.0,2499.0,2532.0
2012-05-24,2533.0,2557.0,2511.0,2537.0
2012-05-25,2538.0,2552.0,2519.0,2527.0
2012-05-28,2538.0,2551.0,2534.0,2536.0
2012-05-29,2537.0,2571.0,2533.0,2556.0
2012-05-30,2555.0,2557.0,2521.0,2532.0
2012-05-31,2531.0,2544.0,2507.0,2523.0
2012-06-01,2522.0,2523.0,2457.0,2458.0
2012-06-04,2461.0,2481.0,2435.0,2477.0
2012-06-05,2476.0,2499.0,2461.0,2495.0
2012-06-06,2496.0,2555.0,2493.0,2554.0
2012-06-07,2553.0,2570.0,2532.0,2539.0
2012-06-08,2538.0,2563.0,2518.0,2562.0
2012-06-11,2596.0,2603.0,2512.0,2517.0
2012-06-12,2518.0,2548.0,2510.0,2544.0
2012-06-13,2543.0,2555.0,2516.0,2528.0
2012-06-14,2529.0,2544.0,2511.0,2538.0
2012-06-15,2539.0,2570.0,2535.0,2566.0
2012-06-18,2580.0,2599.0,2552.0,2596.0
2012-06-19,2597.0,2629.0,2588.0,2616.0
2012-06-20,2617.0,2631.0,2601.0,2619.0
2012-06-21,2618.0,2623.0,2552.0,2558.0
2012-06-22,2559.0,2585.0,2552.0,2579.0
2012-06-25,2578.0,2579.0,2524.0,2535.0
2012-06-26,2536.0,2554.0,2528.0,2549.0
2012-06-27,2548.0,2575.0,2547.0,2560.0
2012-06-28,2561.0,2569.0,2508.0,2526.0
2012-06-29,2525.0,2620.0,2523.0,2618.0
2012-07-02,2619.0,2624.0,2604.0,2618.0
2012-07-03,2619.0,2647.0,2617.0,2645.0
2012-07-04,2646.0,2649.0,2637.0,2641.0
2012-07-05,2642.0,2660.0,2628.0,2647.0
2012-07-06,2646.0,2648.0,2595.0,2614.0
2012-07-09,2607.0,2619.0,2596.0,2609.0
2012-07-10,2608.0,2629.0,2573.0,2581.0
2012-07-11,2580.0,2593.0,2547.0,2572.0
2012-07-12,2571.0,2572.0,2521.0,2545.0
2012-07-13,2544.0,2589.0,2544.0,2582.0
2012-07-16,2581.0,2588.0,2565.0,2575.0
2012-07-17,2576.0,2598.0,2552.0,2591.0
2012-07-18,2590.0,2637.0,2581.0,2633.0
2012-07-19,2634.0,2662.0,2633.0,2657.0
2012-07-20,2656.0,2662.0,2617.0,2619.0
2012-07-23,2614.0,2617.0,2548.0,2581.0
2012-07-24,2582.0,2594.0,2521.0,2523.0
2012-07-25,2522.0,2565.0,2522.0,2549.0
2012-07-26,2548.0,2597.0,2534.0,2580.0
2012-07-27,2579.0,2650.0,2577.0,2647.0
2012-07-30,2644.0,2662.0,2632.0,2641.0
2012-07-31,2640.0,2656.0,2636.0,2640.0
2012-08-01,2639.0,2660.0,2624.0,2633.0
2012-08-02,2632.0,2652.0,2604.0,2622.0
2012-08-03,2621.0,2685.0,2620.0,2676.0
2012-08-06,2678.0,2704.0,2674.0,2690.0
2012-08-07,2689.0,2725.0,2688.0,2710.0
2012-08-08,2709.0,2719.0,2703.0,2708.0
2012-08-09,2709.0,2725.0,2706.0,2717.0
2012-08-10,2716.0,2724.0,2703.0,2722.0
2012-08-13,2720.0,2730.0,2706.0,2727.0
2012-08-14,2728.0,2743.0,2721.0,2723.0
2012-08-15,2722.0,2740.0,2717.0,2739.0
2012-08-16,2738.0,2773.0,2737.0,2765.0
2012-08-17,2766.0,2779.0,2763.0,2776.0
2012-08-20,2777.0,2783.0,2766.0,2781.0
2012-08-21,2780.0,2801.0,2761.0,2771.0
2012-08-22,2770.0,2789.0,2758.0,2783.0
2012-08-23,2782.0,2791.0,2753.0,2761.0
2012-08-24,2762.0,2784.0,2750.0,2775.0
2012-08-27,2783.0,2795.0,2776.0,2784.0
2012-08-28,2783.0,2790.0,2770.0,2783.0
2012-08-29,2784.0,2789.0,2770.0,2780.0
2012-08-30,2779.0,2780.0,2749.0,2752.0
2012-08-31,2753.0,2784.0,2744.0,2771.0
2012-09-03,2768.0,2780.0,2759.0,2776.0
2012-09-04,2775.0,2782.0,2742.0,2769.0
2012-09-05,2768.0,2780.0,2756.0,2768.0
2012-09-06,2767.0,2829.0,2766.0,2825.0
2012-09-07,2826.0,2835.0,2816.0,2823.0
2012-09-10,2821.0,2823.0,2781.0,2784.0
2012-09-11,2785.0,2799.0,2777.0,2779.0
2012-09-12,2778.0,2799.0,2774.0,2793.0
2012-09-13,2794.0,2841.0,2784.0,2831.0
2012-09-14,2832.0,2864.0,2831.0,2856.0
2012-09-17,2855.0,2858.0,2845.0,2853.0
2012-09-18,2854.0,2859.0,2843.0,2859.0
2012-09-19,2858.0,2871.0,2849.0,2860.0
2012-09-20,2859.0,2863.0,2842.0,2861.0
2012-09-21,2862.0,2876.0,2857.0,2859.0
2012-09-24,2858.0,2862.0,2831.0,2845.0
2012-09-25,2844.0,2858.0,2804.0,2810.0
2012-09-26,2809.0,2812.0,2768.0,2785.0
2012-09-27,2784.0,2826.0,2783.0,2821.0
2012-09-28,2820.0,2824.0,2794.0,2796.0
2012-10-01,2793.0,2827.0,2783.0,2793.0
2012-10-02,2792.0,2812.0,2778.0,2799.0
2012-10-03,2800.0,2824.0,2793.0,2819.0
2012-10-04,2820.0,2835.0,2813.0,2829.0
2012-10-05,2830.0,2846.0,2805.0,2810.0
2012-10-08,2813.0,2813.0,2780.0,2786.0
2012-10-09,2787.0,2792.0,2732.0,2734.0
2012-10-10,2735.0,2749.0,2720.0,2723.0
2012-10-11,2724.0,2750.0,2717.0,2722.0
2012-10-12,2723.0,2733.0,2712.0,2718.0
2012-10-15,2720.0,2742.0,2710.0,2741.0
2012-10-16,2740.0,2782.0,2735.0,2770.0
2012-10-17,2771.0,2784.0,2759.0,2776.0
2012-10-18,2775.0,2779.0,2733.0,2741.0
2012-10-19,2740.0,2742.0,2671.0,2671.0
2012-10-22,2673.0,2700.0,2662.0,2700.0
2012-10-23,2699.0,2700.0,2657.0,2671.0
2012-10-24,2672.0,2686.0,2653.0,2658.0
2012-10-25,2659.0,2679.0,2611.0,2652.0
2012-10-26,2651.0,2675.0,2630.0,2667.0
2012-10-29,2662.0,2664.0,2638.0,2644.0
2012-10-30,2645.0,2665.0,2632.0,2664.0
2012-10-31,2663.0,2683.0,2636.0,2639.0
2012-11-01,2640.0,2696.0,2634.0,2692.0
2012-11-02,2691.0,2700.0,2648.0,2648.0
2012-11-05,2644.0,2679.0,2643.0,2662.0
2012-11-06,2663.0,2697.0,2662.0,2677.0
2012-11-07,2676.0,2691.0,2602.0,2621.0
2012-11-08,2620.0,2626.0,2572.0,2580.0
2012-11-09,2579.0,2610.0,2559.0,2586.0
2012-11-12,2588.0,2600.0,2575.0,2580.0
2012-11-13,2581.0,2588.0,2555.0,2572.0
2012-11-14,2573.0,2587.0,2528.0,2534.0
2012-11-15,2533.0,2542.0,2514.0,2523.0
2012-11-16,2519.0,2540.0,2493.0,2536.0
2012-11-19,2537.0,2595.0,2536.0,2585.0
2012-11-20,2586.0,2598.0,2569.0,2593.0
2012-11-21,2592.0,2604.0,2578.0,2603.0
2012-11-22,2604.0,2607.0,2598.0,2603.0
2012-11-23,2602.0,2639.0,2597.0,2639.0
2012-11-26,2631.0,2652.0,2624.0,2651.0
2012-11-27,2652.0,2660.0,2637.0,2640.0
2012-11-28,2639.0,2667.0,2613.0,2661.0
2012-11-29,2662.0,2690.0,2661.0,2674.0
2012-11-30,2673.0,2691.0,2668.0,2679.0
2012-12-03,2678.0,2699.0,2667.0,2670.0
2012-12-04,2669.0,2676.0,2650.0,2661.0
2012-12-05,2660.0,2679.0,2623.0,2638.0
2012-12-06,2637.0,2660.0,2621.0,2654.0
2012-12-07,2653.0,2671.0,2628.0,2635.0
2012-12-10,2637.0,2661.0,2624.0,2646.0
2012-12-11,2647.0,2696.0,2644.0,2686.0
2012-12-12,2687.0,2696.0,2668.0,2672.0
2012-12-13,2673.0,2688.0,2642.0,2657.0
2012-12-14,2656.0,2662.0,2619.0,2628.0
2012-12-17,2639.0,2669.0,2614.0,2667.0
2012-12-18,2666.0,2708.0,2666.0,2704.0
2012-12-19,2703.0,2715.0,2685.0,2687.0
2012-12-20,2686.0,2701.0,2677.0,2691.0
2012-12-21,2692.0,2692.0,2636.0,2664.0
2012-12-24,2662.0,2666.0,2650.0,2655.0
2012-12-26,2658.0,2662.0,2625.0,2635.0
2012-12-27,2634.0,2641.0,2597.0,2631.0
2012-12-28,2630.0,2631.0,2588.0,2590.0
2012-12-31,2589.0,2631.0,2584.0,2620.0
2013-01-02,2701.0,2746.0,2698.0,2741.0
2013-01-03,2740.0,2750.0,2722.0,2727.0
2013-01-04,2728.0,2739.0,2716.0,2716.0
2013-01-07,2720.0,2726.0,2706.0,2721.0
2013-01-08,2722.0,2729.0,2703.0,2721.0
2013-01-09,2722.0,2734.0,2715.0,2726.0
2013-01-10,2727.0,2749.0,2718.0,2746.0
2013-01-11,2745.0,2748.0,2736.0,2748.0
2013-01-14,2747.0,2753.0,2723.0,2735.0
2013-01-15,2734.0,2736.0,2709.0,2725.0
2013-01-16,2724.0,2741.0,2715.0,2729.0
2013-01-17,2730.0,2756.0,2721.0,2739.0
2013-01-18,2738.0,2746.0,2727.0,2739.0
2013-01-21,2738.0,2747.0,2737.0,2746.0
2013-01-22,2745.0,2762.0,2725.0,2760.0
2013-01-23,2761.0,2773.0,2713.0,2718.0
2013-01-24,2717.0,2747.0,2717.0,2719.0
2013-01-25,2718.0,2744.0,2717.0,2733.0
2013-01-28,2732.0,2751.0,2730.0,2738.0
2013-01-29,2739.0,2751.0,2720.0,2749.0
2013-01-30,2748.0,2756.0,2730.0,2739.0
2013-01-31,2738.0,2750.0,2728.0,2739.0
2013-02-01,2738.0,2768.0,2734.0,2761.0
2013-02-04,2759.0,2763.0,2713.0,2715.0
2013-02-05,2716.0,2763.0,2715.0,2756.0
2013-02-06,2755.0,2761.0,2737.0,2742.0
2013-02-07,2743.0,2753.0,2717.0,2745.0
2013-02-08,2744.0,2780.0,2743.0,2775.0
2013-02-11,2776.0,2783.0,2765.0,2772.0
2013-02-12,2773.0,2774.0,2762.0,2768.0
2013-02-13,2767.0,2784.0,2765.0,2767.0
2013-02-14,2766.0,2775.0,2756.0,2769.0
2013-02-15,2770.0,2777.0,2754.0,2763.0
2013-02-18,2758.5,2764.0,2757.2,2761.8
2013-02-19,2762.0,2784.8,2759.5,2782.8
2013-02-20,2783.0,2785.5,2732.5,2737.2
2013-02-21,2737.0,2740.0,2698.7,2716.7
2013-02-22,2717.0,2738.3,2713.5,2734.5
2013-02-25,2737.0,2763.8,2694.2,2705.5
2013-02-26,2705.8,2717.3,2688.3,2710.1
2013-02-27,2709.8,2757.1,2702.5,2740.6
2013-02-28,2740.3,2760.6,2728.3,2730.8
2013-03-01,2731.0,2750.5,2711.2,2747.3
2013-03-04,2747.8,2763.3,2732.0,2763.0
2013-03-05,2763.3,2802.8,2760.3,2799.6
2013-03-06,2799.0,2808.3,2788.0,2789.2
2013-03-07,2789.0,2803.5,2787.7,2796.3
2013-03-08,2796.0,2812.8,2791.7,2800.3
2013-03-11,2800.3,2811.5,2790.2,2809.0
2013-03-12,2808.8,2809.3,2786.8,2801.8
2013-03-13,2802.0,2807.5,2786.7,2798.7
2013-03-14,2798.5,2812.3,2796.5,2806.0
2013-03-15,2805.8,2810.8,2785.0,2790.5
2013-03-18,2790.8,2796.3,2747.5,2787.5
2013-03-19,2787.8,2799.1,2754.5,2774.0
2013-03-20,2774.3,2805.6,2771.0,2785.1
2013-03-21,2784.8,2787.1,2760.3,2768.3
2013-03-22,2768.5,2796.8,2762.5,2794.8
2013-03-25,2796.0,2810.6,2770.0,2786.3
2013-03-26,2785.8,2803.1,2785.5,2801.6
2013-03-27,2801.3,2805.1,2775.8,2798.8
2013-03-28,2799.0,2813.8,2790.7,2812.3
2013-04-01,2812.5,2814.8,2783.5,2788.5
2013-04-02,2788.8,2822.3,2785.5,2813.8
2013-04-03,2813.5,2818.3,2779.5,2787.2
2013-04-04,2787.0,2800.5,2772.0,2781.7
2013-04-05,2782.0,2783.0,2736.7,2764.2
2013-04-08,2764.0,2786.5,2756.2,2782.8
2013-04-09,2783.0,2808.8,2774.2,2796.0
2013-04-10,2795.8,2856.6,2794.0,2847.3
2013-04-11,2847.0,2857.5,2842.5,2852.8
2013-04-12,2853.0,2853.8,2827.5,2846.7
2013-04-15,2845.3,2850.1,2777.5,2793.8
2013-04-16,2793.5,2833.0,2790.7,2823.3
2013-04-17,2823.5,2827.5,2757.5,2778.0
2013-04-18,2777.8,2787.1,2723.0,2748.8
2013-04-19,2749.0,2778.5,2736.2,2771.0
2013-04-22,2771.3,2811.6,2770.3,2801.6
2013-04-23,2801.8,2841.8,2784.3,2839.8
2013-04-24,2839.5,2842.0,2815.0,2822.7
2013-04-25,2822.5,2853.5,2818.0,2844.0
2013-04-26,2843.8,2844.1,2821.5,2833.3
2013-04-29,2833.0,2870.8,2826.7,2859.8
2013-04-30,2859.3,2882.6,2853.0,2882.3
2013-05-01,2881.5,2886.0,2861.7,2866.0
2013-05-02,2866.3,2909.6,2865.8,2902.1
2013-05-03,2902.3,2946.8,2899.3,2937.1
2013-05-06,2937.3,2953.3,2935.5,2947.3
2013-05-07,2947.5,2955.8,2936.5,2946.5
2013-05-08,2946.8,2964.1,2940.8,2961.1
2013-05-09,2960.8,2977.3,2949.3,2962.3
2013-05-10,2962.0,2977.0,2958.2,2976.0
2013-05-13,2969.0,2986.5,2959.7,2980.0
2013-05-14,2980.3,3004.1,2970.5,2996.1
2013-05-15,2996.3,3004.3,2981.8,3004.1
2013-05-16,3003.8,3018.1,2995.0,3000.3
2013-05-17,3000.5,3027.5,2997.5,3023.3
2013-05-20,3019.8,3031.1,3009.3,3021.3
2013-05-21,3020.5,3035.8,3009.5,3020.8
2013-05-22,3021.0,3052.5,2983.0,3006.5
2013-05-23,3006.3,3007.6,2960.5,2995.0
2013-05-24,2995.3,3002.3,2962.8,2992.0
2013-05-27,2991.0,3003.8,2984.2,2999.8
2013-05-28,2999.5,3036.0,2997.5,3005.8
2013-05-29,3006.0,3007.8,2977.5,2993.2
2013-05-30,2993.5,3024.5,2980.7,3009.0
2013-05-31,3009.3,3021.8,2976.3,2976.5
2013-06-03,2979.8,2994.1,2949.3,2986.8
2013-06-04,2986.5,3006.0,2960.2,2975.7
2013-06-05,2975.5,2976.8,2931.0,2938.2
2013-06-06,2938.0,2953.0,2909.5,2948.8
2013-06-07,2949.0,2991.3,2941.0,2983.8
2013-06-10,2980.3,3003.3,2975.5,2987.1
2013-06-11,2986.8,2988.3,2949.0,2965.3
2013-06-12,2965.5,2978.5,2919.0,2922.0
2013-06-13,2921.8,2968.6,2897.3,2962.8
2013-06-14,2962.5,2967.3,2938.0,2940.2
2013-06-17,2940.0,2988.8,2939.5,2972.0
2013-06-18,2972.0,3001.8,2970.0,2997.0
2013-06-19,2997.0,3002.8,2957.5,2959.2
2013-06-20,2959.0,2961.0,2881.5,2884.2
2013-06-21,2884.5,2905.5,2845.2,2863.5
2013-06-24,2864.8,2869.8,2817.3,2846.0
2013-06-25,2846.0,2872.8,2830.0,2858.5
2013-06-26,2858.3,2892.1,2845.3,2884.6
2013-06-27,2885.0,2917.3,2881.5,2899.0
2013-06-28,2899.3,2920.1,2883.8,2900.1
2013-07-01,2905.3,2945.8,2893.5,2918.3
2013-07-02,2918.5,2940.3,2906.5,2922.0
2013-07-03,2922.3,2948.1,2896.3,2936.1
2013-07-04,2936.0,2966.3,2933.2,2964.3
2013-07-05,2963.8,2970.3,2927.0,2961.5
2013-07-08,2960.0,2977.0,2948.0,2962.0
2013-07-09,2961.5,2984.0,2958.2,2975.3
2013-07-10,2975.5,3004.8,2968.0,3004.3
2013-07-11,3004.0,3057.0,3004.0,3053.3
2013-07-12,3053.0,3069.5,3048.5,3064.0
2013-07-15,3063.3,3075.8,3062.3,3072.6
2013-07-16,3073.0,3079.3,3063.0,3072.5
2013-07-17,3072.3,3085.3,3064.8,3074.3
2013-07-18,3074.0,3085.8,3045.2,3048.7
2013-07-19,3048.5,3048.8,3029.7,3042.5
2013-07-22,3045.0,3054.3,3038.0,3048.0
2013-07-23,3048.3,3059.3,3022.8,3042.5
2013-07-24,3042.0,3056.3,3027.7,3052.0
2013-07-25,3052.3,3057.6,3026.5,3053.6
2013-07-26,3054.0,3072.5,3037.0,3071.8
2013-07-29,3069.8,3077.6,3055.8,3067.0
2013-07-30,3066.5,3093.8,3064.7,3083.8
2013-07-31,3083.8,3104.1,3078.3,3091.8
2013-08-01,3092.3,3122.6,3089.0,3118.1
2013-08-02,3117.8,3137.1,3111.5,3135.6
2013-08-05,3134.8,3139.6,3127.3,3135.8
2013-08-06,3135.5,3138.5,3105.5,3117.0
2013-08-07,3116.8,3118.6,3090.0,3116.8
2013-08-08,3117.0,3135.3,3107.7,3129.0
2013-08-09,3130.7,3135.6,3108.0,3114.6
2013-08-12,3112.8,3130.3,3095.3,3127.6
2013-08-13,3126.1,3147.8,3105.0,3138.3
2013-08-14,3138.0,3143.5,3119.7,3119.7
2013-08-15,3114.3,3116.3,3066.5,3070.8
2013-08-16,3070.5,3087.8,3066.2,3067.7
2013-08-19,3065.0,3098.5,3063.5,3069.0
2013-08-20,3068.5,3094.8,3061.5,3080.8
2013-08-21,3080.5,3096.5,3058.2,3059.5
2013-08-22,3059.0,3104.8,3053.2,3102.5
2013-08-23,3102.8,3124.8,3094.3,3120.1
2013-08-26,3118.3,3145.1,3115.3,3120.8
2013-08-27,3120.5,3122.8,3050.5,3059.7
2013-08-28,3059.5,3082.5,3054.5,3064.0
2013-08-29,3064.5,3106.8,3062.0,3090.5
2013-08-30,3090.3,3101.3,3060.0,3076.8
2013-09-02,3087.3,3111.3,3087.3,3107.3
2013-09-03,3106.5,3111.0,3074.0,3087.0
2013-09-04,3087.3,3129.3,3081.5,3129.1
2013-09-05,3128.8,3135.6,3122.0,3127.0
2013-09-06,3126.5,3147.0,3094.5,3132.8
2013-09-09,3129.8,3173.1,3129.8,3168.1
2013-09-10,3167.8,3187.1,3165.3,3182.3
2013-09-11,3182.5,3185.8,3158.0,3181.2
2013-09-12,3181.8,3184.6,3168.3,3176.8
2013-09-13,3177.3,3181.1,3159.8,3179.6
2013-09-16,3198.0,3217.0,3161.0,3166.7
2013-09-17,3166.3,3193.8,3161.0,3191.8
2013-09-18,3191.0,3234.0,3188.0,3229.8
2013-09-19,3230.0,3242.8,3229.7,3235.0
2013-09-20,3237.9,3243.7,3215.5,3217.5
2013-09-23,3221.0,3234.8,3196.0,3208.2
2013-09-24,3208.5,3228.5,3200.7,3212.0
2013-09-25,3212.3,3218.3,3193.8,3199.8
2013-09-26,3199.5,3233.0,3199.5,3226.8
2013-09-27,3226.5,3231.3,3201.5,3220.2
2013-09-30,3209.3,3220.8,3176.3,3217.3
2013-10-01,3217.0,3249.3,3211.0,3247.0
2013-10-02,3247.3,3249.1,3218.8,3237.5
2013-10-03,3237.3,3246.1,3187.5,3199.0
2013-10-04,3198.8,3237.3,3197.3,3232.6
2013-10-07,3221.3,3230.6,3199.8,3205.0
2013-10-08,3204.8,3212.6,3142.5,3145.0
2013-10-09,3143.5,3162.0,3108.7,3131.5
2013-10-10,3132.0,3206.8,3130.7,3190.3
2013-10-11,3190.5,3227.8,3173.7,3226.5
2013-10-14,3197.5,3252.3,3194.7,3250.8
2013-10-15,3251.3,3261.3,3232.0,3240.5
2013-10-16,3240.8,3274.3,3232.5,3261.1
2013-10-17,3261.3,3304.6,3253.5,3304.3
2013-10-18,3305.0,3345.8,3304.7,3343.8
2013-10-21,3342.8,3359.8,3340.5,3351.3
2013-10-22,3351.8,3375.1,3336.3,3356.3
2013-10-23,3356.5,3356.5,3320.2,3340.5
2013-10-24,3340.8,3377.6,3333.5,3375.6
2013-10-25,3375.8,3390.3,3359.5,3374.0
2013-10-28,3373.0,3387.5,3358.7,3368.7
2013-10-29,3367.5,3389.8,3366.5,3385.3
2013-10-30,3386.5,3399.3,3363.0,3386.5
2013-10-31,3386.3,3391.8,3359.3,3376.0
2013-11-01,3375.8,3386.3,3355.5,3365.5
2013-11-04,3365.0,3385.0,3364.7,3376.3
2013-11-05,3376.5,3388.3,3353.7,3378.8
2013-11-06,3378.5,3395.8,3368.2,3373.5
2013-11-07,3373.3,3384.8,3312.3,3320.5
2013-11-08,3320.8,3360.8,3308.3,3358.1
2013-11-11,3359.3,3363.3,3343.5,3352.8
2013-11-12,3353.0,3364.5,3341.7,3362.5
2013-11-13,3362.3,3404.6,3336.3,3401.8
2013-11-14,3398.8,3413.8,3384.8,3409.3
2013-11-15,3409.5,3419.0,3403.2,3415.0
2013-11-18,3414.5,3423.5,3378.0,3384.2
2013-11-19,3384.5,3398.3,3368.7,3374.0
2013-11-20,3374.3,3396.6,3356.5,3366.0
2013-11-21,3366.3,3403.8,3358.3,3400.6
2013-11-22,3400.3,3420.3,3397.8,3418.8
2013-11-25,3420.0,3435.0,3418.2,3426.5
2013-11-26,3426.3,3453.8,3420.8,3445.8
2013-11-27,3446.0,3470.0,3443.7,3468.0
2013-11-28,3468.3,3482.1,3467.0,3480.8
2013-11-29,3480.0,3494.3,3478.5,3489.3
2013-12-02,3492.3,3498.8,3475.0,3481.8
2013-12-03,3481.5,3486.5,3464.2,3474.7
2013-12-04,3475.0,3491.8,3451.5,3481.3
2013-12-05,3481.8,3489.8,3470.8,3473.3
2013-12-06,3476.5,3508.8,3475.0,3504.5
2013-12-09,3506.5,3522.5,3504.5,3517.0
2013-12-10,3516.0,3522.3,3505.7,3514.7
2013-12-11,3514.5,3520.0,3462.2,3469.0
2013-12-12,3469.3,3477.3,3453.5,3454.3
2013-12-13,3454.0,3476.3,3447.7,3456.0
2013-12-16,3455.8,3493.1,3432.5,3470.6
2013-12-17,3470.3,3481.3,3459.0,3462.0
2013-12-18,3462.3,3511.6,3420.3,3509.3
2013-12-19,3509.5,3514.8,3480.5,3495.7
2013-12-20,3492.3,3535.1,3492.0,3529.3
2013-12-23,3539.8,3565.1,3539.3,3564.3
2013-12-24,3564.0,3570.3,3559.0,3569.0
2013-12-26,3570.8,3581.1,3566.3,3580.8
2013-12-27,3580.5,3584.8,3565.0,3567.5
2013-12-30,3568.0,3571.5,3554.0,3565.5
2013-12-31,3565.3,3586.1,3563.0,3580.8
2014-01-02,3574.0,3576.8,3547.2,3558.2
2014-01-03,3558.5,3564.3,3529.2,3529.5
2014-01-06,3528.5,3538.0,3504.0,3513.5
2014-01-07,3513.3,3555.1,3513.3,3547.6
2014-01-08,3547.8,3567.3,3542.0,3561.3
2014-01-09,3561.5,3574.5,3533.5,3547.0
2014-01-10,3547.3,3569.6,3527.5,3559.3
2014-01-13,3560.8,3564.6,3490.5,3507.3
2014-01-14,3508.3,3574.3,3501.3,3571.6
2014-01-15,3572.0,3607.8,3568.7,3596.8
2014-01-16,3596.5,3606.0,3592.0,3594.2
2014-01-17,3594.8,3606.6,3572.3,3583.8
2014-01-20,3582.3,3586.8,3575.5,3586.3
2014-01-21,3586.0,3609.8,3577.5,3605.5
2014-01-22,3605.8,3627.3,3603.0,3624.3
2014-01-23,3624.5,3633.0,3579.5,3613.2
2014-01-24,3613.0,3619.0,3528.7,3529.0
2014-01-27,3529.3,3542.8,3472.8,3476.5
2014-01-28,3475.5,3503.8,3465.7,3500.0
2014-01-29,3501.8,3526.8,3452.3,3473.8
2014-01-30,3473.5,3535.0,3469.0,3508.5
2014-01-31,3509.8,3530.6,3477.8,3514.8
2014-02-03,3514.5,3527.5,3423.5,3436.0
2014-02-04,3435.8,3471.6,3429.5,3450.6
2014-02-05,3450.0,3461.0,3410.0,3447.0
2014-02-06,3449.5,3497.0,3445.7,3488.8
2014-02-07,3489.3,3557.6,3477.8,3556.8
2014-02-10,3559.8,3577.8,3548.3,3577.6
2014-02-11,3577.3,3623.8,3576.3,3611.3
2014-02-12,3611.5,3631.3,3608.2,3620.5
2014-02-13,3619.8,3653.6,3594.8,3650.8
2014-02-14,3650.5,3665.8,3636.0,3658.5
2014-02-17,3658.3,3670.6,3654.5,3665.3
2014-02-18,3662.8,3682.6,3652.0,3674.3
2014-02-19,3674.0,3677.3,3643.2,3654.2
2014-02-20,3654.0,3674.8,3636.2,3667.5
2014-02-21,3667.8,3684.6,3659.0,3662.5
2014-02-24,3664.3,3699.3,3653.0,3685.6
2014-02-25,3685.3,3695.3,3666.5,3687.8
2014-02-26,3688.0,3699.8,3660.5,3675.7
2014-02-27,3677.5,3702.5,3659.2,3702.5
2014-02-28,3702.3,3720.3,3663.0,3697.0
2014-03-03,3674.8,3677.8,3635.3,3668.0
2014-03-04,3667.8,3721.1,3667.8,3715.3
2014-03-05,3715.5,3730.3,3710.5,3728.0
2014-03-06,3727.8,3735.1,3707.3,3721.8
2014-03-07,3721.5,3738.3,3683.7,3702.7
2014-03-10,3698.0,3709.5,3682.0,3707.8
2014-03-11,3707.5,3723.8,3679.0,3685.0
2014-03-12,3684.8,3707.6,3659.8,3707.1
2014-03-13,3707.3,3720.3,3634.0,3652.3
2014-03-14,3652.8,3658.6,3624.0,3626.0
2014-03-17,3626.5,3677.3,3606.7,3658.3
2014-03-18,3658.5,3706.5,3644.5,3700.3
2014-03-19,3700.5,3709.5,3657.7,3675.5
2014-03-20,3675.8,3703.1,3662.8,3692.1
2014-03-21,3688.5,3710.8,3631.7,3637.5
2014-03-24,3635.8,3654.8,3573.5,3610.8
2014-03-25,3611.0,3649.8,3589.0,3622.0
2014-03-26,3622.3,3645.3,3568.8,3573.3
2014-03-27,3573.0,3583.3,3533.2,3555.7
2014-03-28,3556.3,3599.1,3549.5,3561.8
2014-03-31,3574.5,3609.0,3572.0,3580.8
2014-04-01,3581.0,3650.5,3576.5,3649.8
2014-04-02,3649.5,3666.3,3640.5,3658.0
2014-04-03,3658.3,3666.8,3607.3,3632.8
2014-04-04,3633.3,3655.6,3520.8,3537.0
2014-04-07,3538.5,3540.5,3472.5,3498.0
2014-04-08,3498.3,3533.8,3488.8,3526.8
2014-04-09,3526.5,3591.8,3524.5,3591.3
2014-04-10,3591.5,3597.3,3468.2,3483.0
2014-04-11,3483.3,3491.6,3429.3,3442.5
2014-04-14,3431.3,3482.8,3423.5,3469.1
2014-04-15,3468.8,3498.6,3403.3,3496.6
2014-04-16,3496.8,3522.3,3477.8,3498.8
2014-04-17,3500.3,3540.3,3490.5,3524.1
2014-04-18,3523.8,3523.8,3521.5,3521.8
2014-04-21,3524.5,3552.0,3514.7,3550.5
2014-04-22,3551.0,3586.3,3543.5,3583.3
2014-04-23,3582.5,3589.8,3544.0,3586.8
2014-04-24,3587.5,3616.0,3542.0,3591.0
2014-04-25,3586.0,3587.8,3514.5,3529.0
2014-04-28,3532.0,3560.3,3478.7,3548.8
2014-04-29,3539.5,3569.3,3528.0,3555.5
2014-04-30,3555.8,3575.8,3537.0,3575.6
2014-05-01,3575.8,3603.3,3568.5,3587.3
2014-05-02,3587.5,3602.3,3567.5,3577.5
2014-05-05,3578.8,3595.8,3546.3,3592.3
2014-05-06,3593.0,3601.5,3544.7,3549.2
2014-05-07,3549.5,3564.5,3495.7,3539.2
2014-05-08,3539.0,3577.5,3516.5,3531.2
2014-05-09,3531.5,3550.0,3508.5,3547.0
2014-05-12,3546.8,3608.8,3546.8,3608.6
2014-05-13,3609.3,3622.1,3601.8,3607.8
2014-05-14,3607.5,3612.8,3581.5,3596.0
2014-05-15,3596.5,3604.8,3538.2,3561.0
2014-05-16,3561.3,3587.3,3541.0,3580.8
2014-05-19,3588.0,3589.0,3584.0,3585.0
2014-05-20,3608.8,3621.6,3582.5,3597.0
2014-05-21,3597.3,3633.6,3591.3,3630.1
2014-05-22,3629.8,3657.6,3629.0,3647.1
2014-05-23,3646.0,3674.8,3643.0,3673.0
2014-05-26,3676.5,3690.3,3675.5,3688.5
2014-05-27,3685.3,3720.6,3684.0,3720.6
2014-05-28,3720.8,3728.1,3705.5,3714.8
2014-05-29,3714.5,3735.0,3711.2,3734.3
2014-05-30,3733.3,3738.3,3713.3,3729.0
2014-06-02,3732.8,3739.3,3705.5,3726.5
2014-06-03,3726.8,3733.3,3712.0,3730.8
2014-06-04,3730.5,3747.0,3712.0,3742.0
2014-06-05,3741.8,3779.8,3732.0,3774.6
2014-06-06,3775.5,3796.3,3773.7,3795.5
2014-06-09,3797.3,3800.8,3781.0,3790.5
2014-06-10,3790.3,3800.3,3782.8,3800.3
2014-06-11,3800.5,3802.3,3777.5,3797.2
2014-06-12,3797.5,3804.3,3749.7,3772.5
2014-06-13,3771.5,3783.5,3758.2,3774.0
2014-06-16,3773.0,3788.3,3755.2,3777.5
2014-06-17,3777.8,3790.1,3767.8,3779.8
2014-06-18,3779.5,3805.5,3762.0,3801.3
2014-06-19,3801.0,3809.0,3780.5,3785.5
2014-06-20,3783.3,3797.3,3782.8,3791.1
2014-06-23,3790.5,3804.5,3783.0,3791.8
2014-06-24,3791.5,3825.8,3779.2,3790.2
2014-06-25,3790.0,3821.3,3781.0,3812.0
2014-06-26,3811.8,3819.8,3787.0,3816.6
2014-06-27,3815.3,3835.6,3806.0,3830.3
2014-06-30,3829.3,3849.1,3825.8,3844.8
2014-07-01,3845.3,3892.3,3843.0,3883.8
2014-07-02,3884.0,3894.0,3881.0,3889.3
2014-07-03,3889.5,3915.8,3886.2,3913.8
2014-07-04,3914.3,3914.6,3909.5,3911.8
2014-07-07,3911.0,3913.5,3894.2,3901.7
2014-07-08,3902.0,3904.5,3839.2,3860.5
2014-07-09,3860.3,3888.3,3854.8,3885.3
2014-07-10,3885.5,3887.3,3829.7,3871.0
2014-07-11,3871.3,3896.6,3869.8,3896.1
2014-07-14,3896.3,3928.6,3895.8,3919.1
2014-07-15,3919.3,3931.6,3878.0,3915.8
2014-07-16,3915.5,3938.8,3911.2,3918.3
2014-07-17,3918.0,3925.3,3857.2,3865.0
2014-07-18,3866.3,3933.6,3852.3,3930.8
2014-07-21,3927.5,3932.3,3907.7,3922.0
2014-07-22,3921.8,3957.3,3921.3,3942.3
2014-07-23,3941.5,3981.0,3941.2,3975.0
2014-07-24,3975.3,3989.1,3961.3,3964.0
2014-07-25,3964.3,3964.3,3935.3,3955.5
2014-07-28,3952.8,3968.3,3927.0,3957.3
2014-07-29,3957.0,3975.3,3946.7,3955.7
2014-07-30,3956.0,3981.0,3951.2,3967.3
2014-07-31,3968.0,3968.0,3879.7,3885.7
2014-08-01,3886.3,3899.1,3845.3,3871.8
2014-08-04,3874.0,3913.5,3865.2,3894.0
2014-08-05,3893.8,3898.1,3849.8,3871.8
2014-08-06,3871.5,3889.3,3840.0,3867.0
2014-08-07,3867.3,3890.3,3838.8,3852.5
2014-08-08,3853.8,3884.8,3824.5,3872.6
2014-08-11,3872.0,3915.5,3872.0,3905.0
2014-08-12,3904.8,3915.1,3881.3,3905.1
2014-08-13,3904.8,3947.1,3900.5,3946.3
2014-08-14,3945.5,3971.0,3937.7,3969.0
2014-08-15,3969.5,3992.3,3945.2,3983.0
2014-08-18,3991.8,4017.3,3990.3,4013.6
2014-08-19,4013.3,4038.3,4013.3,4032.8
2014-08-20,4032.5,4044.3,4026.7,4038.3
2014-08-21,4038.0,4046.5,4030.7,4046.5
2014-08-22,4046.8,4058.6,4034.5,4053.8
2014-08-25,4053.3,4076.3,4053.0,4061.3
2014-08-26,4061.5,4073.5,4059.5,4071.0
2014-08-27,4071.3,4074.8,4061.5,4070.3
2014-08-28,4070.0,4072.3,4052.5,4071.8
2014-08-29,4072.3,4083.8,4060.0,4076.3
2014-09-01,4076.0,4082.8,4074.0,4082.3
2014-09-02,4081.0,4093.3,4075.7,4092.8
2014-09-03,4092.5,4111.8,4060.5,4069.2
2014-09-04,4069.8,4098.8,4054.3,4070.6
2014-09-05,4070.0,4089.3,4050.0,4087.5
2014-09-08,4085.3,4102.8,4073.5,4093.3
2014-09-09,4093.0,4108.3,4051.2,4063.2
2014-09-10,4063.0,4094.0,4052.7,4091.8
2014-09-11,4091.5,4094.0,4058.0,4094.0
2014-09-12,4093.8,4094.8,4054.8,4065.5
2014-09-15,4059.8,4074.3,4016.3,4032.0
2014-09-16,4032.5,4072.0,4010.2,4064.8
2014-09-17,4064.5,4089.3,4045.7,4072.3
2014-09-18,4072.8,4101.1,4066.8,4097.3
2014-09-19,4097.0,4116.5,4074.0,4085.5
2014-09-22,4087.0,4090.3,4033.7,4047.5
2014-09-23,4047.3,4058.8,4026.0,4027.5
2014-09-24,4027.0,4087.8,4025.7,4084.8
2014-09-25,4085.5,4086.0,3996.2,4004.2
2014-09-26,4004.8,4048.3,3999.8,4044.3
2014-09-29,4043.5,4049.0,3996.0,4031.5
2014-09-30,4031.3,4062.6,4022.3,4035.3
2014-10-01,4034.5,4043.8,3963.5,3982.0
2014-10-02,3982.3,3992.1,3925.8,3972.8
2014-10-03,3973.0,4032.5,3968.7,4014.8
2014-10-06,4016.5,4038.3,3994.2,4001.5
2014-10-07,4000.8,4008.1,3947.0,3948.0
2014-10-08,3947.8,4039.6,3928.5,4031.8
2014-10-09,4031.5,4045.5,3945.0,3949.2
2014-10-10,3948.3,3964.8,3849.0,3850.5
2014-10-13,3847.0,3883.8,3792.5,3793.5
2014-10-14,3792.5,3850.3,3790.7,3816.0
2014-10-15,3816.5,3829.3,3689.2,3742.2
2014-10-16,3742.5,3784.3,3682.2,3741.5
2014-10-17,3740.0,3838.3,3739.7,3803.5
2014-10-20,3811.5,3876.0,3791.5,3874.5
2014-10-21,3874.3,3973.3,3844.0,3972.8
2014-10-22,3973.0,3980.8,3937.5,3947.0
2014-10-23,3946.3,4022.3,3937.5,4002.8
2014-10-24,4003.0,4036.3,3968.7,4034.8
2014-10-27,4033.8,4047.6,4007.5,4038.8
2014-10-28,4039.0,4097.3,4036.0,4091.3
2014-10-29,4091.0,4094.0,4053.0,4069.7
2014-10-30,4069.3,4098.6,4041.0,4092.3
2014-10-31,4090.8,4161.3,4088.0,4141.6
2014-11-03,4146.3,4171.3,4139.8,4154.3
2014-11-04,4154.5,4162.0,4117.7,4142.5
2014-11-05,4142.3,4174.1,4131.8,4140.3
2014-11-06,4140.8,4165.1,4128.3,4164.1
2014-11-07,4164.3,4176.8,4133.8,4149.5
2014-11-10,4150.0,4176.5,4142.0,4169.3
2014-11-11,4169.5,4184.3,4159.7,4182.5
2014-11-12,4182.8,4196.6,4164.5,4192.3
2014-11-13,4192.0,4224.8,4189.5,4202.3
2014-11-14,4202.8,4222.3,4193.8,4222.3
2014-11-17,4220.3,4222.1,4189.5,4210.5
2014-11-18,4210.8,4246.6,4200.8,4237.1
2014-11-19,4237.3,4240.3,4202.3,4223.3
2014-11-20,4222.3,4245.6,4199.8,4243.8
2014-11-21,4244.0,4282.0,4235.2,4247.5
2014-11-24,4248.3,4284.3,4246.0,4280.8
2014-11-25,4281.0,4301.0,4274.7,4292.3
2014-11-26,4292.0,4321.5,4288.5,4321.0
2014-11-27,4320.8,4329.8,4310.3,4329.6
2014-11-28,4326.5,4345.8,4316.5,4335.8
2014-12-01,4328.8,4333.3,4271.5,4284.0
2014-12-02,4284.3,4312.6,4283.3,4306.6
2014-12-03,4306.8,4317.8,4285.5,4310.6
2014-12-04,4310.3,4326.3,4291.3,4312.1
2014-12-05,4311.8,4324.6,4300.8,4312.3
2014-12-08,4311.3,4318.3,4256.8,4280.5
2014-12-09,4280.0,4296.3,4215.0,4290.8
2014-12-10,4290.5,4296.0,4217.2,4224.2
2014-12-11,4224.5,4296.0,4218.5,4226.5
2014-12-12,4226.3,4252.8,4186.0,4189.0
2014-12-15,4188.5,4235.5,4142.7,4157.5
2014-12-16,4161.5,4189.0,4085.0,4089.0
2014-12-17,4090.0,4174.0,4084.0,4162.0
2014-12-18,4163.0,4274.0,4152.0,4273.0
2014-12-19,4272.0,4304.0,4258.0,4282.0
2014-12-22,4284.0,4300.0,4276.0,4287.0
2014-12-23,4288.0,4306.0,4272.0,4277.0
2014-12-24,4275.0,4295.0,4274.0,4280.0
2014-12-26,4281.0,4321.0,4281.0,4312.0
2014-12-29,4313.0,4320.0,4297.0,4317.0
2014-12-30,4316.0,4318.0,4275.0,4285.0
2014-12-31,4284.0,4306.0,4231.0,4236.0
2015-01-02,4248.0,4275.0,4204.0,4219.0
2015-01-05,4217.0,4223.0,4149.0,4170.0
2015-01-06,4169.0,4176.0,4087.0,4104.0
2015-01-07,4103.0,4169.0,4103.0,4159.0
2015-01-08,4158.0,4247.0,4158.0,4235.0
2015-01-09,4236.0,4257.0,4186.0,4207.0
2015-01-12,4208.0,4232.0,4157.0,4175.0
2015-01-13,4174.0,4253.0,4131.0,4169.0
2015-01-14,4168.0,4173.0,4106.0,4155.0
2015-01-15,4156.0,4195.0,4084.0,4085.0
2015-01-16,4078.0,4143.0,4047.0,4142.0
2015-01-19,4144.0,4160.0,4119.0,4132.0
2015-01-20,4133.0,4180.0,4115.0,4171.0
2015-01-21,4172.0,4211.0,4143.0,4190.0
2015-01-22,4191.0,4274.0,4171.0,4274.0
2015-01-23,4273.0,4291.0,4256.0,4271.0
2015-01-26,4254.0,4283.0,4237.0,4274.0
2015-01-27,4275.0,4277.0,4149.0,4216.0
2015-01-28,4210.0,4240.0,4125.0,4130.0
2015-01-29,4131.0,4203.0,4101.0,4202.0
2015-01-30,4203.0,4213.0,4142.0,4148.0
2015-02-02,4152.0,4191.0,4092.0,4188.0
2015-02-03,4189.0,4227.0,4172.0,4219.0
2015-02-04,4217.0,4248.0,4193.0,4198.0
2015-02-05,4192.0,4257.0,4183.0,4255.0
2015-02-06,4254.0,4270.0,4212.0,4234.0
2015-02-09,4221.0,4234.0,4204.0,4219.0
2015-02-10,4221.0,4286.0,4213.0,4281.0
2015-02-11,4280.0,4323.0,4274.0,4314.0
2015-02-12,4313.0,4347.0,4288.0,4345.0
2015-02-13,4344.0,4383.0,4343.0,4380.0
2015-02-16,4375.0,4389.0,4370.0,4376.0
2015-02-17,4367.0,4387.0,4364.0,4384.0
2015-02-18,4383.0,4392.0,4373.0,4388.0
2015-02-19,4389.0,4416.0,4375.0,4416.0
2015-02-20,4415.0,4444.0,4395.0,4439.0
2015-02-23,4440.0,4449.0,4429.0,4446.0
2015-02-24,4445.0,4455.0,4427.0,4450.0
2015-02-25,4449.0,4460.0,4429.0,4437.0
2015-02-26,4438.0,4463.0,4431.0,4461.0
2015-02-27,4460.0,4461.0,4435.0,4446.0
2015-03-02,4447.0,4482.0,4446.0,4477.0
2015-03-03,4478.0,4478.0,4432.0,4457.0
2015-03-04,4456.0,4457.0,4419.0,4443.0
2015-03-05,4442.0,4464.0,4432.0,4450.0
2015-03-06,4449.0,4458.0,4389.0,4405.0
2015-03-09,4412.0,4424.0,4391.0,4412.0
2015-03-10,4413.0,4414.0,4328.0,4333.0
2015-03-11,4334.0,4346.0,4303.0,4310.0
2015-03-12,4311.0,4338.0,4297.0,4332.0
2015-03-13,4330.0,4346.0,4287.0,4312.0
2015-03-16,4311.0,4370.0,4298.0,4358.0
2015-03-17,4357.0,4384.0,4347.0,4377.0
2015-03-18,4376.0,4440.0,4342.0,4429.0
2015-03-19,4428.0,4441.0,4418.0,4427.0
2015-03-20,4426.0,4478.0,4422.0,4454.0
2015-03-23,4452.0,4467.0,4443.0,4444.0
2015-03-24,4443.0,4467.0,4430.0,4435.0
2015-03-25,4436.0,4444.0,4326.0,4332.0
2015-03-26,4333.0,4338.0,4276.0,4321.0
2015-03-27,4323.0,4341.0,4305.0,4331.0
2015-03-30,4334.0,4384.0,4324.0,4377.0
2015-03-31,4376.0,4381.0,4326.0,4329.0
2015-04-01,4328.0,4340.0,4269.0,4320.0
2015-04-02,4321.0,4327.0,4295.0,4315.0
2015-04-03,4310.0,4320.0,4309.0,4317.0
2015-04-06,4274.0,4361.2,4271.0,4346.9
2015-04-07,4344.9,4378.7,4336.9,4341.2
2015-04-08,4340.6,4383.1,4334.2,4382.6
2015-04-09,4382.9,4407.1,4359.4,4404.4
2015-04-10,4405.9,4422.2,4392.1,4421.7
2015-04-13,4421.9,4447.6,4406.1,4409.4
2015-04-14,4410.5,4420.6,4373.5,4402.8
2015-04-15,4403.9,4435.2,4395.0,4430.0
2015-04-16,4431.5,4435.6,4404.6,4421.4
2015-04-17,4420.7,4424.2,4331.6,4355.6
2015-04-20,4365.2,4423.7,4359.9,4413.7
2015-04-21,4411.3,4449.6,4410.3,4436.9
2015-04-22,4437.1,4465.9,4405.2,4444.7
2015-04-23,4444.9,4503.1,4424.7,4500.0
2015-04-24,4502.1,4542.7,4495.9,4536.8
2015-04-27,4539.3,4561.7,4515.7,4529.9
2015-04-28,4530.4,4536.6,4477.4,4520.3
2015-04-29,4520.0,4520.0,4462.0,4479.4
2015-04-30,4479.3,4483.8,4392.9,4420.9
2015-05-01,4422.0,4477.2,4416.1,4474.2
2015-05-04,4476.4,4509.9,4463.6,4480.9
2015-05-05,4480.2,4485.6,4405.7,4416.4
2015-05-06,4416.2,4429.6,4348.7,4380.4
2015-05-07,4376.7,4413.4,4337.3,4404.5
2015-05-08,4406.5,4465.7,4405.3,4452.7
2015-05-11,4454.7,4467.4,4429.8,4432.6
2015-05-12,4432.4,4442.0,4377.7,4426.0
2015-05-13,4427.3,4461.9,4421.2,4430.6
2015-05-14,4431.3,4495.7,4416.7,4492.7
2015-05-15,4492.4,4510.1,4481.2,4491.9
2015-05-18,4494.1,4520.5,4473.6,4511.7
2015-05-19,4509.3,4526.7,4497.6,4501.1
2015-05-20,4502.1,4534.5,4483.3,4503.4
2015-05-21,4499.9,4536.9,4487.6,4529.7
2015-05-22,4529.9,4543.2,4522.7,4528.3
2015-05-25,4529.5,4537.9,4518.8,4526.0
2015-05-26,4527.7,4529.2,4456.2,4481.4
2015-05-27,4482.7,4550.8,4474.3,4540.2
2015-05-28,4541.2,4547.3,4521.9,4543.9
2015-05-29,4543.3,4545.2,4497.7,4516.8
2015-06-01,4514.7,4538.7,4487.1,4525.1
2015-06-02,4525.4,4530.9,4481.4,4502.8
2015-06-03,4502.9,4540.2,4501.4,4526.3
2015-06-04,4526.6,4527.8,4473.0,4494.9
2015-06-05,4495.8,4505.5,4449.5,4482.2
2015-06-08,4480.6,4483.4,4422.4,4435.9
2015-06-09,4436.7,4441.1,4390.8,4432.3
2015-06-10,4431.8,4498.0,4430.6,4488.0
2015-06-11,4488.4,4511.7,4479.5,4491.4
2015-06-12,4490.7,4491.6,4447.2,4454.9
2015-06-15,4442.8,4444.1,4393.9,4435.4
2015-06-16,4435.0,4464.1,4404.0,4459.1
2015-06-17,4459.4,4482.2,4439.8,4459.1
2015-06-18,4459.3,4540.6,4446.7,4535.4
2015-06-19,4537.1,4545.1,4503.2,4508.4
2015-06-22,4520.3,4557.6,4516.8,4542.2
2015-06-23,4542.7,4554.1,4528.6,4547.9
2015-06-24,4549.4,4560.7,4520.9,4526.2
2015-06-25,4526.3,4553.4,4506.7,4512.2
2015-06-26,4513.9,4523.2,4467.1,4488.5
2015-06-29,4427.5,4458.4,4376.7,4390.8
2015-06-30,4390.3,4419.9,4380.3,4402.1
2015-07-01,4398.4,4449.7,4397.3,4431.1
2015-07-02,4430.7,4448.8,4415.8,4435.8
2015-07-03,4436.3,4443.2,4419.3,4423.5
2015-07-06,4368.3,4444.1,4350.4,4434.1
2015-07-07,4437.4,4455.3,4342.0,4428.9
2015-07-08,4429.4,4430.8,4344.5,4354.5
2015-07-09,4355.6,4415.7,4339.6,4348.1
2015-07-10,4347.2,4433.4,4346.7,4416.9
2015-07-13,4389.4,4498.4,4382.6,4493.8
2015-07-14,4494.6,4536.7,4491.8,4527.4
2015-07-15,4528.7,4546.4,4516.1,4542.5
2015-07-16,4545.0,4614.8,4537.9,4613.5
2015-07-17,4615.5,4660.7,4614.0,4658.5
2015-07-20,4656.3,4693.7,4655.0,4678.5
2015-07-21,4679.7,4691.0,4622.1,4628.3
2015-07-22,4621.4,4643.2,4596.0,4628.0
2015-07-23,4629.4,4641.6,4591.2,4639.5
2015-07-24,4638.5,4645.7,4551.5,4570.2
2015-07-27,4568.7,4574.9,4510.7,4526.5
2015-07-28,4526.2,4568.2,4504.0,4565.7
2015-07-29,4565.9,4586.6,4551.0,4572.8
2015-07-30,4577.5,4606.3,4538.3,4602.5
2015-07-31,4602.0,4616.3,4583.8,4592.0
2015-08-03,4590.9,4606.7,4548.4,4581.2
2015-08-04,4580.4,4588.7,4550.7,4561.7
2015-08-05,4560.0,4635.2,4557.1,4600.8
2015-08-06,4599.4,4613.7,4507.5,4531.8
2015-08-07,4532.4,4537.9,4484.7,4520.9
2015-08-10,4518.0,4583.2,4517.2,4579.9
2015-08-11,4581.9,4587.7,4489.4,4517.7
2015-08-12,4518.9,4538.8,4435.7,4535.8
2015-08-13,4534.8,4560.6,4512.7,4521.7
2015-08-14,4520.3,4536.8,4502.2,4535.3
2015-08-17,4535.5,4570.8,4506.7,4567.0
2015-08-18,4564.5,4574.5,4534.7,4543.1
2015-08-19,4543.7,4553.0,4484.5,4505.2
2015-08-20,4504.0,4513.9,4361.8,4364.6
2015-08-21,4363.6,4369.5,4196.5,4196.6
2015-08-24,4184.9,4198.9,3905.2,4014.6
2015-08-25,4004.0,4207.2,4000.8,4019.7
2015-08-26,4028.8,4231.9,3962.4,4212.4
2015-08-27,4217.8,4333.5,4208.6,4329.2
2015-08-28,4329.4,4342.7,4284.2,4330.7
2015-08-31,4325.5,4329.8,4260.7,4268.6
2015-09-01,4268.5,4269.7,4120.3,4153.5
2015-09-02,4154.4,4265.1,4137.4,4263.4
2015-09-03,4263.1,4305.4,4221.3,4232.0
2015-09-04,4232.3,4238.1,4156.4,4193.7
2015-09-07,4182.6,4244.4,4182.5,4210.9
2015-09-08,4217.2,4305.7,4209.7,4299.9
2015-09-09,4300.4,4369.9,4240.8,4255.8
2015-09-10,4256.9,4326.9,4227.3,4297.2
2015-09-11,4299.7,4328.0,4259.6,4327.6
2015-09-14,4328.1,4357.0,4292.2,4308.0
2015-09-15,4308.5,4372.4,4290.5,4362.3
2015-09-16,4361.4,4391.2,4343.8,4387.2
2015-09-17,4387.3,4450.1,4366.2,4377.8
2015-09-18,4379.5,4391.6,4309.1,4332.2
2015-09-21,4332.9,4372.4,4297.8,4354.4
2015-09-22,4354.2,4356.3,4232.1,4274.2
2015-09-23,4274.3,4303.6,4233.3,4279.6
2015-09-24,4279.4,4289.6,4197.1,4259.2
2015-09-25,4258.7,4326.2,4197.2,4217.0
2015-09-28,4214.2,4249.6,4090.7,4112.2
2015-09-29,4112.6,4154.9,4051.9,4083.8
2015-09-30,4087.5,4179.6,4076.9,4164.7
2015-10-01,4164.8,4236.3,4126.9,4201.2
2015-10-02,4201.5,4273.7,4121.9,4272.0
2015-10-05,4267.8,4339.2,4261.2,4321.9
2015-10-06,4322.3,4331.7,4272.9,4292.1
2015-10-07,4291.8,4343.2,4277.4,4336.4
2015-10-08,4332.5,4357.2,4274.2,4351.4
2015-10-09,4347.3,4378.4,4333.7,4365.3
2015-10-12,4363.4,4390.4,4355.4,4386.9
2015-10-13,4387.2,4399.9,4347.3,4349.6
2015-10-14,4342.7,4374.2,4327.6,4340.3
2015-10-15,4342.1,4420.5,4341.6,4420.5
2015-10-16,4418.5,4446.7,4404.8,4446.3
2015-10-19,4442.4,4464.0,4419.9,4462.2
2015-10-20,4462.8,4464.4,4423.1,4432.5
2015-10-21,4431.4,4464.9,4402.9,4413.6
2015-10-22,4413.8,4573.1,4409.9,4573.1
2015-10-23,4572.9,4644.8,4569.8,4618.7
2015-10-26,4620.7,4638.3,4600.1,4627.5
2015-10-27,4626.3,4659.4,4609.7,4650.2
2015-10-28,4649.7,4685.6,4608.7,4675.1
2015-10-29,4674.9,4677.7,4650.2,4672.3
2015-10-30,4672.1,4697.8,4644.2,4654.4
2015-11-02,4651.7,4707.0,4633.2,4696.3
2015-11-03,4696.7,4734.8,4684.7,4719.8
2015-11-04,4719.9,4736.3,4697.9,4717.4
2015-11-05,4717.3,4731.7,4677.7,4704.4
2015-11-06,4703.4,4712.6,4663.1,4706.2
2015-11-09,4700.2,4713.4,4625.9,4651.1
2015-11-10,4653.1,4666.0,4616.4,4645.6
2015-11-11,4645.2,4678.4,4629.4,4635.8
2015-11-12,4635.4,4655.4,4583.4,4585.4
2015-11-13,4585.1,4592.6,4495.0,4495.0
2015-11-16,4475.0,4566.9,4456.4,4564.5
2015-11-17,4563.9,4597.4,4551.4,4570.3
2015-11-18,4569.4,4656.3,4555.9,4650.6
2015-11-19,4649.0,4677.6,4646.4,4660.4
2015-11-20,4656.7,4691.7,4652.9,4689.8
2015-11-23,4692.2,4706.5,4653.8,4674.2
2015-11-24,4674.4,4684.5,4620.1,4665.2
2015-11-25,4665.1,4684.1,4659.3,4677.7
2015-11-26,4677.8,4703.1,4677.8,4695.1
2015-11-27,4694.4,4698.4,4664.4,4683.8
2015-11-30,4683.4,4699.8,4652.6,4678.7
2015-12-01,4679.0,4715.7,4675.7,4714.4
2015-12-02,4714.0,4739.2,4678.2,4696.9
2015-12-03,4697.4,4729.7,4578.6,4615.9
2015-12-04,4615.6,4721.9,4602.6,4714.2
2015-12-07,4722.4,4728.9,4670.2,4702.4
2015-12-08,4701.7,4708.9,4640.8,4692.4
2015-12-09,4691.7,4707.1,4593.7,4623.7
2015-12-10,4624.0,4673.9,4618.5,4645.6
2015-12-11,4645.5,4658.5,4528.3,4535.8
2015-12-14,4533.3,4578.7,4477.0,4570.8
2015-12-15,4573.8,4636.7,4566.2,4605.9
2015-12-16,4605.8,4673.0,4581.3,4653.2
2015-12-17,4653.1,4687.3,4568.5,4572.0
2015-12-18,4571.7,4591.8,4509.7,4516.9
2015-12-21,4520.4,4577.7,4518.2,4577.4
2015-12-22,4577.3,4600.6,4548.0,4595.9
2015-12-23,4596.6,4626.4,4589.4,4614.0
2015-12-24,4613.4,4634.9,4607.3,4615.3
2015-12-28,4615.9,4625.7,4576.9,4623.8
2015-12-29,4624.0,4702.3,4616.4,4695.0
2015-12-30,4694.8,4699.0,4648.5,4654.1
2015-12-31,4653.9,4659.5,4585.4,4598.0
2016-01-04,4597.4,4611.2,4436.9,4512.8
2016-01-05,4513.1,4530.2,4464.8,4487.9
2016-01-06,4488.4,4494.8,4393.8,4456.1
2016-01-07,4455.9,4466.1,4291.2,4299.6
2016-01-08,4300.6,4377.2,4264.2,4269.3
2016-01-11,4271.1,4311.7,4216.4,4277.1
2016-01-12,4276.3,4352.9,4244.1,4315.5
2016-01-13,4314.8,4372.0,4175.0,4186.8
2016-01-14,4186.3,4307.6,4131.9,4257.0
2016-01-15,4256.4,4275.9,4083.7,4152.5
2016-01-18,4132.7,4185.4,4115.5,4140.9
2016-01-19,4143.3,4223.9,4100.3,4148.0
2016-01-20,4148.3,4179.2,3992.1,4135.4
2016-01-21,4135.5,4200.4,4093.1,4137.7
2016-01-22,4136.9,4260.9,4126.4,4255.4
2016-01-25,4248.8,4267.6,4187.3,4197.8
2016-01-26,4198.0,4252.2,4140.9,4218.3
2016-01-27,4217.9,4227.0,4110.7,4150.7
2016-01-28,4149.6,4206.1,4115.5,4155.3
2016-01-29,4155.8,4278.2,4135.4,4271.4
2016-02-01,4272.5,4317.7,4236.3,4293.8
2016-02-02,4292.2,4292.4,4179.0,4196.1
2016-02-03,4195.7,4221.2,4098.1,4178.7
2016-02-04,4178.5,4209.0,4119.1,4151.8
2016-02-05,4150.9,4177.8,4006.8,4026.3
2016-02-08,4020.6,4052.0,3889.4,3967.4
2016-02-09,3967.9,4010.5,3903.8,3945.2
2016-02-10,3945.4,4047.0,3928.5,3966.6
2016-02-11,3966.3,3990.6,3868.3,3965.3
2016-02-12,3966.4,4023.5,3959.7,4019.5
2016-02-15,4014.0,4097.1,4014.0,4081.9
2016-02-16,4072.6,4107.5,4050.0,4092.4
2016-02-17,4091.5,4211.8,4071.2,4210.4
2016-02-18,4207.7,4230.1,4147.1,4159.7
2016-02-19,4158.0,4177.4,4123.0,4163.2
2016-02-22,4152.4,4236.6,4144.0,4208.5
2016-02-23,4204.9,4219.0,4153.8,4156.7
2016-02-24,4158.6,4220.8,4087.8,4218.5
2016-02-25,4216.8,4250.8,4172.9,4246.5
2016-02-26,4245.8,4295.9,4226.9,4231.4
2016-02-29,4227.9,4265.5,4187.1,4199.1
2016-03-01,4201.8,4340.8,4182.2,4337.6
2016-03-02,4337.8,4359.9,4301.8,4326.3
2016-03-03,4325.9,4347.1,4296.1,4324.1
2016-03-04,4323.8,4355.7,4298.8,4320.7
2016-03-07,4318.6,4330.7,4269.8,4302.7
2016-03-08,4302.8,4309.2,4252.0,4273.0
2016-03-09,4273.7,4298.9,4256.9,4294.3
2016-03-10,4294.0,4347.6,4230.0,4287.3
2016-03-11,4288.0,4361.1,4281.3,4355.2
2016-03-14,4350.4,4378.2,4340.4,4365.6
2016-03-15,4365.4,4372.8,4337.3,4368.4
2016-03-16,4368.5,4415.0,4348.3,4397.1
2016-03-17,4397.5,4420.5,4367.4,4404.0
2016-03-18,4403.7,4418.1,4384.1,4404.7
2016-03-21,4396.4,4429.1,4384.8,4425.6
2016-03-22,4424.8,4448.2,4391.7,4445.3
2016-03-23,4445.1,4448.7,4391.5,4404.2
2016-03-24,4404.8,4409.9,4373.1,4409.6
2016-03-28,4412.4,4433.4,4389.4,4399.7
2016-03-29,4397.4,4471.1,4381.1,4469.9
2016-03-30,4470.5,4517.5,4461.9,4489.3
2016-03-31,4488.2,4502.7,4469.7,4483.1
2016-04-01,4484.8,4536.5,4449.4,4535.2
2016-04-04,4527.5,4549.5,4499.6,4505.8
2016-04-05,4506.7,4506.7,4462.5,4482.5
2016-04-06,4482.1,4543.5,4473.5,4539.0
2016-04-07,4540.0,4545.1,4457.0,4475.3
2016-04-08,4473.5,4515.4,4457.4,4475.2
2016-04-11,4469.8,4515.5,4450.2,4453.0
2016-04-12,4452.4,4503.5,4432.5,4494.7
2016-04-13,4489.6,4559.5,4488.6,4553.9
2016-04-14,4552.4,4569.0,4536.8,4554.3
2016-04-15,4552.9,4560.1,4529.0,4543.7
2016-04-18,4539.9,4566.6,4507.2,4556.7
2016-04-19,4556.4,4590.8,4513.3,4535.9
2016-04-20,4537.5,4562.3,4515.6,4540.9
2016-04-21,4531.4,4559.6,4495.8,4505.6
2016-04-22,4503.3,4509.6,4439.1,4475.0
2016-04-25,4466.2,4486.3,4444.1,4480.8
2016-04-26,4480.4,4497.8,4416.5,4417.7
2016-04-27,4417.5,4441.2,4380.2,4440.3
2016-04-28,4440.0,4449.7,4354.1,4391.8
2016-04-29,4391.3,4399.0,4304.5,4343.4
2016-05-02,4337.3,4386.2,4325.5,4380.0
2016-05-03,4379.9,4381.1,4327.2,4344.9
2016-05-04,4345.0,4348.4,4298.9,4316.5
2016-05-05,4315.9,4346.4,4296.4,4302.4
2016-05-06,4302.8,4338.7,4275.8,4337.5
2016-05-09,4334.6,4361.5,4323.0,4340.1
2016-05-10,4340.2,4403.1,4328.2,4400.2
2016-05-11,4395.5,4407.7,4350.9,4356.6
2016-05-12,4356.3,4386.9,4311.2,4341.4
2016-05-13,4341.2,4364.9,4308.3,4327.0
2016-05-16,4321.6,4396.2,4309.6,4377.5
2016-05-17,4376.6,4395.2,4309.7,4322.5
2016-05-18,4322.2,4360.4,4299.9,4337.8
2016-05-19,4337.0,4342.4,4282.4,4319.0
2016-05-20,4319.3,4380.5,4314.0,4364.5
2016-05-23,4364.3,4383.0,4348.1,4353.7
2016-05-24,4353.4,4450.0,4343.4,4446.3
2016-05-25,4446.8,4489.9,4440.9,4476.9
2016-05-26,4477.5,4496.0,4464.5,4493.7
2016-05-27,4493.1,4513.5,4487.9,4512.9
2016-05-30,4514.0,4525.0,4513.7,4521.7
2016-05-31,4519.2,4528.7,4497.8,4521.8
2016-06-01,4521.5,4537.4,4503.2,4520.2
2016-06-02,4520.9,4533.2,4487.7,4529.8
2016-06-03,4530.2,4534.8,4479.2,4507.2
2016-06-06,4506.0,4537.0,4504.2,4523.8
2016-06-07,4524.8,4546.1,4508.8,4512.4
2016-06-08,4511.9,4529.9,4504.1,4518.1
2016-06-09,4513.7,4522.4,4493.6,4512.3
2016-06-10,4512.5,4513.2,4446.4,4465.4
2016-06-13,4458.1,4463.3,4419.9,4422.8
2016-06-14,4414.7,4441.8,4393.3,4425.5
2016-06-15,4425.0,4444.8,4405.5,4412.3
2016-06-16,4407.0,4430.5,4362.1,4424.2
2016-06-17,4418.9,4441.7,4362.8,4372.2
2016-06-20,4366.1,4446.2,4366.1,4416.7
2016-06-21,4402.7,4425.1,4397.6,4406.6
2016-06-22,4400.4,4443.3,4399.1,4404.1
2016-06-23,4401.7,4487.7,4401.7,4487.4
2016-06-24,4487.3,4503.2,4224.2,4269.9
2016-06-27,4265.3,4277.4,4177.9,4183.6
2016-06-28,4180.6,4293.9,4180.6,4290.9
2016-06-29,4285.3,4389.2,4277.9,4388.7
2016-06-30,4379.5,4419.4,4348.2,4410.7
2016-07-01,4399.9,4455.0,4395.0,4443.2
2016-07-04,4436.2,4460.4,4435.2,4449.2
2016-07-05,4439.5,4446.1,4385.6,4415.1
2016-07-06,4409.1,4448.4,4373.7,4445.2
2016-07-07,4439.8,4469.2,4435.4,4460.4
2016-07-08,4454.6,4531.4,4447.9,4525.7
2016-07-11,4525.7,4571.4,4523.9,4558.9
2016-07-12,4552.5,4589.9,4552.5,4577.9
2016-07-13,4572.7,4592.4,4566.9,4568.4
2016-07-14,4563.2,4616.3,4561.3,4597.8
2016-07-15,4592.1,4611.5,4564.2,4570.0
2016-07-18,4565.0,4630.0,4565.0,4617.7
2016-07-19,4612.1,4619.5,4596.6,4615.3
2016-07-20,4610.5,4667.5,4606.0,4664.5
2016-07-21,4658.5,4670.2,4635.2,4648.0
2016-07-22,4642.0,4672.6,4636.9,4666.4
2016-07-25,4661.8,4677.6,4651.9,4666.6
2016-07-26,4660.2,4696.4,4649.1,4694.6
2016-07-27,4693.6,4722.1,4685.8,4721.2
2016-07-28,4713.5,4739.7,4697.9,4739.0
2016-07-29,4732.6,4744.4,4717.2,4735.9
2016-08-01,4739.6,4768.4,4729.2,4756.1
2016-08-02,4751.0,4767.6,4690.1,4722.9
2016-08-03,4716.4,4736.2,4705.4,4733.9
2016-08-04,4724.4,4751.4,4719.7,4750.7
2016-08-05,4743.8,4802.2,4742.8,4789.7
2016-08-08,4783.2,4805.5,4770.8,4784.5
2016-08-09,4778.6,4812.2,4778.3,4797.7
2016-08-10,4791.1,4804.1,4771.1,4784.6
2016-08-11,4779.8,4815.2,4778.3,4805.0
2016-08-12,4799.2,4810.6,4791.6,4809.8
2016-08-15,4802.2,4839.3,4802.2,4828.0
2016-08-16,4822.0,4826.1,4795.3,4803.6
2016-08-17,4796.6,4811.3,4773.6,4809.3
2016-08-18,4803.4,4815.6,4794.3,4809.3
2016-08-19,4803.5,4818.1,4786.6,4809.8
2016-08-22,4803.6,4819.3,4791.1,4813.8
2016-08-23,4805.7,4837.8,4805.1,4819.8
2016-08-24,4813.1,4824.1,4771.1,4786.1
2016-08-25,4780.5,4794.3,4768.8,4784.1
2016-08-26,4777.4,4817.8,4758.0,4786.5
2016-08-29,4780.9,4805.5,4775.3,4795.2
2016-08-30,4789.3,4798.7,4760.3,4778.3
2016-08-31,4771.9,4779.3,4751.8,4772.6
2016-09-01,4768.8,4795.4,4749.9,4775.7
2016-09-02,4772.4,4818.1,4772.4,4796.8
2016-09-05,4792.8,4806.1,4782.8,4793.2
2016-09-06,4787.1,4831.9,4787.1,4831.7
2016-09-07,4825.3,4839.8,4813.2,4829.2
2016-09-08,4823.3,4837.2,4790.0,4796.9
2016-09-09,4790.0,4798.2,4666.5,4674.0
2016-09-12,4664.8,4772.7,4629.4,4767.2
2016-09-13,4760.4,4764.8,4700.0,4734.3
2016-09-14,4727.3,4771.4,4724.6,4736.1
2016-09-15,4730.1,4826.9,4719.8,4815.4
2016-09-16,4807.5,4823.4,4792.6,4818.6
2016-09-19,4811.7,4845.4,4786.5,4799.7
2016-09-20,4794.0,4824.7,4793.7,4803.6
2016-09-21,4798.1,4860.7,4792.7,4856.0
2016-09-22,4850.2,4898.5,4846.8,4895.1
2016-09-23,4887.6,4896.0,4855.1,4862.1
2016-09-26,4857.5,4866.0,4814.1,4821.6
2016-09-27,4814.9,4871.1,4807.3,4865.6
2016-09-28,4859.7,4879.5,4851.0,4874.3
2016-09-29,4867.4,4882.5,4818.8,4847.9
2016-09-30,4840.3,4891.7,4818.1,4873.5
2016-10-03,4866.9,4884.3,4847.8,4873.3
2016-10-04,4866.7,4892.6,4841.3,4860.8
2016-10-05,4855.2,4893.3,4854.1,4881.3
2016-10-06,4874.0,4885.8,4850.6,4875.6
2016-10-07,4869.6,4888.1,4839.8,4865.0
2016-10-10,4860.6,4906.7,4860.6,4898.0
2016-10-11,4892.1,4902.5,4803.6,4830.8
2016-10-12,4824.0,4845.3,4805.8,4812.6
2016-10-13,4806.5,4818.9,4761.1,4801.6
2016-10-14,4795.9,4847.4,4792.8,4809.4
2016-10-17,4804.3,4817.1,4787.9,4809.3
2016-10-18,4805.1,4863.6,4805.1,4831.8
2016-10-19,4824.9,4847.3,4818.3,4837.0
2016-10-20,4829.6,4853.8,4806.0,4851.8
2016-10-21,4845.8,4856.0,4822.0,4852.0
2016-10-24,4846.9,4915.5,4846.9,4915.0
2016-10-25,4909.8,4926.6,4880.9,4885.6
2016-10-26,4880.6,4889.0,4847.0,4860.6
2016-10-27,4854.5,4887.6,4808.2,4831.1
2016-10-28,4824.2,4850.8,4794.3,4813.0
2016-10-31,4807.9,4837.7,4796.2,4811.5
2016-11-01,4811.2,4824.7,4726.5,4763.7
2016-11-02,4758.0,4776.0,4716.4,4727.9
2016-11-03,4717.0,4733.6,4671.2,4675.6
2016-11-04,4670.2,4699.4,4655.4,4664.4
2016-11-07,4721.4,4786.6,4719.6,4786.4
2016-11-08,4780.0,4827.3,4757.9,4807.9
2016-11-09,4803.4,4842.6,4562.2,4825.9
2016-11-10,4819.7,4884.6,4684.9,4744.5
2016-11-11,4740.9,4763.3,4687.5,4746.8
2016-11-14,4751.8,4789.2,4677.9,4699.6
2016-11-15,4691.3,4781.4,4690.4,4767.4
2016-11-16,4762.5,4796.9,4738.6,4785.3
2016-11-17,4780.5,4833.6,4779.0,4833.6
2016-11-18,4827.1,4842.6,4804.9,4812.8
2016-11-21,4806.8,4864.4,4804.0,4859.9
2016-11-22,4854.7,4887.0,4853.9,4880.0
2016-11-23,4874.0,4884.9,4832.9,4853.4
2016-11-24,4847.9,4865.5,4841.9,4865.5
2016-11-25,4858.2,4872.6,4854.9,4872.6
2016-11-28,4860.4,4881.6,4844.6,4859.8
2016-11-29,4856.7,4899.6,4849.6,4876.8
2016-11-30,4871.0,4886.6,4815.0,4820.8
2016-12-01,4813.2,4829.5,4725.2,4736.2
2016-12-02,4732.1,4761.2,4709.7,4737.5
2016-12-05,4713.7,4798.2,4704.0,4784.7
2016-12-06,4781.5,4799.2,4771.0,4793.0
2016-12-07,4789.3,4857.6,4766.3,4847.6
2016-12-08,4845.1,4874.1,4841.3,4869.5
2016-12-09,4864.8,4902.9,4857.9,4899.9
2016-12-12,4899.7,4922.4,4858.1,4871.9
2016-12-13,4868.0,4967.5,4865.3,4946.5
2016-12-14,4942.2,4962.7,4916.7,4937.4
2016-12-15,4934.6,4967.1,4923.8,4942.6
2016-12-16,4940.1,4957.1,4910.0,4919.6
2016-12-19,4919.4,4972.4,4918.8,4946.4
2016-12-20,4943.4,4969.4,4942.4,4962.4
2016-12-21,4958.6,4966.3,4945.7,4952.9
2016-12-22,4952.4,4959.1,4923.4,4939.9
2016-12-23,4937.7,4950.0,4929.2,4946.2
2016-12-27,4944.0,5000.8,4943.8,4966.8
2016-12-28,4964.3,4985.6,4924.9,4928.8
2016-12-29,4928.2,4939.9,4907.9,4926.4
2016-12-30,4923.8,4946.3,4856.5,4870.5
2017-01-03,4886.6,4933.6,4884.6,4911.8
2017-01-04,4910.0,4947.7,4908.2,4938.5
2017-01-05,4936.5,4969.5,4925.7,4968.2
2017-01-06,4964.9,5022.6,4957.9,5010.4
2017-01-09,5006.8,5035.1,5005.8,5026.3
2017-01-10,5026.1,5052.3,5013.1,5038.6
2017-01-11,5035.6,5053.6,5013.3,5052.8
2017-01-12,5047.3,5049.8,4995.8,5043.5
2017-01-13,5040.3,5068.8,5040.0,5067.4
2017-01-16,5059.4,5062.4,5050.0,5055.4
2017-01-17,5054.1,5059.3,5031.1,5046.1
2017-01-18,5043.3,5063.3,5040.3,5060.0
2017-01-19,5057.4,5081.1,5042.8,5062.6
2017-01-20,5058.3,5089.0,5051.3,5067.3
2017-01-23,5062.6,5076.4,5037.1,5070.9
2017-01-24,5067.4,5110.4,5066.9,5106.9
2017-01-25,5106.4,5156.6,5105.6,5156.4
2017-01-26,5152.9,5175.1,5147.7,5152.9
2017-01-27,5148.2,5173.7,5145.7,5170.5
2017-01-30,5148.4,5160.8,5101.1,5130.8
2017-01-31,5127.6,5140.5,5090.0,5137.8
2017-02-01,5136.8,5164.4,5129.5,5156.0
2017-02-02,5151.3,5164.5,5126.5,5136.2
2017-02-03,5131.1,5168.1,5125.6,5161.6
2017-02-06,5162.1,5169.1,5146.1,5164.9
2017-02-07,5160.6,5197.6,5160.1,5181.1
2017-02-08,5178.1,5202.4,5169.4,5196.1
2017-02-09,5192.3,5222.3,5189.5,5215.0
2017-02-10,5213.0,5235.5,5212.5,5230.8
2017-02-13,5228.3,5263.5,5227.0,5262.5
2017-02-14,5257.2,5277.9,5239.9,5274.8
2017-02-15,5271.7,5313.4,5265.4,5312.9
2017-02-16,5310.2,5317.0,5288.8,5301.3
2017-02-17,5296.8,5327.0,5287.3,5327.0
2017-02-20,5321.5,5345.8,5320.8,5340.8
2017-02-21,5335.9,5353.9,5332.1,5345.1
2017-02-22,5343.0,5355.7,5336.7,5353.6
2017-02-23,5350.6,5361.4,5311.3,5332.1
2017-02-24,5327.6,5344.8,5299.6,5342.7
2017-02-27,5340.0,5352.3,5323.8,5343.8
2017-02-28,5343.0,5349.8,5317.3,5335.8
2017-03-01,5332.3,5399.3,5330.8,5384.3
2017-03-02,5381.3,5393.1,5355.6,5360.6
2017-03-03,5355.3,5372.8,5343.7,5371.8
2017-03-06,5368.3,5368.3,5338.6,5352.3
2017-03-07,5352.3,5373.6,5341.7,5350.5
2017-03-08,5345.4,5377.1,5333.9,5363.2
2017-03-09,5359.1,5372.2,5335.7,5370.7
2017-03-10,5365.2,5395.4,5363.4,5383.4
2017-03-13,5379.8,5396.5,5372.6,5396.2
2017-03-14,5392.7,5397.0,5360.5,5382.2
2017-03-15,5380.5,5428.5,5377.0,5414.3
2017-03-16,5410.3,5436.8,5399.5,5413.6
2017-03-17,5410.9,5422.9,5402.0,5404.9
2017-03-20,5402.0,5425.6,5393.6,5414.6
2017-03-21,5411.2,5438.9,5328.3,5333.8
2017-03-22,5330.8,5374.3,5314.1,5362.8
2017-03-23,5361.6,5376.6,5345.8,5355.3
2017-03-24,5353.8,5393.5,5346.2,5371.9
2017-03-27,5356.2,5384.7,5316.4,5381.9
2017-03-28,5379.9,5423.7,5362.7,5406.4
2017-03-29,5404.3,5436.2,5403.7,5435.0
2017-03-30,5432.5,5449.7,5425.7,5439.7
2017-03-31,5437.7,5452.0,5420.2,5437.0
2017-04-03,5428.6,5453.7,5402.4,5430.7
2017-04-04,5429.2,5446.9,5405.9,5446.2
2017-04-05,5443.9,5480.4,5408.2,5411.9
2017-04-06,5410.8,5436.3,5390.8,5425.3
2017-04-07,5423.0,5435.2,5381.8,5420.5
2017-04-10,5416.6,5443.3,5405.5,5425.8
2017-04-11,5424.6,5429.1,5358.2,5404.3
2017-04-12,5400.6,5412.8,5367.0,5369.6
2017-04-13,5369.3,5399.3,5348.6,5357.1
2017-04-17,5351.3,5399.3,5347.8,5397.6
2017-04-18,5395.5,5405.3,5376.2,5391.5
2017-04-19,5390.0,5431.2,5389.2,5394.2
2017-04-20,5395.3,5455.3,5393.3,5444.3
2017-04-21,5442.8,5455.3,5428.6,5439.8
2017-04-24,5432.4,5513.9,5432.4,5504.6
2017-04-25,5500.7,5559.3,5500.0,5549.3
2017-04-26,5546.4,5565.5,5538.3,5538.3
2017-04-27,5535.8,5601.5,5535.0,5590.0
2017-04-28,5585.1,5600.6,5574.8,5583.3
2017-05-01,5582.6,5640.9,5577.3,5635.7
2017-05-02,5630.4,5645.3,5626.3,5626.3
2017-05-03,5618.7,5634.3,5609.8,5612.8
2017-05-04,5609.3,5637.6,5607.3,5630.8
2017-05-05,5627.6,5653.0,5615.8,5652.8
2017-05-08,5657.1,5659.6,5635.7,5656.4
2017-05-09,5653.2,5688.7,5651.7,5681.8
2017-05-10,5676.8,5680.8,5659.5,5676.3
2017-05-11,5670.1,5674.1,5635.4,5669.5
2017-05-12,5667.5,5688.4,5655.5,5686.9
2017-05-15,5681.1,5705.7,5681.1,5703.9
2017-05-16,5699.2,5724.6,5693.2,5721.9
2017-05-17,5717.5,5719.3,5571.9,5572.9
2017-05-18,5571.1,5646.6,5548.9,5631.4
2017-05-19,5628.1,5675.1,5620.6,5652.6
2017-05-22,5650.1,5703.2,5647.8,5702.4
2017-05-23,5700.1,5717.3,5687.4,5709.7
2017-05-24,5706.1,5733.4,5704.1,5732.1
2017-05-25,5728.9,5794.6,5728.9,5783.6
2017-05-26,5778.0,5793.3,5771.3,5791.8
2017-05-29,5790.1,5801.3,5790.1,5793.8
2017-05-30,5792.0,5801.2,5777.0,5792.5
2017-05-31,5788.2,5817.5,5762.1,5802.8
2017-06-01,5799.8,5823.1,5779.8,5821.3
2017-06-02,5820.8,5886.6,5819.8,5884.8
2017-06-05,5877.3,5891.2,5872.9,5882.5
2017-06-06,5878.8,5893.8,5850.1,5863.6
2017-06-07,5860.4,5886.6,5848.0,5881.3
2017-06-08,5877.8,5900.3,5856.5,5894.7
2017-06-09,5874.6,5903.6,5665.1,5740.8
2017-06-12,5743.8,5746.5,5639.8,5718.8
2017-06-13,5715.3,5765.3,5712.1,5758.8
2017-06-14,5755.7,5784.5,5684.2,5726.9
2017-06-15,5723.8,5728.8,5638.3,5707.3
2017-06-16,5703.1,5724.3,5658.1,5684.6
2017-06-19,5688.3,5779.6,5680.3,5766.8
2017-06-20,5762.9,5780.9,5725.1,5729.2
2017-06-21,5723.0,5794.0,5696.2,5792.7
2017-06-22,5788.0,5810.7,5768.2,5782.6
2017-06-23,5781.3,5812.8,5760.8,5806.5
2017-06-26,5801.3,5850.5,5766.9,5777.4
2017-06-27,5776.1,5782.6,5668.0,5673.0
2017-06-28,5670.5,5767.6,5631.0,5766.8
2017-06-29,5762.1,5773.8,5600.2,5649.3
2017-06-30,5645.5,5685.3,5622.5,5655.0
2017-07-03,5657.5,5689.8,5580.7,5588.3
2017-07-04,5588.1,5618.1,5560.6,5580.6
2017-07-05,5568.6,5665.9,5566.1,5650.6
2017-07-06,5647.6,5650.3,5579.3,5595.8
2017-07-07,5596.7,5675.9,5591.0,5655.9
2017-07-10,5659.7,5711.4,5650.2,5693.9
2017-07-11,5690.0,5722.5,5667.6,5720.1
2017-07-12,5716.9,5789.8,5712.9,5788.1
2017-07-13,5785.6,5811.7,5778.2,5798.7
2017-07-14,5797.2,5848.2,5788.4,5847.2
2017-07-17,5843.7,5863.9,5832.2,5859.7
2017-07-18,5856.6,5899.6,5821.1,5897.6
2017-07-19,5894.1,5925.8,5890.1,5920.6
2017-07-20,5918.3,5939.5,5898.3,5932.0
2017-07-21,5930.2,5932.2,5892.5,5921.3
2017-07-24,5920.0,5956.5,5907.0,5928.0
2017-07-25,5924.0,5948.7,5918.3,5935.8
2017-07-26,5933.3,5959.9,5929.8,5955.8
2017-07-27,5964.6,5998.1,5847.8,5907.3
2017-07-28,5907.3,5920.7,5853.0,5916.0
2017-07-31,5909.2,5936.0,5873.2,5886.7
2017-08-01,5884.4,5934.4,5878.6,5933.6
2017-08-02,5935.8,5951.1,5860.3,5918.6
2017-08-03,5913.0,5927.3,5880.6,5892.2
2017-08-04,5890.4,5915.4,5877.9,5901.4
2017-08-07,5901.5,5941.8,5899.8,5940.8
2017-08-08,5936.4,5976.4,5911.6,5918.9
2017-08-09,5910.6,5928.1,5865.6,5927.1
2017-08-10,5920.8,5923.3,5768.6,5773.6
2017-08-11,5765.4,5847.0,5762.5,5839.0
2017-08-14,5842.4,5918.8,5842.4,5916.5
2017-08-15,5908.6,5943.1,5894.6,5912.9
2017-08-16,5911.5,5948.5,5901.2,5919.6
2017-08-17,5914.7,5922.7,5785.7,5792.9
2017-08-18,5790.2,5834.2,5771.8,5796.7
2017-08-21,5809.2,5816.2,5752.3,5796.5
2017-08-22,5792.4,5881.9,5791.4,5879.9
2017-08-23,5874.6,5883.6,5841.4,5843.2
2017-08-24,5842.4,5874.3,5804.3,5845.9
2017-08-25,5844.1,5874.6,5817.7,5825.2
2017-08-28,5806.0,5856.0,5802.0,5846.0
2017-08-29,5811.0,5875.3,5777.3,5869.3
2017-08-30,5866.6,5943.7,5863.2,5935.0
2017-08-31,5930.8,5997.3,5930.5,5995.3
2017-09-01,5991.7,6020.3,5974.0,5989.0
2017-09-04,5956.0,5983.9,5948.5,5980.5
2017-09-05,5974.7,5986.5,5891.7,5943.4
2017-09-06,5940.7,5967.9,5911.5,5954.4
2017-09-07,5946.1,5983.7,5934.1,5972.3
2017-09-08,5969.5,5974.7,5910.6,5919.8
2017-09-11,5946.1,5995.8,5941.8,5988.3
2017-09-12,5983.6,6007.5,5971.1,6003.5
2017-09-13,6001.3,6007.5,5979.3,6006.0
2017-09-14,6001.6,6004.3,5965.4,5967.7
2017-09-15,5965.6,6012.6,5946.1,5994.3
2017-09-18,5993.4,6015.1,5964.6,5985.1
2017-09-19,5984.6,6002.1,5972.5,5990.1
2017-09-20,5987.3,5998.2,5928.5,5974.5
2017-09-21,5968.5,5978.0,5917.3,5941.7
2017-09-22,5940.9,5943.2,5909.4,5933.7
2017-09-25,5926.7,5952.6,5840.8,5878.0
2017-09-26,5875.0,5911.0,5861.3,5889.5
2017-09-27,5886.3,5961.6,5885.5,5937.1
2017-09-28,5936.0,5947.2,5910.5,5938.5
2017-09-29,5933.7,5984.5,5932.5,5978.9
2017-10-02,5979.0,6008.9,5957.6,5984.4
2017-10-03,5981.0,6003.5,5977.5,5997.5
2017-10-04,5994.2,6013.6,5977.9,6002.6
2017-10-05,5999.6,6066.3,5999.1,6060.7
2017-10-06,6057.0,6069.7,6036.0,6063.7
2017-10-09,6058.5,6082.3,6053.6,6060.9
2017-10-10,6059.1,6087.3,6038.6,6065.0
2017-10-11,6061.3,6088.0,6053.2,6083.0
2017-10-12,6080.2,6096.9,6066.4,6074.3
2017-10-13,6069.9,6104.3,6068.9,6100.1
2017-10-16,6099.6,6122.8,6099.6,6121.3
2017-10-17,6117.6,6127.0,6106.8,6123.5
2017-10-18,6123.3,6134.3,6109.8,6120.8
2017-10-19,6118.5,6123.3,6053.0,6101.1
2017-10-20,6094.6,6131.6,6093.8,6113.0
2017-10-23,6109.3,6127.1,6063.7,6067.9
2017-10-24,6064.1,6095.1,6059.9,6076.1
2017-10-25,6073.8,6090.3,6014.3,6068.8
2017-10-26,6064.5,6099.3,6038.3,6091.0
2017-10-27,6091.5,6228.7,6082.2,6220.2
2017-10-30,6210.4,6254.7,6205.7,6224.7
2017-10-31,6221.5,6261.7,6220.5,6254.5
2017-11-01,6250.4,6287.9,6227.2,6238.4
2017-11-02,6229.1,6266.1,6196.4,6262.6
2017-11-03,6251.4,6300.7,6240.2,6292.2
2017-11-06,6284.3,6320.3,6271.1,6315.8
2017-11-07,6310.6,6334.3,6299.3,6317.5
2017-11-08,6311.5,6349.0,6304.7,6343.7
2017-11-09,6340.7,6354.5,6248.2,6316.2
2017-11-10,6309.5,6321.0,6281.7,6308.6
2017-11-13,6311.3,6325.8,6282.1,6314.1
2017-11-14,6308.8,6319.1,6263.8,6295.2
2017-11-15,6288.2,6292.4,6228.9,6261.7
2017-11-16,6258.4,6355.1,6257.4,6342.1
2017-11-17,6336.4,6348.4,6305.9,6306.1
2017-11-20,6306.5,6326.5,6289.0,6314.6
2017-11-21,6309.4,6382.7,6308.7,6376.9
2017-11-22,6373.6,6392.6,6372.8,6385.3
2017-11-23,6381.8,6395.5,6373.5,6382.8
2017-11-24,6385.2,6413.5,6377.5,6410.2
2017-11-27,6407.2,6422.9,6393.6,6412.9
2017-11-28,6406.9,6427.7,6387.1,6421.5
2017-11-29,6416.6,6426.4,6281.7,6302.9
2017-11-30,6302.8,6375.8,6287.8,6354.3
2017-12-01,6350.5,6367.7,6245.2,6342.5
2017-12-04,6386.2,6387.2,6249.9,6258.7
2017-12-05,6256.1,6339.6,6231.6,6268.6
2017-12-06,6268.2,6307.5,6233.0,6301.3
2017-12-07,6294.0,6336.2,6290.0,6324.5
2017-12-08,6321.0,6380.0,6321.0,6343.3
2017-12-11,6345.7,6414.0,6345.2,6408.5
2017-12-12,6405.0,6412.5,6376.8,6389.6
2017-12-13,6387.8,6424.1,6369.9,6404.9
2017-12-14,6401.5,6430.0,6389.0,6390.0
2017-12-15,6392.0,6489.0,6385.7,6486.5
2017-12-18,6482.0,6528.7,6482.0,6522.5
2017-12-19,6518.8,6532.8,6467.3,6490.8
2017-12-20,6487.3,6516.8,6451.7,6472.9
2017-12-21,6471.7,6512.9,6464.2,6482.2
2017-12-22,6478.7,6495.0,6461.3,6478.0
2017-12-27,6453.0,6470.7,6437.7,6448.2
2017-12-28,6444.6,6472.6,6437.9,6439.4
2017-12-29,6436.2,6463.2,6379.2,6383.2
2018-01-02,6397.9,6519.4,6393.9,6510.9
2018-01-03,6505.4,6587.4,6505.4,6579.2
2018-01-04,6576.9,6612.7,6575.7,6601.9
2018-01-05,6599.0,6665.5,6595.5,6662.0
2018-01-08,6659.9,6687.1,6650.1,6685.1
2018-01-09,6682.5,6704.2,6664.3,6677.9
2018-01-10,6672.7,6684.0,6625.4,6673.6
2018-01-11,6669.7,6726.2,6661.9,6721.2
2018-01-12,6717.2,6775.2,6701.2,6773.7
2018-01-15,6781.0,6796.8,6771.8,6779.3
2018-01-16,6775.3,6844.6,6728.3,6759.6
2018-01-17,6758.6,6833.6,6744.1,6819.6
2018-01-18,6816.6,6837.6,6795.6,6814.8
2018-01-19,6813.1,6855.9,6801.4,6852.0
2018-01-22,6828.3,6942.0,6824.0,6932.5
2018-01-23,6928.1,6981.9,6920.8,6960.8
2018-01-24,6953.8,7005.0,6889.8,6935.8
2018-01-25,6932.0,6989.0,6904.3,6939.8
2018-01-26,6937.8,7038.3,6936.6,7037.3
2018-01-29,7032.3,7052.1,6985.8,7000.8
2018-01-30,6997.7,7011.7,6908.3,6945.8
2018-01-31,6943.5,6996.7,6927.3,6934.8
2018-02-01,6979.1,6993.3,6890.6,6941.8
2018-02-02,6957.0,6969.3,6756.3,6762.5
2018-02-05,6757.5,6820.3,6391.8,6469.0
2018-02-06,6461.2,6682.7,6266.0,6641.0
2018-02-07,6648.4,6723.1,6538.0,6555.2
2018-02-08,6548.9,6624.4,6307.4,6339.4
2018-02-09,6329.2,6459.0,6168.2,6426.0
2018-02-12,6440.6,6571.8,6418.6,6531.3
2018-02-13,6528.9,6574.4,6475.6,6564.6
2018-02-14,6554.6,6692.6,6456.9,6678.9
2018-02-15,6677.5,6827.8,6671.2,6820.8
2018-02-16,6815.4,6860.6,6763.4,6783.9
2018-02-19,6782.9,6821.4,6760.6,6781.6
2018-02-20,6783.6,6846.1,6725.8,6795.3
2018-02-21,6788.8,6887.6,6743.8,6756.8
2018-02-22,6753.3,6833.3,6698.3,6797.6
2018-02-23,6791.8,6916.0,6785.3,6910.5
2018-02-26,6924.1,7010.4,6893.9,7007.4
2018-02-27,7003.4,7011.9,6907.6,6916.6
2018-02-28,6915.1,6973.4,6861.1,6883.1
2018-03-01,6881.4,6901.9,6692.4,6768.7
2018-03-02,6767.2,6826.5,6649.2,6811.5
2018-03-05,6793.1,6908.6,6746.9,6883.9
2018-03-06,6884.3,6943.6,6876.6,6914.3
2018-03-07,6836.1,6941.6,6803.3,6927.6
2018-03-08,6927.6,6981.4,6918.0,6976.9
2018-03-09,6976.9,7108.4,6964.9,7101.9
2018-03-12,7102.0,7165.5,7102.0,7138.5
2018-03-13,7138.5,7194.9,7031.2,7051.4
2018-03-14,7051.4,7102.5,7017.8,7041.3
2018-03-15,7041.3,7080.8,7009.3,7056.8
2018-03-16,7056.8,7065.6,7014.4,7025.4
2018-03-19,7021.5,7024.5,6804.0,6898.0
2018-03-20,6898.0,6911.7,6847.0,6901.7
2018-03-21,6901.7,6934.5,6827.7,6867.0
2018-03-22,6867.0,6899.7,6670.9,6680.0
2018-03-23,6680.0,6706.4,6504.4,6527.9
2018-03-26,6525.1,6765.2,6511.4,6762.5
2018-03-27,6762.5,6834.6,6475.6,6537.8
2018-03-28,6537.8,6568.3,6407.5,6475.0
2018-03-29,6475.0,6640.4,6431.1,6559.0
2018-03-30,6559.0,6559.0,6559.0,6559.0
2018-04-02,6543.1,6576.6,6315.9,6401.6
2018-04-03,6401.6,6486.6,6341.0,6461.2
2018-04-04,6461.2,6582.0,6297.0,6571.7
2018-04-05,6571.7,6644.6,6549.8,6596.3
2018-04-06,6596.3,6598.5,6399.3,6443.5
2018-04-09,6446.8,6610.4,6446.8,6485.6
2018-04-10,6485.6,6644.4,6464.2,6615.6
2018-04-11,6615.6,6656.3,6543.8,6587.1
2018-04-12,6587.1,6687.2,6583.1,6666.5
2018-04-13,6666.5,6706.7,6600.3,6634.8
2018-04-16,6680.1,6715.2,6634.9,6697.9
2018-04-17,6698.4,6840.0,6694.0,6821.0
2018-04-18,6821.0,6862.8,6792.8,6842.1
2018-04-19,6842.1,6862.4,6751.6,6773.6
2018-04-20,6773.6,6786.9,6642.9,6671.9
2018-04-23,6672.4,6725.9,6614.9,6657.4
2018-04-24,6657.4,6715.9,6465.4,6524.6
2018-04-25,6524.6,6574.4,6427.8,6571.1
2018-04-26,6571.1,6746.9,6557.9,6740.9
2018-04-27,6740.9,6770.6,6622.0,6669.4
2018-04-30,6669.4,6717.9,6596.0,6603.4
2018-05-01,6603.4,6739.5,6578.9,6718.0
2018-05-02,6718.0,6728.6,6624.4,6627.4
2018-05-03,6627.4,6669.4,6537.4,6665.4
2018-05-04,6665.4,6787.0,6609.3,6777.8
2018-05-07,6776.8,6850.4,6768.6,6817.6
2018-05-08,6817.6,6836.8,6770.6,6821.6
2018-05-09,6821.6,6900.3,6807.8,6895.6
2018-05-10,6895.6,6970.4,6887.9,6951.4
2018-05-11,6951.4,6975.8,6925.1,6956.6
2018-05-14,6954.3,7011.0,6953.0,6966.0
2018-05-15,6966.0,6974.1,6852.1,6890.2
2018-05-16,6890.2,6948.1,6870.5,6929.3
2018-05-17,6929.3,6955.8,6869.3,6898.0
2018-05-18,6898.0,6930.4,6856.8,6869.0
2018-05-21,6919.7,6952.4,6876.9,6909.7
2018-05-22,6909.7,6950.6,6886.1,6903.8
2018-05-23,6903.8,6958.0,6826.2,6953.0
2018-05-24,6953.0,6970.5,6882.0,6951.8
2018-05-25,6951.8,6999.7,6939.7,6959.2
2018-05-28,6985.9,7005.4,6968.7,6990.9
2018-05-29,6990.9,6992.5,6888.8,6943.0
2018-05-30,6943.0,6992.5,6916.7,6981.0
2018-05-31,6981.0,7022.1,6957.1,6980.9
2018-06-01,6980.9,7089.5,6974.0,7084.0
2018-06-04,7073.1,7151.6,7068.9,7149.1
2018-06-05,7149.1,7187.6,7137.8,7183.1
2018-06-06,7183.1,7223.0,7142.7,7217.7
2018-06-07,7217.7,7234.3,7117.0,7161.5
2018-06-08,7161.5,7163.4,7078.4,7148.4
2018-06-11,7149.9,7190.9,7129.9,7166.9
2018-06-12,7166.9,7220.8,7158.3,7219.1
2018-06-13,7219.1,7267.5,7196.5,7210.0
2018-06-14,7210.0,7297.8,7182.2,7288.3
2018-06-15,7288.3,7295.1,7222.1,7256.1
2018-06-18,7250.2,7267.5,7186.7,7251.7
2018-06-19,7251.7,7256.3,7136.6,7233.3
2018-06-20,7233.6,7312.7,7204.9,7291.7
2018-06-21,7291.7,7335.6,7204.6,7206.6
2018-06-22,7206.6,7252.5,7177.6,7197.3
2018-06-25,7197.3,7202.7,6976.2,7046.4
2018-06-26,7046.4,7111.2,7021.1,7073.4
2018-06-27,7073.4,7132.8,6969.6,6977.6
2018-06-28,6977.6,7057.7,6938.0,7039.0
2018-06-29,7039.0,7105.2,7027.4,7049.9
2018-07-02,7054.6,7101.8,6970.1,7098.1
2018-07-03,7098.1,7147.7,7005.2,7005.7
2018-07-04,7005.7,7035.9,6995.6,7025.9
2018-07-05,7025.9,7109.5,6999.5,7107.7
2018-07-06,7107.7,7220.4,7084.1,7212.6
2018-07-09,7213.1,7286.6,7212.9,7284.9
2018-07-10,7284.9,7318.5,7243.0,7253.3
2018-07-11,7239.9,7273.7,7188.7,7238.4
2018-07-12,7236.4,7370.9,7233.4,7365.9
2018-07-13,7362.3,7398.3,7351.8,7380.1
2018-07-16,7387.3,7398.8,7301.3,7305.7
2018-07-17,7305.7,7420.4,7278.1,7408.7
2018-07-18,7408.7,7422.2,7365.8,7382.5
2018-07-19,7383.0,7400.5,7338.3,7350.5
2018-07-20,7362.8,7398.0,7335.3,7349.7
2018-07-23,7354.0,7417.3,7296.8,7405.5
2018-07-24,7405.5,7474.8,7372.3,7394.7
2018-07-25,7394.7,7516.9,7382.6,7472.5
2018-07-26,7472.5,7472.5,7348.1,7414.1
2018-07-27,7414.1,7455.2,7252.2,7289.9
2018-07-30,7288.4,7298.9,7156.6,7197.5
2018-07-31,7197.5,7285.5,7179.5,7282.0
2018-08-01,7282.0,7294.5,7231.8,7275.8
2018-08-02,7275.8,7385.0,7205.2,7382.2
2018-08-03,7382.2,7405.2,7352.9,7394.5
2018-08-06,7395.1,7440.2,7378.4,7433.2
2018-08-07,7431.3,7477.5,7431.0,7470.2
2018-08-08,7467.2,7486.4,7433.4,7453.5
2018-08-09,7452.8,7496.7,7448.7,7461.0
2018-08-10,7458.7,7460.9,7380.1,7419.4
2018-08-13,7408.1,7469.1,7369.4,7408.6
2018-08-14,7409.5,7455.2,7387.7,7452.4
2018-08-15,7448.8,7454.1,7307.6,7370.3
2018-08-16,7366.6,7423.5,7352.7,7370.2
2018-08-17,7370.7,7395.2,7311.2,7380.2
2018-08-20,7380.1,7410.7,7341.9,7370.5
2018-08-21,7370.5,7442.4,7359.3,7367.1
2018-08-22,7358.0,7434.8,7342.1,7423.8
2018-08-23,7423.3,7465.3,7401.8,7414.6
2018-08-24,7415.9,7490.2,7411.5,7489.0
2018-08-27,7490.9,7560.9,7490.4,7560.2
2018-08-28,7560.0,7589.3,7556.8,7573.1
2018-08-29,7573.1,7666.5,7569.8,7664.8
2018-08-30,7664.9,7689.6,7618.3,7635.1
2018-08-31,7631.4,7675.1,7626.6,7664.3
2018-09-03,7666.8,7680.7,7653.0,7675.2
2018-09-04,7674.2,7687.4,7581.5,7637.1
2018-09-05,7636.0,7638.3,7498.8,7531.8
2018-09-06,7527.7,7539.2,7404.2,7449.4
2018-09-07,7448.9,7489.6,7389.3,7425.6
2018-09-10,7428.7,7480.7,7411.2,7456.4
2018-09-11,7456.5,7521.0,7401.7,7510.4
2018-09-12,7510.9,7538.3,7422.3,7479.6
2018-09-13,7478.1,7579.7,7467.2,7562.7
2018-09-14,7559.8,7596.1,7511.0,7540.1
2018-09-17,7532.5,7546.9,7430.2,7435.7
2018-09-18,7433.6,7536.1,7395.2,7501.2
2018-09-19,7500.1,7518.3,7443.6,7501.6
2018-09-20,7501.5,7589.6,7486.8,7586.3
2018-09-21,7576.1,7610.1,7521.4,7522.8
2018-09-24,7508.2,7569.0,7449.5,7566.8
2018-09-25,7565.8,7579.1,7527.1,7573.3
2018-09-26,7572.5,7643.7,7553.4,7566.4
2018-09-27,7565.7,7662.4,7561.9,7640.2
2018-09-28,7638.7,7652.7,7593.7,7641.9
2018-10-01,7648.6,7706.4,7630.2,7652.2
2018-10-02,7649.8,7690.5,7608.2,7635.7
2018-10-03,7632.0,7682.1,7620.1,7629.6
2018-10-04,7627.4,7627.4,7434.7,7501.3
2018-10-05,7498.1,7518.1,7325.9,7413.1
2018-10-08,7426.1,7433.0,7267.3,7372.5
2018-10-09,7371.2,7436.4,7318.2,7375.7
2018-10-10,7375.5,7393.5,6981.3,6985.0
2018-10-11,6991.9,7121.8,6891.6,7027.6
2018-10-12,7026.3,7182.3,7019.0,7165.0
2018-10-15,7162.3,7163.2,7044.3,7056.0
2018-10-16,7056.0,7344.3,7046.3,7328.0
2018-10-17,7329.5,7354.8,7208.9,7302.4
2018-10-18,7302.4,7302.4,7081.6,7142.4
2018-10-19,7140.2,7231.7,7081.1,7092.9
2018-10-22,7062.1,7199.3,7046.3,7146.9
2018-10-23,7140.0,7153.0,6934.0,7129.7
2018-10-24,7124.3,7163.5,6776.5,6865.2
2018-10-25,6865.2,7066.2,6807.6,6880.2
2018-10-26,6867.0,6977.0,6725.5,6863.0
2018-10-29,6882.4,6983.8,6573.1,6714.3
2018-10-30,6709.0,6841.4,6653.4,6835.4
2018-10-31,6855.7,7030.7,6808.9,6951.0
2018-11-01,6950.4,7072.2,6929.3,7021.7
2018-11-02,6967.3,7135.4,6905.9,6970.3
2018-11-05,6964.8,6992.9,6859.7,6943.7
2018-11-06,6939.7,7027.9,6901.0,7007.1
2018-11-07,7003.9,7218.5,6965.9,7213.7
2018-11-08,7204.4,7221.1,7123.1,7140.7
2018-11-09,7135.2,7157.0,6980.4,7023.0
2018-11-12,7019.6,7095.8,6818.6,6832.8
2018-11-13,6836.6,6954.7,6794.7,6849.2
2018-11-14,6847.9,6919.2,6737.0,6773.0
2018-11-15,6771.5,6910.6,6702.4,6878.3
2018-11-16,6863.1,6901.5,6797.0,6887.0
2018-11-19,6865.0,6926.2,6625.0,6666.8
2018-11-20,6656.0,6662.4,6442.5,6515.3
2018-11-21,6519.8,6640.9,6501.9,6570.1
2018-11-22,6573.2,6591.1,6500.4,6514.9
2018-11-23,6514.2,6595.5,6489.5,6525.9
2018-11-26,6537.4,6692.1,6525.6,6635.2
2018-11-27,6635.5,6718.9,6609.9,6714.0
2018-11-28,6722.6,6919.6,6705.8,6912.3
2018-11-29,6904.8,6940.3,6840.5,6903.0
2018-11-30,6901.5,6964.0,6868.8,6958.6
2018-12-03,7061.4,7137.1,7014.3,7053.7
2018-12-04,7049.9,7053.4,6781.9,6800.9
2018-12-05,6793.4,6861.1,6789.9,6839.2
2018-12-06,6827.9,6850.7,6628.2,6839.7
2018-12-07,6834.4,6853.7,6592.5,6626.4
2018-12-10,6594.9,6714.2,6535.7,6693.7
2018-12-11,6694.5,6809.3,6651.6,6682.3
2018-12-12,6683.9,6872.5,6683.9,6765.7
2018-12-13,6770.0,6837.5,6723.0,6744.7
2018-12-14,6746.5,6760.7,6585.3,6588.3
2018-12-17,6576.0,6635.0,6401.4,6470.4
2018-12-18,6468.4,6555.5,6434.5,6438.8
2018-12-19,6435.0,6579.4,6279.2,6327.2
2018-12-20,6327.7,6382.9,6159.0,6298.8
2018-12-21,6295.2,6316.8,6009.5,6053.3
2018-12-24,6010.2,6104.8,5870.4,5871.5
2018-12-27,6258.3,6315.0,6037.1,6292.0
2018-12-28,6296.8,6385.7,6227.2,6278.1
2018-12-31,6331.1,6360.2,6266.7,6336.0
2019-01-02,6332.8,6392.9,6138.3,6246.0
2019-01-03,6217.2,6288.0,6131.9,6155.6
2019-01-04,6154.5,6447.7,6122.4,6416.5
2019-01-07,6438.8,6522.6,6390.8,6492.0
2019-01-08,6491.3,6573.6,6455.3,6538.7
2019-01-09,6537.9,6631.3,6533.1,6590.3
2019-01-10,6581.9,6628.6,6514.9,6614.1
2019-01-11,6612.1,6619.7,6560.0,6602.5
2019-01-14,6584.2,6589.0,6510.7,6535.0
2019-01-15,6533.4,6676.7,6529.5,6666.4
2019-01-16,6664.5,6722.7,6650.3,6659.5
2019-01-17,6657.3,6747.7,6601.1,6718.1
2019-01-18,6711.5,6815.7,6700.1,6788.2
2019-01-21,6777.8,6782.8,6732.0,6752.1
2019-01-22,6742.1,6768.1,6602.7,6642.5
2019-01-23,6640.8,6715.0,6584.0,6660.2
2019-01-24,6653.7,6710.0,6644.1,6676.1
2019-01-25,6672.9,6802.5,6668.1,6787.6
2019-01-28,6774.3,6782.7,6642.1,6692.6
2019-01-29,6688.4,6715.7,6611.6,6676.4
2019-01-30,6686.1,6837.8,6652.0,6830.2
2019-01-31,6843.7,6936.9,6833.4,6922.7
2019-02-01,6899.1,6921.0,6854.5,6873.1
2019-02-04,6854.6,6965.3,6851.3,6938.8
2019-02-05,6928.9,7029.0,6922.5,7006.5
2019-02-06,7004.1,7033.0,6966.9,6982.1
2019-02-07,6981.0,6987.4,6850.9,6896.7
2019-02-08,6890.4,6917.2,6832.7,6916.7
2019-02-11,6917.7,6962.2,6889.0,6902.2
2019-02-12,6899.4,7020.9,6896.5,7011.6
2019-02-13,7008.2,7062.5,7004.4,7009.5
2019-02-14,7006.6,7049.0,6964.0,7008.7
2019-02-15,7008.9,7086.6,6968.0,7059.1
2019-02-18,7061.7,7075.9,7049.3,7074.1
2019-02-19,7069.6,7088.5,7029.4,7062.1
2019-02-20,7056.5,7095.8,7023.3,7062.4
2019-02-21,7060.7,7104.9,6996.4,7028.4
2019-02-22,7015.6,7092.9,7011.2,7090.0
2019-02-25,7106.1,7162.4,7095.4,7114.6
2019-02-26,7113.9,7145.6,7067.3,7104.8
2019-02-27,7101.4,7126.4,7042.9,7117.8
2019-02-28,7112.9,7123.4,7065.6,7102.7
2019-03-01,7097.4,7157.4,7091.2,7152.6
2019-03-04,7169.5,7205.6,7069.0,7137.1
2019-03-05,7136.2,7176.3,7119.0,7154.0
2019-03-06,7146.3,7165.2,7101.4,7105.3
2019-03-07,7100.2,7117.6,6997.8,7019.8
2019-03-08,7018.3,7027.3,6934.5,7025.0
2019-03-11,7017.3,7173.7,6995.6,7170.1
2019-03-12,7164.4,7219.4,7158.4,7208.7
2019-03-13,7206.4,7293.9,7181.5,7270.7
2019-03-14,7269.0,7287.9,7233.5,7239.3
2019-03-15,7240.8,7330.0,7238.8,7314.7
2019-03-18,7307.3,7349.8,7292.1,7334.6
2019-03-19,7331.1,7391.9,7321.6,7348.8
2019-03-20,7345.2,7426.8,7319.5,7368.7
2019-03-21,7371.8,7509.9,7338.0,7499.8
2019-03-22,7496.0,7514.1,7322.8,7331.3
2019-03-25,7344.7,7361.3,7261.8,7333.5
2019-03-26,7329.2,7419.4,7313.1,7355.2
2019-03-27,7353.0,7376.9,7249.5,7295.4
2019-03-28,7293.9,7345.2,7262.4,7327.4
2019-03-29,7323.1,7387.3,7323.1,7386.1
2019-04-01,7403.1,7480.6,7403.1,7471.9
2019-04-02,7466.0,7506.6,7457.8,7489.8
2019-04-03,7490.4,7590.6,7487.6,7555.5
2019-04-04,7554.8,7571.3,7496.0,7536.2
2019-04-05,7533.3,7583.6,7530.1,7581.2
2019-04-08,7580.0,7604.6,7537.0,7599.0
2019-04-09,7598.8,7606.9,7555.0,7560.7
2019-04-10,7564.6,7620.2,7550.4,7616.6
2019-04-11,7618.3,7635.5,7578.5,7591.6
2019-04-12,7591.2,7642.5,7586.9,7627.6
2019-04-15,7631.8,7638.2,7578.1,7625.3
2019-04-16,7627.8,7672.1,7625.0,7655.9
2019-04-17,7654.1,7712.7,7645.8,7663.2
2019-04-18,7667.4,7703.1,7640.5,7691.9
2019-04-22,7694.2,7728.5,7650.7,7718.3
2019-04-23,7715.4,7824.3,7705.8,7811.3
2019-04-24,7811.2,7832.6,7784.7,7818.2
2019-04-25,7838.2,7861.5,7774.2,7777.2
2019-04-26,7778.1,7827.7,7738.8,7824.6
2019-04-29,7820.5,7852.6,7788.4,7788.4
2019-04-30,7786.9,7842.7,7725.7,7837.7
2019-05-01,7832.1,7853.1,7723.7,7723.7
2019-05-02,7723.7,7790.4,7668.1,7723.3
2019-05-03,7718.8,7856.2,7718.0,7855.3
2019-05-06,7755.6,7805.1,7651.8,7723.1
2019-05-07,7728.6,7791.9,7569.0,7654.7
2019-05-08,7650.9,7685.5,7589.7,7626.0
2019-05-09,7623.7,7629.2,7468.8,7577.4
2019-05-10,7572.1,7636.6,7421.4,7596.4
2019-05-13,7504.6,7534.2,7291.4,7298.1
2019-05-14,7293.0,7448.8,7275.6,7410.6
2019-05-15,7409.9,7525.1,7340.5,7509.4
2019-05-16,7506.4,7627.3,7460.1,7584.8
2019-05-17,7581.3,7606.7,7489.5,7494.5
2019-05-20,7497.9,7543.1,7349.4,7390.0
2019-05-21,7391.9,7472.7,7388.4,7448.0
2019-05-22,7446.7,7460.2,7379.1,7414.5
2019-05-23,7413.3,7423.0,7257.6,7305.6
2019-05-24,7302.8,7369.0,7290.3,7303.9
2019-05-27,7303.8,7329.5,7283.3,7305.9
2019-05-28,7299.5,7363.4,7272.6,7284.7
2019-05-29,7278.9,7287.9,7175.4,7207.3
2019-05-30,7200.1,7263.9,7199.3,7247.3
2019-05-31,7240.5,7249.4,7122.9,7131.2
2019-06-03,7095.2,7127.1,6936.6,7003.7
2019-06-04,7001.5,7182.5,6977.6,7182.4
2019-06-05,7183.0,7240.9,7146.1,7225.8
2019-06-06,7195.1,7293.8,7176.1,7257.8
2019-06-07,7254.5,7447.6,7252.0,7419.5
2019-06-10,7472.0,7574.8,7428.1,7515.1
2019-06-11,7513.1,7597.6,7489.9,7514.8
2019-06-12,7510.9,7528.1,7458.5,7473.4
2019-06-13,7468.5,7532.4,7418.6,7506.6
2019-06-14,7500.3,7517.7,7448.9,7479.7
2019-06-17,7477.4,7549.8,7476.7,7539.5
2019-06-18,7536.9,7694.7,7514.5,7645.1
2019-06-19,7643.1,7685.0,7604.4,7670.3
2019-06-20,7663.3,7794.2,7662.8,7737.8
2019-06-21,7731.0,7775.7,7698.9,7724.0
2019-06-24,7707.4,7768.1,7704.1,7730.1
2019-06-25,7725.2,7754.2,7586.1,7609.6
2019-06-26,7604.8,7694.7,7592.1,7618.9
2019-06-27,7614.4,7690.2,7614.4,7661.9
2019-06-28,7656.8,7701.9,7640.8,7698.5
2019-07-01,7775.4,7826.8,7736.4,7768.3
2019-07-02,7765.8,7818.6,7739.7,7815.8
2019-07-03,7811.9,7867.7,7799.8,7863.2
2019-07-04,7867.5,7881.9,7855.8,7876.4
2019-07-05,7871.0,7884.1,7773.0,7827.0
2019-07-08,7826.5,7840.3,7754.3,7776.0
2019-07-09,7772.7,7835.4,7720.0,7821.2
2019-07-10,7820.9,7926.8,7788.7,7901.9
2019-07-11,7897.2,7941.4,7873.1,7896.4
2019-07-12,7891.4,7947.5,7888.9,7941.8
2019-07-15,7936.0,7973.3,7922.7,7965.1
2019-07-16,7961.3,7983.3,7906.3,7919.8
2019-07-17,7918.5,7949.1,7851.0,7852.2
2019-07-18,7848.1,7937.8,7816.6,7930.3
2019-07-19,7937.0,7964.6,7812.4,7813.9
2019-07-22,7813.1,7922.6,7812.4,7912.7
2019-07-23,7918.2,7971.9,7894.6,7927.3
2019-07-24,7927.4,8037.8,7912.2,7988.5
2019-07-25,7989.2,8021.5,7904.5,7969.3
2019-07-26,7978.0,8028.3,7975.6,8007.4
2019-07-29,8003.0,8020.8,7941.2,7994.0
2019-07-30,7990.1,8009.2,7917.6,7978.1
2019-07-31,7979.9,7990.6,7772.0,7828.8
2019-08-01,7817.7,8004.8,7767.4,7781.1
2019-08-02,7783.0,7797.0,7641.5,7697.7
2019-08-05,7683.3,7698.9,7353.0,7360.7
2019-08-06,7332.7,7542.1,7218.6,7510.6
2019-08-07,7504.7,7570.3,7380.8,7543.8
2019-08-08,7538.5,7731.2,7519.6,7721.8
2019-08-09,7680.5,7714.1,7587.9,7659.2
2019-08-12,7652.2,7702.1,7527.6,7563.8
2019-08-13,7559.1,7782.2,7507.3,7744.2
2019-08-14,7733.0,7756.1,7466.6,7466.6
2019-08-15,7455.9,7561.7,7379.0,7499.1
2019-08-16,7493.9,7623.1,7493.4,7602.9
2019-08-19,7616.4,7741.4,7613.7,7711.2
2019-08-20,7706.8,7743.0,7646.7,7649.6
2019-08-21,7641.0,7757.1,7640.3,7749.5
2019-08-22,7743.4,7773.6,7645.9,7697.8
2019-08-23,7695.5,7754.1,7440.1,7481.9
2019-08-26,7396.4,7618.5,7348.8,7581.6
2019-08-27,7580.8,7642.3,7531.3,7559.2
2019-08-28,7553.9,7600.0,7498.6,7574.6
2019-08-29,7572.1,7724.1,7542.7,7699.9
2019-08-30,7695.1,7764.4,7640.4,7665.5
2019-09-02,7598.7,7690.6,7577.3,7608.1
2019-09-03,7603.5,7672.5,7583.7,7612.9
2019-09-04,7605.3,7726.4,7602.3,7719.4
2019-09-05,7714.4,7882.4,7713.3,7845.8
2019-09-06,7844.9,7890.8,7834.6,7860.9
2019-09-09,7852.5,7884.2,7795.9,7830.3
2019-09-10,7827.3,7855.4,7742.4,7816.6
2019-09-11,7810.2,7896.5,7784.5,7890.0
2019-09-12,7886.5,7977.6,7884.0,7908.4
2019-09-13,7911.9,7955.3,7878.9,7884.7
2019-09-16,7822.8,7872.1,7775.1,7864.8
2019-09-17,7859.6,7898.6,7828.0,7893.8
2019-09-18,7888.6,7905.0,7791.5,7900.0
2019-09-19,7898.5,7952.3,7831.0,7896.0
2019-09-20,7889.6,7930.2,7790.4,7804.9
2019-09-23,7822.4,7875.9,7788.0,7848.0
2019-09-24,7852.0,7882.9,7682.6,7718.1
2019-09-25,7713.4,7825.2,7645.2,7803.7
2019-09-26,7799.1,7824.1,7716.3,7767.3
2019-09-27,7760.9,7803.3,7622.5,7693.3
2019-09-30,7722.9,7771.6,7689.2,7767.6
2019-10-01,7761.6,7824.9,7674.4,7693.1
2019-10-02,7693.1,7713.7,7509.3,7538.3
2019-10-03,7533.5,7643.1,7457.8,7642.0
2019-10-04,7634.1,7757.0,7607.1,7753.8
2019-10-07,7674.6,7783.4,7674.6,7723.3
2019-10-08,7717.0,7770.0,7599.4,7608.3
2019-10-09,7604.9,7717.8,7592.8,7690.1
2019-10-10,7684.8,7785.0,7570.1,7773.8
2019-10-11,7768.8,7904.9,7754.1,7845.3
2019-10-14,7838.9,7882.4,7795.7,7847.8
2019-10-15,7844.6,7960.2,7844.6,7947.5
2019-10-16,7944.2,7948.8,7896.4,7939.9
2019-10-17,7938.3,7983.7,7912.6,7942.5
2019-10-18,7941.9,7947.3,7825.7,7870.7
2019-10-21,7854.1,7941.2,7853.6,7938.7
2019-10-22,7936.0,7979.4,7828.3,7832.2
2019-10-23,7836.0,7909.3,7802.0,7908.4
2019-10-24,7910.6,7975.5,7904.8,7916.0
2019-10-25,7915.3,8033.6,7910.6,8032.0
2019-10-28,8042.7,8120.2,8041.9,8104.2
2019-10-29,8098.3,8112.5,8044.8,8049.9
2019-10-30,8048.4,8134.5,8010.6,8111.3
2019-10-31,8119.7,8132.1,8040.0,8084.9
2019-11-01,8081.4,8161.4,8078.5,8159.3
2019-11-04,8160.7,8228.0,8159.8,8214.0
2019-11-05,8210.3,8242.5,8188.2,8204.4
2019-11-06,8198.9,8222.2,8155.4,8205.8
2019-11-07,8205.8,8270.4,8180.7,8223.0
2019-11-08,8220.8,8256.8,8183.6,8250.7
2019-11-11,8247.1,8254.1,8200.7,8247.7
2019-11-12,8243.0,8295.7,8223.3,8266.5
2019-11-13,8264.0,8278.1,8216.7,8263.1
2019-11-14,8260.2,8277.0,8212.2,8264.6
2019-11-15,8257.4,8317.9,8256.1,8317.5
2019-11-18,8314.5,8361.1,8276.4,8330.8
2019-11-19,8327.9,8376.1,8310.1,8331.8
2019-11-20,8322.6,8341.7,8225.1,8282.6
2019-11-21,8239.4,8301.8,8234.1,8272.5
2019-11-22,8269.2,8308.0,8228.4,8276.3
2019-11-25,8301.9,8375.0,8293.2,8371.2
2019-11-26,8366.4,8417.0,8363.1,8399.1
2019-11-27,8395.9,8455.3,8392.7,8453.2
2019-11-28,8449.7,8454.6,8411.4,8441.7
2019-11-29,8436.1,8448.2,8403.6,8416.4
2019-12-02,8419.4,8455.5,8275.3,8308.5
2019-12-03,8307.1,8336.3,8167.3,8254.5
2019-12-04,8248.9,8318.1,8219.7,8295.5
2019-12-05,8289.1,8337.1,8270.6,8308.0
2019-12-06,8303.9,8407.0,8303.9,8399.7
2019-12-09,8402.0,8425.8,8345.9,8350.0
2019-12-10,8348.9,8396.8,8296.2,8366.8
2019-12-11,8360.9,8410.4,8344.5,8407.8
2019-12-12,8401.8,8496.8,8381.1,8470.7
2019-12-13,8484.6,8523.8,8436.7,8495.8
2019-12-16,8514.1,8594.6,8506.8,8584.5
2019-12-17,8582.1,8603.6,8570.1,8579.5
2019-12-18,8574.6,8618.1,8572.6,8601.6
2019-12-19,8601.5,8659.2,8585.4,8657.4
2019-12-20,8656.8,8700.5,8641.9,8686.7
2019-12-23,8685.3,8720.5,8685.3,8706.0
2019-12-24,8707.8,8713.3,8684.8,8707.3
2019-12-27,8778.8,8821.8,8748.3,8758.9
2019-12-30,8758.0,8790.2,8672.0,8713.0
2019-12-31,8711.7,8753.2,8673.7,8753.2
2020-01-02,8754.6,8880.9,8750.3,8880.6
2020-01-03,8878.7,8886.6,8715.0,8792.5
2020-01-06,8751.2,8858.2,8709.1,8838.3
2020-01-07,8838.3,8879.6,8810.5,8829.3
2020-01-08,8824.0,8956.3,8663.3,8931.2
2020-01-09,8933.9,9006.9,8917.6,8993.9
2020-01-10,8996.4,9040.3,8952.0,8965.1
2020-01-13,8974.9,9081.8,8969.6,9076.4
2020-01-14,9077.0,9101.2,9021.9,9050.3
2020-01-15,9050.6,9083.5,9010.9,9049.7
2020-01-16,9053.6,9128.1,9051.8,9125.8
2020-01-17,9126.6,9177.3,9118.3,9160.0
2020-01-20,9162.3,9176.5,9149.7,9165.2
2020-01-21,9166.7,9188.6,9105.3,9165.3
2020-01-22,9172.0,9244.6,9165.1,9178.9
2020-01-23,9180.6,9244.4,9141.7,9242.2
2020-01-24,9243.0,9278.7,9102.1,9134.4
2020-01-27,9047.1,9062.0,8920.5,8954.6
2020-01-28,8948.3,9130.5,8948.3,9118.6
2020-01-29,9115.9,9151.8,9065.7,9098.4
2020-01-30,9106.6,9232.1,8996.0,9229.7
2020-01-31,9215.3,9240.7,8960.4,9006.8
2020-02-03,8978.3,9150.9,8977.3,9100.5
2020-02-04,9089.2,9363.7,9068.9,9355.2
2020-02-05,9349.4,9456.9,9312.5,9382.6
2020-02-06,9385.3,9456.1,9355.2,9455.6
2020-02-07,9459.3,9460.0,9375.2,9392.4
2020-02-10,9392.7,9522.8,9322.5,9517.8
2020-02-11,9512.3,9600.8,9493.0,9523.6
2020-02-12,9529.0,9620.0,9516.4,9615.5
2020-02-13,9608.7,9636.5,9502.5,9617.1
2020-02-14,9616.7,9651.5,9581.4,9627.5
2020-02-17,9631.6,9681.2,9630.8,9660.2
2020-02-18,9594.2,9649.9,9528.0,9635.9
2020-02-19,9634.3,9739.4,9634.3,9725.0
2020-02-20,9732.1,9754.2,9508.6,9610.3
2020-02-21,9607.2,9616.6,9404.4,9448.1
2020-02-24,9340.6,9357.5,9035.8,9090.3
2020-02-25,9074.0,9216.3,8802.5,8865.8
2020-02-26,8870.7,9030.0,8702.3,8814.2
2020-02-27,8812.5,8870.2,8325.9,8342.0
2020-02-28,8332.7,8568.1,8120.9,8554.1
2020-03-02,8539.5,8877.7,8245.6,8814.5
2020-03-03,8835.4,8995.0,8512.0,8559.3
2020-03-04,8568.8,8949.7,8508.5,8889.3
2020-03-05,8886.4,8899.6,8611.1,8674.1
2020-03-06,8672.6,8726.8,8313.0,8501.2
2020-03-09,8305.9,8314.1,7884.6,7919.1
2020-03-10,7892.2,8376.7,7819.4,8355.3
2020-03-11,8322.6,8330.8,7894.2,8006.2
2020-03-12,8002.3,8106.4,7133.2,7161.4
2020-03-13,7132.9,7973.7,6944.6,7846.4
2020-03-16,7652.8,7656.5,6926.2,7050.9
2020-03-17,7044.8,7554.2,6951.2,7362.1
2020-03-18,7347.7,7392.3,6822.0,7251.6
2020-03-19,7244.1,7510.1,6884.9,7192.4
2020-03-20,7184.4,7637.5,6897.7,6900.6
2020-03-23,6699.6,7321.6,6623.1,6985.6
2020-03-24,7044.4,7577.2,7034.7,7559.9
2020-03-25,7536.7,7764.6,7377.6,7482.6
2020-03-26,7490.3,7896.7,7313.8,7868.0
2020-03-27,7875.3,7895.7,7555.9,7568.7
2020-03-30,7418.3,7886.4,7413.1,7856.8
2020-03-31,7850.0,7996.8,7749.6,7781.2
2020-04-01,7764.7,7770.4,7408.3,7467.3
2020-04-02,7488.3,7660.5,7380.0,7627.2
2020-04-03,7627.0,7664.4,7428.7,7523.5
2020-04-06,7620.6,8101.3,7599.1,8038.7
2020-04-07,8027.0,8305.7,7950.7,8003.2
2020-04-08,8001.1,8245.9,7957.5,8205.3
2020-04-09,8188.9,8328.9,8106.2,8242.2
2020-04-13,8286.3,8341.7,8078.0,8341.4
2020-04-14,8342.0,8707.2,8322.6,8707.2
2020-04-15,8702.0,8707.2,8491.6,8579.9
2020-04-16,8579.2,8847.8,8505.3,8843.6
2020-04-17,8915.0,8972.2,8696.2,8815.0
2020-04-20,8800.5,8850.0,8694.5,8721.6
2020-04-21,8712.7,8770.4,8350.6,8443.6
2020-04-22,8455.8,8703.3,8409.4,8638.2
2020-04-23,8639.5,8792.1,8588.1,8606.5
2020-04-24,8581.8,8787.0,8505.9,8774.3
2020-04-27,8801.8,8904.6,8738.3,8824.8
2020-04-28,8826.3,8952.7,8661.4,8706.2
2020-04-29,8765.5,9126.0,8741.9,9125.5
2020-04-30,9106.7,9153.0,8866.2,8878.7
2020-05-01,8848.4,8889.3,8681.8,8713.1
2020-05-04,8618.7,8837.6,8567.9,8819.8
2020-05-05,8818.2,9030.1,8809.4,8943.4
2020-05-06,8936.2,9065.2,8886.9,8954.9
2020-05-07,8962.3,9134.7,8939.5,9127.0
2020-05-08,9118.4,9244.1,9110.1,9230.9
2020-05-11,9191.4,9344.9,9124.9,9286.6
2020-05-12,9289.9,9351.1,9047.5,9050.5
2020-05-13,9051.2,9209.4,8885.4,9019.7
2020-05-14,9027.8,9109.3,8853.4,9093.5
2020-05-15,9086.8,9151.9,8930.0,9119.3
2020-05-18,9138.8,9367.1,9114.2,9323.3
2020-05-19,9327.6,9421.8,9289.2,9302.4
2020-05-20,9287.1,9499.6,9275.3,9496.3
2020-05-21,9500.6,9512.3,9355.3,9363.2
2020-05-22,9362.0,9427.5,9246.1,9426.2
2020-05-25,9397.9,9541.8,9396.9,9536.3
2020-05-26,9532.4,9609.1,9378.1,9417.3
2020-05-27,9413.5,9513.0,9178.9,9447.0
2020-05-28,9435.0,9569.8,9325.6,9462.7
2020-05-29,9455.7,9592.7,9376.1,9588.7
2020-06-01,9491.4,9607.3,9452.5,9595.3
2020-06-02,9591.6,9671.7,9506.9,9659.8
2020-06-03,9658.7,9727.4,9636.6,9691.4
2020-06-04,9687.7,9742.0,9572.1,9644.6
2020-06-05,9641.7,9846.1,9603.3,9810.4
2020-06-08,9819.0,9900.6,9747.2,9883.5
2020-06-09,9882.3,10005.0,9811.5,9961.7
2020-06-10,9966.0,10155.9,9958.7,10087.8
2020-06-11,10085.3,10105.7,9584.2,9620.2
2020-06-12,9607.4,9848.1,9495.3,9654.5
2020-06-15,9536.9,9814.0,9381.0,9811.4
2020-06-16,9810.0,10013.6,9798.7,9970.7
2020-06-17,9962.8,10059.2,9927.4,9998.0
2020-06-18,9986.8,10040.2,9878.7,9999.2
2020-06-19,9994.8,10122.8,9926.4,9937.3
2020-06-22,9890.8,10144.3,9854.4,10132.0
2020-06-23,10133.1,10306.6,9983.6,10187.8
2020-06-24,10188.1,10252.3,9938.2,10025.9
2020-06-25,10018.8,10118.4,9896.7,10108.1
2020-06-26,10104.7,10131.9,9835.9,9856.2
2020-06-29,9813.5,10008.5,9741.4,9997.5
2020-06-30,9990.7,10181.8,9951.2,10149.9
2020-07-01,10148.2,10319.2,10086.7,10266.2
2020-07-02,10265.0,10429.8,10256.5,10358.5
2020-07-03,10356.1,10398.5,10318.3,10337.0
2020-07-06,10359.4,10623.4,10350.4,10607.4
2020-07-07,10612.2,10703.4,10515.2,10535.7
2020-07-08,10534.2,10682.1,10514.3,10680.9
2020-07-09,10691.3,10782.2,10569.5,10732.8
2020-07-10,10735.4,10882.5,10635.2,10852.0
2020-07-13,10861.2,11067.9,10573.3,10609.6
2020-07-14,10614.2,10703.1,10369.7,10654.4
2020-07-15,10727.8,10776.2,10561.8,10698.5
2020-07-16,10700.2,10708.1,10485.7,10543.8
2020-07-17,10549.6,10679.2,10534.5,10638.1
2020-07-20,10631.2,10971.4,10557.1,10956.6
2020-07-21,10958.5,11067.2,10795.6,10855.7
2020-07-22,10859.4,10926.9,10773.1,10856.6
2020-07-23,10858.0,10949.0,10526.8,10577.0
2020-07-24,10582.6,10610.1,10314.5,10475.4
2020-07-27,10497.8,10694.5,10414.2,10692.9
2020-07-28,10691.5,10769.0,10525.6,10559.3
2020-07-29,10574.0,10712.1,10524.7,10711.3
2020-07-30,10709.5,10906.5,10514.5,10903.2
2020-07-31,10925.3,10950.5,10704.3,10931.0
2020-08-03,10936.9,11086.3,10889.8,11066.0
2020-08-04,11065.1,11107.6,10996.6,11091.5
2020-08-05,11089.8,11157.6,11069.7,11109.5
2020-08-06,11103.6,11282.8,11063.0,11270.0
2020-08-07,11268.8,11291.5,11044.5,11138.5
2020-08-10,11148.4,11154.9,10937.6,11089.0
2020-08-11,11075.5,11166.6,10853.3,10918.3
2020-08-12,10947.0,11189.9,10886.7,11122.8
2020-08-13,11114.5,11270.9,11100.1,11186.9
2020-08-14,11185.7,11241.7,11100.7,11154.2
2020-08-17,11152.8,11304.7,11152.8,11291.4
2020-08-18,11287.7,11418.9,11273.4,11417.6
2020-08-19,11414.2,11438.7,11301.6,11324.8
2020-08-20,11322.2,11499.9,11225.6,11484.1
2020-08-21,11485.2,11576.9,11411.1,11567.4
2020-08-24,11590.6,11726.1,11532.9,11638.0
2020-08-25,11640.4,11746.3,11580.0,11740.5
2020-08-26,11740.1,12006.3,11731.6,11990.0
2020-08-27,11986.3,12050.0,11839.0,11952.0
2020-08-28,11954.7,12022.4,11925.0,12007.5
2020-08-31,12013.2,12168.1,11993.2,12111.1
2020-09-01,12112.6,12331.9,12096.5,12331.4
2020-09-02,12323.9,12467.6,12176.7,12412.0
2020-09-03,12412.8,12440.7,11659.0,11801.1
2020-09-04,11725.3,11843.9,11142.7,11549.1
2020-09-07,11543.2,11546.6,11308.4,11502.4
2020-09-08,11509.2,11584.9,11042.1,11044.9
2020-09-09,11041.8,11478.7,10936.7,11370.4
2020-09-10,11379.1,11565.8,11088.6,11176.6
2020-09-11,11190.7,11354.7,10937.0,11067.2
2020-09-14,11114.4,11363.3,11104.6,11274.1
2020-09-15,11286.7,11495.5,11247.3,11461.8
2020-09-16,11467.4,11548.4,11239.4,11265.6
2020-09-17,11273.9,11304.0,10920.1,11081.8
2020-09-18,11071.8,11177.3,10757.7,10942.8
2020-09-21,10935.8,11024.9,10672.4,10996.2
2020-09-22,10980.3,11205.9,10913.8,11167.8
2020-09-23,11174.6,11237.0,10801.7,10833.7
2020-09-24,10810.9,11027.0,10676.9,10923.3
2020-09-25,10936.5,11180.5,10829.7,11149.2
2020-09-28,11165.0,11418.2,11155.2,11408.9
2020-09-29,11401.4,11462.5,11304.0,11333.4
2020-09-30,11331.0,11539.3,11181.3,11371.2
2020-10-01,11397.6,11611.3,11392.9,11586.1
2020-10-02,11582.6,11617.3,11220.4,11268.7
2020-10-05,11318.2,11510.3,11282.9,11483.1
2020-10-06,11482.7,11536.6,11211.4,11220.7
2020-10-07,11234.8,11519.9,11222.6,11489.3
2020-10-08,11485.4,11592.4,11484.2,11572.6
2020-10-09,11575.9,11751.9,11566.4,11736.9
2020-10-12,11710.8,12211.9,11707.5,12104.7
2020-10-13,12117.3,12264.1,12034.7,12096.2
2020-10-14,12093.4,12192.0,11918.0,11959.1
2020-10-15,11966.6,11997.5,11753.3,11899.0
2020-10-16,11909.5,12036.5,11807.5,11808.6
2020-10-19,11833.9,11965.2,11607.2,11707.3
2020-10-20,11718.7,11805.9,11612.1,11664.1
2020-10-21,11697.4,11791.9,11598.1,11700.1
2020-10-22,11689.5,11736.4,11524.1,11670.4
2020-10-23,11687.7,11704.9,11564.8,11685.1
2020-10-26,11631.7,11708.6,11356.6,11510.7
2020-10-27,11511.7,11635.5,11491.7,11566.7
2020-10-28,11565.3,11579.4,11137.0,11189.0
2020-10-29,11194.4,11469.3,11157.2,11258.5
2020-10-30,11229.1,11294.7,10959.4,11102.0
2020-11-02,11055.3,11225.4,10956.2,11087.8
2020-11-03,11089.1,11360.4,11079.8,11260.5
2020-11-04,11280.0,11856.7,11243.9,11826.9
2020-11-05,11834.0,12129.5,11783.0,12103.7
2020-11-06,12092.1,12119.9,11879.6,12102.5
2020-11-09,12157.4,12420.3,11825.5,11857.5
2020-11-10,11873.9,11912.8,11515.5,11634.8
2020-11-11,11643.4,11925.3,11587.1,11901.3
2020-11-12,11904.9,11982.2,11783.9,11870.1
2020-11-13,11864.2,11958.3,11808.4,11952.6
2020-11-16,11965.3,12070.0,11862.6,12047.3
2020-11-17,12092.6,12092.6,11961.4,11975.3
2020-11-18,11979.4,12033.0,11869.3,11879.2
2020-11-19,11882.9,12007.2,11812.1,11972.3
2020-11-20,11960.6,12027.6,11881.2,11908.8
2020-11-23,11906.5,12009.3,11816.6,11925.0
2020-11-24,11924.8,12112.2,11878.8,12109.7
2020-11-25,12105.5,12185.6,12086.6,12177.0
2020-11-26,12181.5,12230.5,12135.4,12163.5
2020-11-27,12164.9,12315.5,12145.0,12280.7
2020-11-30,12306.1,12345.8,12096.4,12327.5
2020-12-01,12336.9,12515.8,12316.7,12463.3
2020-12-02,12462.4,12476.2,12319.1,12466.8
2020-12-03,12486.1,12545.0,12448.8,12492.5
2020-12-04,12493.4,12538.9,12452.1,12511.5
2020-12-07,12534.2,12616.4,12479.6,12575.8
2020-12-08,12576.9,12654.9,12507.6,12649.1
2020-12-09,12668.4,12680.5,12311.1,12356.2
2020-12-10,12347.5,12453.0,12222.3,12391.6
2020-12-11,12395.5,12416.6,12237.2,12374.9
2020-12-14,12423.3,12557.3,12395.6,12475.2
2020-12-15,12473.4,12623.2,12429.4,12610.8
2020-12-16,12616.2,12717.3,12585.8,12688.9
2020-12-17,12687.2,12779.3,12684.9,12765.9
2020-12-18,12752.3,12800.9,12621.9,12761.2
2020-12-21,12766.7,12792.6,12474.7,12703.2
2020-12-22,12721.9,12774.4,12608.4,12720.8
2020-12-23,12712.3,12753.2,12638.3,12670.6
2020-12-24,12671.5,12738.9,12645.4,12718.4
2020-12-28,12670.5,12870.7,12670.5,12856.7
2020-12-29,12854.9,12933.2,12823.6,12872.5
2020-12-30,12868.7,12924.0,12835.3,12855.9
2020-12-31,12854.7,12910.0,12804.2,12899.1
2021-01-04,12907.1,12972.8,12535.1,12701.6
2021-01-05,12695.0,12821.1,12624.3,12816.5
2021-01-06,12812.6,12856.4,12502.4,12669.2
2021-01-07,12667.7,12972.0,12658.1,12939.0
2021-01-08,12937.0,13136.3,12932.0,13134.3
2021-01-11,13095.8,13118.3,12885.6,12917.9
2021-01-12,12926.9,12972.7,12781.4,12895.8
2021-01-13,12891.2,13017.1,12833.8,12989.5
2021-01-14,12986.9,13043.2,12895.4,12913.8
2021-01-15,12922.4,12944.5,12758.0,12780.3
2021-01-18,12789.2,12831.3,12741.4,12827.0
2021-01-19,12824.5,13046.5,12823.1,13045.5
2021-01-20,13041.2,13341.8,13032.5,13304.7
2021-01-21,13298.9,13438.3,13297.8,13412.0
2021-01-22,13406.4,13414.7,13315.4,13373.9
2021-01-25,13417.9,13569.2,13203.5,13478.5
2021-01-26,13467.2,13614.6,13394.0,13567.2
2021-01-27,13568.0,13602.1,12899.4,13074.7
2021-01-28,13049.9,13409.4,12921.2,13167.5
2021-01-29,13171.9,13200.1,12844.7,12891.5
2021-02-01,12858.3,13283.7,12739.6,13248.5
2021-02-02,13238.9,13512.7,13238.9,13509.5
2021-02-03,13514.5,13597.2,13399.8,13429.0
2021-02-04,13444.3,13580.1,13357.7,13572.8
2021-02-05,13565.7,13647.6,13528.8,13614.4
2021-02-08,13629.0,13700.8,13605.2,13694.2
2021-02-09,13689.2,13743.5,13639.9,13706.3
2021-02-10,13701.0,13778.0,13525.4,13674.0
2021-02-11,13666.0,13751.1,13620.4,13719.0
2021-02-12,13715.8,13827.8,13654.1,13827.5
2021-02-15,13815.2,13887.0,13815.2,13878.9
2021-02-16,13873.5,13909.1,13724.2,13763.4
2021-02-17,13758.4,13790.3,13547.9,13703.8
2021-02-18,13700.9,13727.0,13472.6,13644.8
2021-02-19,13639.6,13733.6,13538.9,13578.3
2021-02-22,13601.9,13633.5,13218.0,13225.5
2021-02-23,13228.5,13340.3,12763.3,13163.6
2021-02-24,13171.8,13337.2,12963.4,13316.0
2021-02-25,13304.3,13358.4,12770.1,12796.9
2021-02-26,12796.5,13095.5,12668.9,12904.4
2021-03-01,12979.1,13321.7,12952.2,13317.5
2021-03-02,13315.5,13333.1,13054.5,13060.0
2021-03-03,13062.6,13196.0,12668.6,12687.1
2021-03-04,12684.8,12799.6,12311.4,12435.7
2021-03-05,12438.2,12701.0,12210.1,12656.2
2021-03-08,12725.4,12764.3,12288.8,12338.2
2021-03-09,12340.4,12872.3,12331.5,12793.6
2021-03-10,12813.9,12997.6,12709.6,12792.5
2021-03-11,12794.8,13123.0,12727.2,13051.3
2021-03-12,13053.2,13100.6,12775.4,12941.9
2021-03-15,12963.2,13105.8,12879.6,13090.3
2021-03-16,13090.3,13304.4,13063.3,13172.2
2021-03-17,13172.3,13287.5,12950.9,13187.7
2021-03-18,13195.1,13283.2,12779.2,12807.0
2021-03-19,12818.2,12913.3,12699.1,12846.1
2021-03-22,12826.4,13173.3,12806.3,13080.3
2021-03-23,13083.9,13188.3,12995.8,13047.1
2021-03-24,13065.3,13160.9,12800.2,12813.5
2021-03-25,12811.9,12875.6,12627.5,12807.6
2021-03-26,12806.0,13003.2,12692.0,12977.2
2021-03-29,12987.8,13017.8,12821.7,12981.2
2021-03-30,12984.9,12999.3,12792.7,12908.3
2021-03-31,12902.7,13173.8,12869.6,13105.8
2021-04-01,13108.9,13349.0,13108.9,13344.6
2021-04-02,13348.2,13407.0,13342.1,13370.4
2021-04-05,13350.2,13630.1,13320.4,13615.9
2021-04-06,13615.5,13668.1,13539.3,13598.8
2021-04-07,13596.7,13655.7,13528.0,13636.6
2021-04-08,13635.2,13804.3,13630.3,13803.3
2021-04-09,13801.6,13855.2,13663.7,13826.0
2021-04-12,13831.2,13846.6,13747.2,13838.7
2021-04-13,13841.3,14008.7,13788.1,13989.4
2021-04-14,13991.0,14042.7,13784.7,13838.8
2021-04-15,13838.4,14045.1,13800.8,14009.8
2021-04-16,14007.4,14070.3,13965.3,14036.6
2021-04-19,13993.0,14063.4,13832.6,13904.7
2021-04-20,13909.4,13945.0,13730.4,13746.3
2021-04-21,13754.9,13937.4,13712.3,13902.9
2021-04-22,13904.0,13954.9,13712.7,13773.6
2021-04-23,13766.1,13992.0,13749.7,13917.0
2021-04-26,13927.4,14048.3,13877.1,14032.8
2021-04-27,14034.7,14060.6,13924.4,13962.3
2021-04-28,13966.3,14003.9,13889.7,13980.2
2021-04-29,13978.7,14074.9,13828.3,13955.9
2021-04-30,13955.7,13966.7,13830.0,13881.9
2021-05-03,13881.5,13957.4,13782.0,13795.6
2021-05-04,13796.0,13802.2,13390.9,13531.1
2021-05-05,13536.1,13675.6,13473.6,13494.7
2021-05-06,13495.3,13620.8,13399.9,13614.1
2021-05-07,13625.5,13821.1,13595.1,13727.6
2021-05-10,13721.0,13758.4,13314.6,13319.9
2021-05-11,13328.4,13384.4,13076.3,13325.4
2021-05-12,13330.1,13360.3,12969.7,12973.6
2021-05-13,12984.4,13234.6,12923.9,13100.1
2021-05-14,13104.7,13435.9,13079.2,13409.1
2021-05-17,13391.5,13455.6,13190.2,13321.1
2021-05-18,13315.8,13440.0,13186.2,13194.5
2021-05-19,13195.2,13246.6,12958.1,13223.3
2021-05-20,13220.3,13526.7,13153.3,13492.2
2021-05-21,13494.2,13573.6,13400.4,13417.6
2021-05-24,13388.9,13690.1,13361.8,13655.1
2021-05-25,13658.2,13742.6,13610.9,13673.3
2021-05-26,13670.5,13732.1,13660.4,13707.6
2021-05-27,13701.5,13723.6,13624.0,13696.1
2021-05-28,13694.5,13766.4,13665.9,13692.6
2021-05-31,13699.5,13722.6,13655.3,13659.9
2021-06-01,13661.7,13775.9,13596.4,13651.1
2021-06-02,13648.6,13714.5,13605.4,13680.5
2021-06-03,13686.1,13707.5,13464.5,13532.7
2021-06-04,13533.0,13784.3,13469.8,13763.3
2021-06-07,13778.7,13823.8,13692.6,13822.8
2021-06-08,13821.9,13917.0,13743.3,13813.1
2021-06-09,13813.3,13904.4,13805.0,13812.0
2021-06-10,13816.9,13976.3,13727.3,13972.3
2021-06-11,13976.4,13998.1,13932.7,13990.7
2021-06-14,13999.0,14132.7,13964.9,14116.4
2021-06-15,14119.9,14161.5,14007.5,14043.5
2021-06-16,14041.6,14102.0,13836.6,13938.3
2021-06-17,13943.1,14206.8,13850.8,14184.0
2021-06-18,14186.1,14212.2,14018.5,14025.0
2021-06-21,14024.6,14150.5,13965.3,14142.8
2021-06-22,14144.3,14285.0,14073.2,14275.7
2021-06-23,14278.3,14321.2,14238.1,14280.0
2021-06-24,14281.8,14428.0,14276.6,14365.0
2021-06-25,14365.2,14400.5,14319.5,14336.8
2021-06-28,14348.0,14525.2,14339.9,14509.2
2021-06-29,14506.6,14590.0,14474.4,14587.5
2021-06-30,14590.6,14603.8,14524.0,14561.3
2021-07-01,14561.4,14609.8,14476.7,14545.3
2021-07-02,14540.8,14732.7,14517.4,14704.7
2021-07-05,14707.5,14725.7,14679.1,14697.2
2021-07-06,14698.3,14792.5,14628.0,14765.1
2021-07-07,14765.8,14886.4,14729.8,14813.4
2021-07-08,14814.5,14824.4,14543.9,14716.5
2021-07-09,14715.1,14834.9,14644.0,14815.7
2021-07-12,14839.0,14891.3,14788.2,14878.3
2021-07-13,14880.5,14997.4,14797.7,14868.7
2021-07-14,14868.8,14999.0,14844.5,14898.7
2021-07-15,14898.6,14965.7,14711.7,14778.5
2021-07-16,14780.9,14872.8,14661.1,14672.8
2021-07-19,14676.9,14685.8,14449.5,14601.0
2021-07-20,14599.9,14792.6,14521.0,14732.0
2021-07-21,14733.6,14849.8,14673.4,14848.3
2021-07-22,14840.4,14988.5,14832.3,14983.5
2021-07-23,14985.9,15128.4,14939.5,15100.8
2021-07-26,15101.8,15139.8,15044.9,15129.9
2021-07-27,15127.9,15137.5,14780.6,14889.0
2021-07-28,14877.4,15084.7,14874.1,14993.5
2021-07-29,14990.0,15094.1,14911.4,14918.6
2021-07-30,14909.1,14988.5,14817.5,14972.2
2021-08-02,14979.1,15063.8,14940.8,14970.0
2021-08-03,14968.6,15061.4,14858.2,15044.4
2021-08-04,15047.9,15120.9,15008.3,15091.9
2021-08-05,15088.6,15185.5,15080.3,15185.1
2021-08-06,15174.2,15177.3,15056.7,15099.1
2021-08-09,15097.6,15157.1,15010.5,15139.0
2021-08-10,15137.5,15169.4,15006.8,15058.5
2021-08-11,15055.5,15129.5,14973.7,15018.2
2021-08-12,15015.0,15100.7,14952.4,15089.8
2021-08-13,15087.4,15154.3,15065.6,15135.8
2021-08-16,15124.2,15150.1,14926.7,15144.9
2021-08-17,15141.7,15143.1,14906.4,14979.5
2021-08-18,14974.6,15043.5,14813.0,14844.9
2021-08-19,14844.9,15012.1,14716.6,14949.9
2021-08-20,14948.2,15110.7,14860.8,15105.6
2021-08-23,15100.5,15351.3,15098.5,15342.3
2021-08-24,15337.8,15397.6,15320.9,15375.0
2021-08-25,15371.5,15408.8,15345.3,15379.0
2021-08-26,15378.8,15379.0,15267.4,15297.8
2021-08-27,15293.8,15459.7,15277.2,15435.0
2021-08-30,15444.4,15632.9,15432.1,15618.8
2021-08-31,15615.4,15688.5,15527.9,15613.4
2021-09-01,15610.4,15711.8,15589.3,15621.9
2021-09-02,15619.2,15692.8,15562.8,15613.2
2021-09-03,15612.1,15687.3,15566.1,15666.2
2021-09-06,15669.1,15722.5,15655.7,15716.3
2021-09-07,15711.6,15716.2,15618.8,15684.8
2021-09-08,15684.3,15704.5,15535.3,15620.1
2021-09-09,15622.9,15692.1,15556.7,15574.4
2021-09-10,15574.2,15682.8,15446.5,15462.6
2021-09-13,15461.2,15580.5,15366.1,15467.0
2021-09-14,15466.8,15544.7,15366.3,15410.4
2021-09-15,15409.4,15535.8,15329.1,15528.4
2021-09-16,15527.5,15553.3,15380.0,15517.1
2021-09-17,15515.7,15549.4,15297.6,15309.1
2021-09-20,15309.6,15359.1,14828.8,15012.2
2021-09-21,15013.0,15182.9,14983.4,15012.0
2021-09-22,15010.1,15246.3,14951.0,15199.4
2021-09-23,15199.6,15370.3,15195.8,15315.9
2021-09-24,15317.0,15357.6,15192.9,15338.6
2021-09-27,15339.1,15418.3,15101.4,15190.7
2021-09-28,15192.8,15209.7,14757.6,14783.7
2021-09-29,14786.4,14945.4,14725.9,14780.6
2021-09-30,14790.0,14899.0,14685.6,14706.7
2021-10-01,14715.7,14834.4,14553.1,14789.8
2021-10-04,14797.6,14849.9,14382.0,14502.1
2021-10-05,14500.8,14767.4,14423.7,14674.3
2021-10-06,14672.0,14784.2,14436.0,14780.8
2021-10-07,14781.8,15014.6,14781.3,14903.6
2021-10-08,14903.5,15009.7,14803.6,14822.5
2021-10-11,14825.9,14911.9,14691.5,14698.8
2021-10-12,14704.9,14797.0,14600.3,14612.9
2021-10-13,14607.4,14807.5,14605.4,14779.8
2021-10-14,14779.8,15083.5,14779.3,15076.8
2021-10-15,15072.1,15154.2,15033.1,15151.0
2021-10-18,15165.9,15309.0,15052.6,15298.4
2021-10-19,15302.9,15440.8,15283.1,15424.1
2021-10-20,15422.8,15459.3,15332.5,15367.9
2021-10-21,15369.7,15497.5,15314.0,15395.2
2021-10-22,15393.7,15475.5,15286.7,15336.4
2021-10-25,15337.1,15558.6,15309.5,15555.4
2021-10-26,15548.9,15714.2,15516.3,15539.4
2021-10-27,15544.7,15731.2,15520.5,15607.2
2021-10-28,15609.2,15788.8,15603.8,15679.4
2021-10-29,15690.5,15872.4,15609.1,15870.9
2021-11-01,15904.1,15926.2,15780.7,15899.2
2021-11-02,15900.4,15990.6,15860.3,15968.9
2021-11-03,15965.3,16158.4,15946.6,16144.9
2021-11-04,16140.4,16389.3,16139.7,16349.9
2021-11-05,16329.6,16459.9,16297.7,16357.4
2021-11-08,16289.1,16409.5,16278.8,16334.8
2021-11-09,16325.7,16405.4,16170.7,16210.9
2021-11-10,16211.4,16258.6,15913.9,16001.1
2021-11-11,16004.2,16131.6,15992.1,16051.0
2021-11-12,16051.9,16228.3,16012.0,16214.0
2021-11-15,16227.8,16291.6,16091.9,16208.3
2021-11-16,16206.5,16335.6,16155.2,16305.5
2021-11-17,16305.6,16409.6,16279.4,16331.1
2021-11-18,16333.9,16516.8,16313.3,16512.9
2021-11-19,16506.9,16637.6,16499.3,16595.0
2021-11-22,16614.9,16780.4,16375.4,16412.5
2021-11-23,16408.7,16434.8,16125.9,16311.7
2021-11-24,16315.0,16385.3,16113.2,16367.5
2021-11-25,16371.8,16449.0,16365.4,16417.0
2021-11-26,16417.5,16425.9,16000.4,16066.2
2021-11-29,16061.8,16450.5,16060.0,16426.8
2021-11-30,16429.6,16468.7,16081.6,16250.3
2021-12-01,16254.4,16436.6,15838.9,15870.7
2021-12-02,15911.1,16076.0,15773.5,16024.9
2021-12-03,16027.9,16130.8,15548.1,15693.8
2021-12-06,15736.4,15907.0,15569.0,15858.9
2021-12-07,15856.9,16388.2,15835.5,16379.5
2021-12-08,16382.8,16450.5,16268.0,16393.6
2021-12-09,16393.0,16433.8,16139.0,16174.4
2021-12-10,16172.2,16354.4,16151.9,16336.6
2021-12-13,16344.8,16429.5,16080.7,16111.3
2021-12-14,16102.6,16149.5,15749.9,15944.4
2021-12-15,15940.0,16314.9,15755.9,16301.0
2021-12-16,16307.1,16472.4,15807.6,15894.8
2021-12-17,15883.3,15971.2,15666.2,15840.4
2021-12-20,15821.3,15866.5,15507.7,15688.6
2021-12-21,15696.4,16000.9,15620.9,15987.7
2021-12-22,15987.2,16197.3,15895.4,16193.6
2021-12-23,16194.9,16370.8,16160.0,16317.6
2021-12-27,16350.3,16595.2,16319.0,16585.3
2021-12-28,16584.3,16672.0,16468.0,16526.3
2021-12-29,16534.9,16578.8,16402.1,16494.4
2021-12-30,16497.8,16581.8,16428.1,16447.8
2021-12-31,16451.0,16480.0,16329.4,16352.1
2022-01-03,16412.1,16523.2,16307.7,16509.8
2022-01-04,16513.4,16576.5,16151.0,16271.9
2022-01-05,16272.3,16279.4,15763.3,15763.8
2022-01-06,15774.7,15910.1,15607.9,15803.2
2022-01-07,15817.3,15863.7,15523.0,15587.0
2022-01-10,15606.7,15681.6,15164.7,15628.7
2022-01-11,15631.7,15851.6,15488.3,15836.9
2022-01-12,15840.9,16021.1,15775.1,15907.9
2022-01-13,15907.7,15991.3,15472.7,15512.7
2022-01-14,15522.9,15628.8,15325.6,15627.1
2022-01-17,15664.6,15664.6,15520.8,15566.8
2022-01-18,15589.3,15616.0,15183.8,15252.1
2022-01-19,15256.8,15384.2,15024.7,15048.1
2022-01-20,15054.4,15353.3,14660.3,14734.9
2022-01-21,14731.6,14871.6,14422.1,14432.3
2022-01-24,14422.1,14594.5,13720.6,14531.2
2022-01-25,14497.4,14512.6,13904.3,13936.9
2022-01-26,13965.9,14652.3,13965.9,14163.9
2022-01-27,14220.5,14422.2,13858.0,14123.0
2022-01-28,14185.0,14451.5,13841.2,14440.4
2022-01-31,14475.0,14927.8,14363.7,14877.4
2022-02-01,14880.5,15150.4,14742.4,15126.5
2022-02-02,15141.7,15271.8,14843.1,14877.1
2022-02-03,14854.6,14886.7,14471.3,14816.2
2022-02-04,14776.7,14835.3,14372.3,14653.5
2022-02-07,14706.1,14818.6,14525.1,14613.2
2022-02-08,14615.5,14785.6,14480.4,14757.3
2022-02-09,14760.1,15081.6,14755.5,15067.1
2022-02-10,15069.8,15070.4,14634.8,14707.0
2022-02-11,14710.8,14776.9,14198.8,14278.8
2022-02-14,14262.5,14406.7,14044.0,14271.5
2022-02-15,14271.0,14623.7,14236.1,14592.5
2022-02-16,14593.5,14674.9,14389.9,14599.7
2022-02-17,14598.0,14625.9,14142.1,14161.7
2022-02-18,14160.0,14305.0,13912.7,14007.4
2022-02-21,13924.3,14163.1,13740.2,13740.4
2022-02-22,13619.7,14114.5,13599.5,13927.3
2022-02-23,13930.8,14074.7,13478.2,13490.1
2022-02-24,13487.4,13987.0,13030.7,13916.5
2022-02-25,13915.5,14200.9,13765.7,14198.5
2022-02-28,13757.7,14295.9,13690.7,14223.3
2022-03-01,14222.4,14331.3,13905.6,14029.5
2022-03-02,14028.9,14293.1,13915.9,14199.9
2022-03-03,14193.4,14393.5,13959.5,14062.1
2022-03-04,14070.5,14089.1,13736.7,13801.7
2022-03-07,13755.0,13881.2,13267.3,13272.5
2022-03-08,13272.3,13668.2,13105.3,13203.2
2022-03-09,13199.1,13823.7,13198.1,13776.3
2022-03-10,13771.1,13777.2,13395.7,13570.4
2022-03-11,13569.5,13865.1,13279.2,13313.8
2022-03-14,13364.6,13445.4,13016.4,13081.7
2022-03-15,13080.4,13491.8,12948.2,13447.6
2022-03-16,13454.0,14031.7,13422.3,14003.3
2022-03-17,13998.2,14138.6,13824.8,14058.2
2022-03-18,14065.2,14445.8,13972.7,14437.9
2022-03-21,14417.1,14470.7,14189.9,14398.2
2022-03-22,14391.8,14695.8,14300.4,14659.9
2022-03-23,14655.2,14688.9,14447.8,14468.8
2022-03-24,14466.8,14776.4,14439.7,14768.5
2022-03-25,14770.0,14845.4,14578.7,14755.9
2022-03-28,14759.5,15001.7,14666.6,14987.3
2022-03-29,14986.6,15274.9,14962.8,15229.2
2022-03-30,15230.2,15267.8,15018.2,15113.1
2022-03-31,15109.2,15184.6,14861.3,14922.7
2022-04-01,14917.9,14964.9,14729.3,14844.5
2022-04-04,14850.5,15180.6,14806.9,15163.7
2022-04-05,15158.5,15200.2,14781.9,14861.8
2022-04-06,14860.8,14860.8,14396.5,14494.6
2022-04-07,14497.1,14633.5,14319.1,14535.8
2022-04-08,14536.6,14643.0,14311.3,14332.6
2022-04-11,14369.3,14374.7,13987.8,14006.1
2022-04-12,14012.2,14287.2,13884.3,13956.6
2022-04-13,13959.6,14267.6,13925.0,14212.9
2022-04-14,14214.1,14297.4,13880.1,13893.6
2022-04-18,13889.6,14006.7,13735.3,13968.5
2022-04-19,13972.5,14244.2,13831.2,14097.4
2022-04-20,14089.0,14300.3,13961.8,14074.5
2022-04-21,14074.2,14287.7,13672.3,13719.1
2022-04-22,13717.2,13783.5,13301.3,13322.9
2022-04-25,13345.8,13554.3,13188.4,13532.9
2022-04-26,13533.7,13588.2,12809.0,12818.2
2022-04-27,12906.2,13261.9,12883.7,13172.7
2022-04-28,13196.7,13548.3,13040.0,13316.7
2022-04-29,13193.4,13437.9,12839.3,12893.7
2022-05-02,12916.7,13091.4,12716.9,13057.7
2022-05-03,13060.2,13189.8,12975.8,13125.9
2022-05-04,13122.0,13562.3,12888.9,13503.7
2022-05-05,13522.0,13554.4,12710.2,12899.3
2022-05-06,12886.3,12931.5,12522.1,12675.2
2022-05-09,12579.0,12640.5,12140.4,12208.3
2022-05-10,12219.8,12551.7,12107.1,12332.8
2022-05-11,12331.6,12558.5,11943.0,12013.3
2022-05-12,11999.7,12133.6,11696.1,11876.3
2022-05-13,11906.8,12435.4,11905.3,12365.1
2022-05-16,12413.9,12501.4,12193.3,12239.5
2022-05-17,12239.2,12579.7,12238.4,12576.6
2022-05-18,12576.5,12593.7,11868.6,11899.6
2022-05-19,11904.3,12074.9,11703.5,11902.4
2022-05-20,11897.4,12095.5,11492.5,11833.8
2022-05-23,11873.9,12074.2,11787.2,12053.7
2022-05-24,11887.6,11896.5,11571.3,11810.1
2022-05-25,11812.9,12034.1,11674.7,11887.2
2022-05-26,11896.9,12344.7,11849.0,12259.3
2022-05-27,12252.3,12726.9,12222.2,12720.4
2022-05-30,12720.9,12884.5,12673.1,12810.3
2022-05-31,12756.3,12827.7,12476.4,12656.8
2022-06-01,12667.7,12823.1,12453.5,12549.0
2022-06-02,12548.6,12905.9,12439.2,12899.6
2022-06-03,12896.3,12945.5,12501.4,12555.5
2022-06-06,12558.9,12812.2,12516.8,12607.1
2022-06-07,12604.8,12741.6,12411.5,12682.1
2022-06-08,12682.3,12786.1,12577.2,12624.8
2022-06-09,12618.9,12728.1,12256.7,12301.2
2022-06-10,12303.6,12341.0,11826.5,11858.1
2022-06-13,11702.4,11727.6,11257.1,11335.8
2022-06-14,11344.4,11508.3,11209.6,11334.1
2022-06-15,11335.3,11766.0,11333.3,11596.2
2022-06-16,11634.5,11745.7,11040.0,11177.3
2022-06-17,11178.6,11375.6,11092.8,11279.0
2022-06-20,11299.0,11410.9,11247.7,11391.5
2022-06-21,11399.3,11650.6,11371.2,11558.2
2022-06-22,11549.8,11722.5,11295.7,11517.2
2022-06-23,11519.1,11737.1,11435.3,11663.6
2022-06-24,11669.9,12123.0,11661.8,12087.1
2022-06-27,12108.2,12236.4,11969.1,12047.7
2022-06-28,12051.7,12149.3,11636.6,11658.4
2022-06-29,11652.5,11723.1,11539.2,11666.0
2022-06-30,11666.8,11671.2,11326.5,11485.5
2022-07-01,11481.9,11603.3,11357.6,11589.5
2022-07-04,11593.9,11593.9,11482.9,11534.1
2022-07-05,11540.2,11793.1,11366.7,11788.0
2022-07-06,11797.6,11950.7,11705.6,11882.3
2022-07-07,11879.0,12147.1,11816.4,12098.5
2022-07-08,12089.1,12193.0,11931.7,12138.0
2022-07-11,12119.2,12123.7,11835.1,11880.0
2022-07-12,11880.2,12007.9,11695.0,11760.4
2022-07-13,11768.4,11949.6,11467.8,11714.3
2022-07-14,11710.3,11811.7,11491.6,11784.2
2022-07-15,11789.2,11998.9,11717.5,11994.6
2022-07-18,12048.7,12165.7,11837.7,11895.7
2022-07-19,11889.7,12309.0,11869.8,12298.9
2022-07-20,12316.6,12499.4,12216.1,12408.9
2022-07-21,12421.9,12633.8,12355.4,12552.4
2022-07-22,12542.3,12679.0,12325.6,12409.5
2022-07-25,12437.2,12482.1,12250.4,12308.7
2022-07-26,12295.1,12317.5,12055.6,12180.4
2022-07-27,12180.1,12672.8,12179.1,12563.6
2022-07-28,12560.6,12940.9,12434.5,12904.7
2022-07-29,12883.4,12989.3,12724.8,12954.3
2022-08-01,12957.4,13091.0,12834.4,12963.2
2022-08-02,12953.6,13080.6,12798.3,12902.1
2022-08-03,12910.4,13293.9,12851.3,13229.9
2022-08-04,13228.5,13338.1,13167.2,13310.0
2022-08-05,13304.4,13365.3,13067.3,13197.1
2022-08-08,13250.5,13402.2,13103.1,13196.3
2022-08-09,13183.7,13216.6,12946.1,13039.2
2022-08-10,13033.1,13391.3,12966.3,13363.6
2022-08-11,13362.5,13557.2,13269.2,13328.9
2022-08-12,13326.8,13566.8,13294.8,13561.4
2022-08-15,13542.0,13689.7,13480.4,13661.7
2022-08-16,13659.7,13725.7,13507.3,13647.4
2022-08-17,13636.9,13653.3,13388.1,13491.7
2022-08-18,13480.7,13557.6,13392.8,13521.4
2022-08-19,13516.5,13517.1,13211.7,13231.2
2022-08-22,13182.7,13207.3,12859.9,12918.2
2022-08-23,12920.7,13004.4,12808.4,12874.0
2022-08-24,12872.5,12998.0,12812.6,12942.7
2022-08-25,12932.3,13148.3,12912.2,13131.3
2022-08-26,13150.2,13207.3,12546.2,12546.2
2022-08-29,12454.8,12599.2,12392.9,12494.2
2022-08-30,12494.3,12647.4,12239.7,12351.6
2022-08-31,12359.3,12504.7,12268.7,12298.0
2022-09-01,12277.9,12292.1,12009.8,12283.7
2022-09-02,12288.9,12454.4,12033.1,12120.9
2022-09-05,12122.1,12162.3,12050.5,12128.1
2022-09-06,12133.2,12241.0,11927.4,12017.2
2022-09-07,12012.9,12304.6,11920.3,12260.9
2022-09-08,12266.3,12378.3,12115.7,12344.4
2022-09-09,12343.0,12612.1,12328.1,12590.8
2022-09-12,12651.2,12781.6,12572.8,12778.9
2022-09-13,12784.7,12880.4,12009.6,12054.7
2022-09-14,12058.9,12181.4,12009.1,12174.4
2022-09-15,12168.2,12193.6,11863.9,11900.7
2022-09-16,11879.5,11879.5,11706.8,11873.9
2022-09-19,11849.8,11993.3,11723.7,11973.4
2022-09-20,11973.4,12019.1,11757.2,11877.7
2022-09-21,11872.2,12065.6,11577.4,11595.7
2022-09-22,11592.1,11726.1,11440.3,11496.9
2022-09-23,11509.9,11531.8,11161.9,11319.8
2022-09-26,11307.9,11473.3,11191.4,11250.0
2022-09-27,11254.0,11505.5,11171.4,11291.7
2022-09-28,11295.7,11551.6,11080.6,11478.9
2022-09-29,11486.6,11504.5,11032.3,11172.3
2022-09-30,11162.7,11296.4,10965.1,10995.3
2022-10-03,10959.3,11301.8,10836.2,11253.8
2022-10-04,11256.0,11616.7,11225.2,11586.0
2022-10-05,11585.1,11652.1,11311.0,11571.1
2022-10-06,11569.1,11672.0,11446.2,11449.5
2022-10-07,11427.9,11507.3,10985.7,11039.0
2022-10-10,10988.2,11082.4,10824.1,10943.2
2022-10-11,10934.0,10982.1,10717.3,10831.1
2022-10-12,10821.3,10927.9,10757.5,10806.0
2022-10-13,10810.3,11096.7,10439.3,11017.6
2022-10-14,11025.6,11205.5,10679.9,10700.1
2022-10-17,10695.8,11101.0,10688.3,11089.0
2022-10-18,11117.9,11386.8,11035.5,11277.9
2022-10-19,11285.8,11336.4,11006.3,11108.9
2022-10-20,11092.6,11287.2,10966.8,11018.6
2022-10-21,11019.8,11346.3,10897.9,11338.4
2022-10-24,11377.9,11494.0,11175.8,11425.2
2022-10-25,11423.4,11698.1,11396.2,11550.2
2022-10-26,11473.3,11669.0,11380.4,11440.0
2022-10-27,11385.4,11502.5,10882.9,11054.4
2022-10-28,11099.5,11585.1,11025.6,11582.1
2022-10-31,11545.6,11551.9,11332.7,11420.3
2022-11-01,11424.7,11587.1,11258.7,11288.2
2022-11-02,11293.1,11426.2,10877.0,10910.8
2022-11-03,10902.3,10965.7,10678.2,10700.3
2022-11-04,10673.4,10943.6,10604.4,10843.9
2022-11-07,10733.0,11013.4,10732.8,10989.8
2022-11-08,10988.0,11206.6,10904.3,11063.6
2022-11-09,11068.8,11138.0,10796.7,10817.6
2022-11-10,10818.8,11651.8,10800.1,11651.8
2022-11-11,11644.3,11850.4,11543.6,11809.3
2022-11-14,11755.7,11874.3,11676.8,11744.7
2022-11-15,11745.3,12095.4,11738.9,11871.2
2022-11-16,11857.5,11937.3,11680.3,11746.8
2022-11-17,11752.0,11801.9,11501.9,11721.7
2022-11-18,11724.6,11821.9,11583.1,11686.5
2022-11-21,11708.3,11735.5,11533.7,11568.6
2022-11-22,11567.3,11738.5,11506.7,11720.8
2022-11-23,11727.1,11876.1,11702.0,11856.9
2022-11-24,11859.3,11919.0,11857.7,11900.5
2022-11-25,11898.0,11907.4,11748.0,11766.9
2022-11-28,11712.9,11772.3,11560.2,11608.9
2022-11-29,11607.8,11692.2,11452.8,11508.6
2022-11-30,11503.4,12064.3,11486.1,12060.9
2022-12-01,12065.2,12127.4,11931.1,12025.4
2022-12-02,12027.8,12054.6,11725.6,11968.7
2022-12-05,12004.4,12004.9,11732.9,11803.4
2022-12-06,11798.4,11838.8,11495.7,11560.4
2022-12-07,11560.9,11590.8,11418.6,11493.2
2022-12-08,11501.4,11676.8,11429.9,11632.6
2022-12-09,11637.2,11733.8,11515.3,11552.6
2022-12-12,11558.8,11722.5,11524.9,11703.0
2022-12-13,11707.8,12221.0,11686.9,11839.2
2022-12-14,11839.2,11958.3,11618.8,11775.2
2022-12-15,11765.0,11784.7,11290.5,11337.3
2022-12-16,11337.8,11379.5,11164.3,11208.7
2022-12-19,11217.2,11301.1,11022.1,11075.7
2022-12-20,11075.8,11141.2,10934.9,11088.5
2022-12-21,11100.5,11284.4,11075.0,11249.0
2022-12-22,11253.1,11280.3,10767.4,10943.6
2022-12-23,10960.9,11042.1,10818.6,10973.8
2022-12-27,11027.8,11089.2,10803.2,10820.6
2022-12-28,10821.1,10904.5,10670.1,10697.7
2022-12-29,10705.7,10982.9,10693.6,10941.4
2022-12-30,10944.7,10965.8,10769.0,10953.8
2023-01-03,11034.5,11100.2,10763.4,10861.1
2023-01-04,10852.2,10986.1,10782.2,10900.7
2023-01-05,10914.0,10966.6,10726.2,10756.8
2023-01-06,10762.0,11084.1,10673.5,11025.3
2023-01-09,11057.1,11306.5,11043.5,11104.4
2023-01-10,11107.6,11212.8,11012.5,11204.4
2023-01-11,11208.1,11404.1,11165.2,11400.3
2023-01-12,11402.1,11506.1,11217.9,11448.4
2023-01-13,11451.9,11546.8,11318.1,11532.8
2023-01-16,11545.4,11570.9,11442.3,11497.4
2023-01-17,11505.0,11618.0,11463.0,11555.8
2023-01-18,11551.0,11692.7,11401.8,11417.5
2023-01-19,11403.1,11422.8,11246.6,11331.4
2023-01-20,11340.2,11624.1,11303.4,11611.8
2023-01-23,11626.7,11923.0,11588.9,11875.4
2023-01-24,11876.4,11951.5,11777.8,11912.9
2023-01-25,11917.0,11917.0,11541.9,11819.0
2023-01-26,11815.1,12055.7,11812.5,12003.3
2023-01-27,11993.1,12252.2,11962.7,12167.0
2023-01-30,12151.4,12200.3,11909.6,11937.9
2023-01-31,11935.5,12101.0,11821.4,12069.0
2023-02-01,12067.7,12475.3,12007.3,12456.9
2023-02-02,12483.0,12900.3,12454.2,12627.8
2023-02-03,12702.9,12831.5,12508.5,12571.3
2023-02-06,12533.1,12567.0,12416.4,12470.6
2023-02-07,12477.4,12776.6,12419.0,12700.4
2023-02-08,12712.6,12768.2,12474.5,12519.8
2023-02-09,12513.3,12687.2,12327.8,12409.8
2023-02-10,12401.3,12411.0,12203.1,12301.2
2023-02-13,12327.1,12532.5,12230.2,12508.0
2023-02-14,12510.8,12648.4,12354.2,12581.2
2023-02-15,12582.6,12718.5,12489.1,12710.1
2023-02-16,12701.9,12756.3,12421.8,12431.4
2023-02-17,12428.6,12429.9,12232.6,12351.5
2023-02-20,12340.8,12391.1,12319.9,12340.5
2023-02-21,12338.3,12352.7,12065.5,12083.3
2023-02-22,12081.9,12161.0,12007.0,12137.6
2023-02-23,12149.4,12236.1,11999.8,12164.7
2023-02-24,12164.0,12186.6,11896.3,11974.6
2023-02-27,11976.0,12170.2,11968.4,12072.2
2023-02-28,12073.8,12153.3,11999.8,12019.7
2023-03-01,12016.4,12123.0,11906.5,11966.9
2023-03-02,11947.1,12074.4,11814.0,12030.6
2023-03-03,12025.7,12308.3,11993.2,12305.8
2023-03-06,12296.1,12472.5,12262.5,12308.4
2023-03-07,12307.6,12370.0,12135.0,12166.6
2023-03-08,12166.4,12248.4,12104.1,12229.9
2023-03-09,12228.0,12346.9,11975.6,12005.9
2023-03-10,11998.5,12110.9,11790.8,11858.9
2023-03-13,11914.1,12091.1,11682.7,11944.1
2023-03-14,11941.2,12223.9,11900.2,12203.5
2023-03-15,12197.4,12283.0,11964.8,12267.8
2023-03-16,12268.5,12602.3,12187.9,12582.9
2023-03-17,12572.3,12681.7,12439.3,12515.3
2023-03-20,12597.0,12623.2,12399.6,12573.7
2023-03-21,12572.5,12770.5,12550.2,12748.2
2023-03-22,12742.4,12956.1,12550.3,12574.7
2023-03-23,12573.0,12905.7,12572.3,12747.2
2023-03-24,12754.5,12799.9,12605.2,12795.9
2023-03-27,12796.6,12855.0,12647.0,12695.1
2023-03-28,12691.0,12716.1,12517.8,12632.7
2023-03-29,12636.1,12875.4,12628.8,12844.4
2023-03-30,12847.4,12995.7,12816.6,12973.5
2023-03-31,12967.3,13194.3,12944.8,13192.8
2023-04-03,13157.3,13167.4,13044.0,13150.7
2023-04-04,13141.2,13236.6,13059.0,13121.3
2023-04-05,13123.2,13140.5,12895.3,12962.9
2023-04-06,12953.8,13079.7,12849.2,13053.9
2023-04-07,13045.1,13082.5,13015.4,13073.9
2023-04-10,13072.9,13098.3,12866.1,13061.2
2023-04-11,13058.5,13106.4,12952.1,12981.2
2023-04-12,12977.2,13143.1,12842.3,12860.2
2023-04-13,12861.9,13124.4,12831.9,13076.7
2023-04-14,13078.2,13155.9,12956.7,13105.7
2023-04-17,13122.2,13128.9,12988.3,13090.2
2023-04-18,13091.2,13209.5,13049.4,13099.7
2023-04-19,13088.8,13142.2,12980.1,13081.6
2023-04-20,13077.9,13114.9,12935.6,13006.3
2023-04-21,13005.6,13033.9,12897.0,12992.0
2023-04-24,12988.3,13052.6,12887.4,12968.3
2023-04-25,12967.2,12980.6,12723.3,12834.9
2023-04-26,12866.9,12941.2,12788.5,12883.5
2023-04-27,12887.4,13257.1,12861.6,13186.9
2023-04-28,13132.4,13259.8,13095.6,13253.1
2023-05-01,13250.0,13298.0,13189.7,13221.0
2023-05-02,13218.7,13269.9,13051.1,13106.2
2023-05-03,13097.7,13242.1,13015.8,13022.9
2023-05-04,13004.0,13107.9,12936.9,12979.7
2023-05-05,12994.8,13291.3,12991.5,13247.0
2023-05-08,13256.1,13312.2,13197.1,13277.5
2023-05-09,13272.4,13290.8,13197.1,13202.4
2023-05-10,13201.0,13388.3,13148.4,13351.8
2023-05-11,13350.5,13416.8,13309.0,13391.4
2023-05-12,13388.2,13437.8,13257.9,13320.6
2023-05-15,13323.9,13434.1,13302.8,13418.4
2023-05-16,13417.7,13512.0,13382.0,13458.0
2023-05-17,13450.3,13622.2,13427.9,13594.5
2023-05-18,13595.0,13865.5,13583.9,13864.1
2023-05-19,13863.5,13914.2,13768.9,13795.4
2023-05-22,13754.6,13907.3,13754.3,13875.3
2023-05-23,13875.2,13940.3,13677.2,13699.0
2023-05-24,13696.3,13813.4,13534.3,13809.1
2023-05-25,13847.0,13996.7,13771.3,13947.5
2023-05-26,13945.1,14335.5,13891.8,14328.5
2023-05-29,14406.1,14419.5,14340.5,14374.0
2023-05-30,14376.8,14544.3,14312.6,14383.0
2023-05-31,14367.7,14405.4,14227.4,14264.2
2023-06-01,14266.8,14503.3,14225.2,14472.3
2023-06-02,14470.1,14603.8,14445.9,14560.9
2023-06-05,14553.2,14677.1,14495.1,14565.5
2023-06-06,14560.4,14607.7,14489.4,14576.8
2023-06-07,14580.6,14657.8,14291.2,14304.7
2023-06-08,14305.8,14514.1,14246.2,14507.9
2023-06-09,14504.3,14677.3,14449.9,14555.3
2023-06-12,14551.4,14831.0,14551.1,14827.9
2023-06-13,14824.5,14972.6,14784.9,14930.0
2023-06-14,14939.4,15067.3,14798.7,15056.4
2023-06-15,15042.8,15265.3,14891.8,15191.5
2023-06-16,15197.0,15301.6,15085.1,15125.4
2023-06-19,15137.1,15154.6,15063.4,15073.8
2023-06-20,15075.2,15144.9,14961.6,15080.2
2023-06-21,15081.3,15108.5,14837.7,14874.3
2023-06-22,14878.8,15076.9,14802.8,15071.5
2023-06-23,15072.3,15075.1,14824.9,14897.2
2023-06-26,14906.4,14999.4,14700.4,14721.9
2023-06-27,14727.6,14989.8,14715.0,14938.9
2023-06-28,14940.1,15073.5,14875.5,15008.8
2023-06-29,15012.0,15056.1,14881.1,14963.8
2023-06-30,14959.3,15233.2,14956.5,15173.4
2023-07-03,15196.4,15253.8,15168.7,15217.6
2023-07-04,15209.9,15230.8,15197.8,15208.5
2023-07-05,15210.0,15293.5,15119.9,15213.5
2023-07-06,15215.1,15227.2,14977.6,15086.4
2023-07-07,15078.9,15224.1,15034.8,15054.1
2023-07-10,15066.9,15089.6,14934.7,15063.4
2023-07-11,15067.7,15150.8,14983.2,15135.7
2023-07-12,15131.2,15382.2,15129.3,15331.2
2023-07-13,15332.4,15613.9,15330.8,15573.9
2023-07-14,15575.6,15733.5,15542.5,15575.2
2023-07-17,15569.4,15763.2,15545.1,15707.3
2023-07-18,15715.7,15913.3,15618.9,15831.2
2023-07-19,15831.2,15947.9,15798.0,15826.2
2023-07-20,15801.9,15814.1,15435.6,15484.4
2023-07-21,15485.2,15612.8,15409.1,15443.5
2023-07-24,15456.6,15514.3,15380.8,15464.3
2023-07-25,15469.7,15636.9,15450.6,15623.9
2023-07-26,15623.7,15642.9,15418.6,15530.4
2023-07-27,15545.9,15809.1,15418.5,15489.6
2023-07-28,15492.9,15798.6,15453.8,15747.1
2023-07-31,15757.1,15826.0,15701.3,15779.7
2023-08-01,15783.5,15802.2,15644.2,15724.8
2023-08-02,15632.5,15707.4,15331.5,15368.2
2023-08-03,15375.3,15473.5,15261.9,15371.0
2023-08-04,15362.5,15533.6,15262.1,15292.0
2023-08-07,15299.0,15424.2,15259.3,15419.8
2023-08-08,15426.3,15429.8,15152.7,15283.4
2023-08-09,15286.0,15365.7,15080.8,15135.5
2023-08-10,15135.5,15372.7,15070.1,15151.0
2023-08-11,15150.2,15200.4,14971.7,15041.3
2023-08-14,15041.2,15223.3,14960.3,15221.4
2023-08-15,15222.1,15278.3,15021.3,15055.6
2023-08-16,15054.9,15109.8,14864.3,14879.4
2023-08-17,14881.7,14959.7,14682.3,14686.7
2023-08-18,14691.3,14748.8,14554.3,14690.8
2023-08-21,14707.7,14966.4,14673.1,14924.7
2023-08-22,14928.7,15072.6,14887.3,14919.9
2023-08-23,14917.5,15309.4,14915.1,15308.2
2023-08-24,15290.4,15376.3,14776.3,14790.4
2023-08-25,14796.2,15010.7,14716.4,14934.4
2023-08-28,14961.2,15096.3,14943.3,15072.0
2023-08-29,15076.4,15407.1,15025.5,15402.7
2023-08-30,15404.6,15500.3,15339.7,15490.3
2023-08-31,15489.4,15582.6,15438.7,15514.7
2023-09-01,15510.4,15641.1,15434.1,15492.8
2023-09-04,15508.5,15565.5,15487.4,15514.9
2023-09-05,15515.8,15575.5,15407.4,15506.5
2023-09-06,15503.8,15524.7,15305.2,15382.6
2023-09-07,15385.8,15392.1,15154.3,15282.0
2023-09-08,15282.6,15390.6,15222.0,15317.4
2023-09-11,15312.4,15505.1,15304.1,15479.2
2023-09-12,15479.7,15490.0,15295.5,15315.1
2023-09-13,15316.6,15434.9,15222.3,15386.9
2023-09-14,15387.1,15529.4,15346.3,15495.4
2023-09-15,15491.7,15537.1,15177.9,15209.3
2023-09-18,15202.9,15287.8,15156.2,15250.3
2023-09-19,15250.8,15272.1,15077.5,15210.7
2023-09-20,15211.0,15266.8,14957.8,14961.4
2023-09-21,14962.9,14980.0,14671.7,14680.4
2023-09-22,14680.7,14860.0,14668.7,14705.6
2023-09-25,14708.5,14796.6,14621.1,14793.2
2023-09-26,14792.2,14792.2,14512.4,14571.2
2023-09-27,14570.7,14669.3,14436.3,14616.9
2023-09-28,14614.4,14796.5,14507.3,14726.8
2023-09-29,14725.5,14909.7,14662.5,14748.2
2023-10-02,14742.8,14903.1,14683.8,14850.4
2023-10-03,14850.2,14883.2,14510.2,14572.5
2023-10-04,14573.7,14815.1,14451.5,14764.4
2023-10-05,14763.9,14822.5,14579.3,14722.1
2023-10-06,14722.8,15021.7,14523.6,14997.6
2023-10-09,15000.7,15082.5,14816.6,15062.4
2023-10-10,15063.6,15254.4,15045.3,15153.2
2023-10-11,15152.9,15290.7,15126.5,15284.3
2023-10-12,15284.0,15344.4,15092.4,15198.7
2023-10-13,15199.5,15244.2,14942.3,14988.6
2023-10-16,14986.9,15221.5,14969.0,15189.4
2023-10-17,15189.4,15197.1,14938.8,15129.2
2023-10-18,15130.4,15130.4,14869.6,14951.9
2023-10-19,14952.1,15031.5,14733.0,14740.6
2023-10-20,14743.3,14782.9,14540.9,14550.6
2023-10-23,14545.2,14756.7,14418.5,14651.4
2023-10-24,14651.9,14853.9,14612.9,14737.4
2023-10-25,14735.9,14762.1,14362.5,14377.0
2023-10-26,14380.0,14380.0,14054.6,14127.2
2023-10-27,14127.2,14324.5,14126.7,14188.6
2023-10-30,14187.7,14398.4,14187.7,14333.4
2023-10-31,14333.6,14424.1,14233.2,14372.3
2023-11-01,14372.6,14687.4,14335.3,14686.5
2023-11-02,14686.5,14937.7,14686.5,14894.5
2023-11-03,14895.5,15157.7,14856.0,15115.5
2023-11-06,15110.7,15191.5,15073.0,15155.1
2023-11-07,15155.6,15347.8,15111.4,15311.4
2023-11-08,15311.2,15355.3,15226.9,15298.6
2023-11-09,15299.1,15393.4,15177.0,15198.8
2023-11-10,15198.6,15550.4,15146.9,15521.2
2023-11-13,15522.0,15547.9,15413.4,15502.4
2023-11-14,15502.6,15867.5,15499.4,15842.7
2023-11-15,15841.9,15994.8,15778.6,15792.6
2023-11-16,15792.6,15854.8,15742.9,15846.9
2023-11-17,15847.1,15890.5,15775.7,15826.4
2023-11-20,15825.2,16073.8,15795.2,16046.8
2023-11-21,16047.1,16081.3,15868.3,15929.3
2023-11-22,15928.9,16135.1,15904.4,16006.0
2023-11-23,16006.0,16049.5,15997.8,16024.2
2023-11-24,16025.5,16040.5,15947.2,15979.4
2023-11-27,15976.7,16062.1,15910.8,15978.1
2023-11-28,15978.1,16047.2,15921.2,16028.4
2023-11-29,16027.4,16183.8,15990.9,16018.7
2023-11-30,16019.4,16075.7,15833.1,15934.6
2023-12-01,15933.8,16028.6,15843.5,16011.8
2023-12-04,16009.3,16011.7,15707.2,15842.6
2023-12-05,15843.1,15949.1,15749.4,15887.6
2023-12-06,15887.8,16028.6,15793.2,15805.9
2023-12-07,15806.2,16059.2,15784.6,16010.2
2023-12-08,16010.6,16119.4,15883.9,16096.9
2023-12-11,16097.9,16259.0,16057.7,16255.2
2023-12-12,16255.2,16401.7,16198.5,16398.2
2023-12-13,16398.4,16606.8,16380.9,16562.1
2023-12-14,16561.8,16683.5,16426.6,16543.7
2023-12-15,16543.7,16689.4,16535.2,16619.5
2023-12-18,16617.8,16792.9,16617.8,16740.0
2023-12-19,16739.7,16847.2,16728.1,16841.7
2023-12-20,16843.2,16894.7,16579.3,16611.8
2023-12-21,16614.6,16794.0,16612.6,16769.3
2023-12-22,16769.3,16865.2,16713.9,16782.9
2023-12-26,16784.2,16943.2,16784.2,16921.6
2023-12-27,16922.6,16959.9,16881.9,16955.7
2023-12-28,16955.7,16991.2,16906.2,16917.7
2023-12-29,16918.2,16961.7,16770.9,16843.2
2024-01-02,16836.2,16880.0,16464.3,16572.8
2024-01-03,16573.1,16578.1,16364.5,16384.5
2024-01-04,16384.7,16432.4,16280.1,16294.2
2024-01-05,16294.7,16423.8,16181.1,16311.6
2024-01-08,16310.8,16663.6,16231.9,16639.4
2024-01-09,16640.9,16722.6,16513.3,16685.5
2024-01-10,16685.3,16842.6,16659.9,16815.6
2024-01-11,16815.3,16909.4,16614.9,16820.2
2024-01-12,16820.5,16907.8,16730.3,16814.3
2024-01-15,16819.1,16893.7,16808.2,16840.2
2024-01-16,16841.4,16908.3,16686.4,16852.5
2024-01-17,16851.8,16857.0,16565.9,16735.8
2024-01-18,16735.8,17001.1,16712.8,16993.8
2024-01-19,16993.6,17349.9,16986.6,17346.9
2024-01-22,17340.9,17469.5,17320.5,17342.0
2024-01-23,17341.5,17447.0,17298.1,17442.6
2024-01-24,17441.4,17681.8,17441.4,17525.0
2024-01-25,17522.0,17648.0,17434.7,17476.7
2024-01-26,17472.9,17526.6,17362.5,17398.3
2024-01-29,17401.0,17620.4,17361.4,17606.3
2024-01-30,17605.3,17641.1,17374.5,17377.0
2024-01-31,17377.0,17392.4,17129.6,17174.4
2024-02-01,17174.4,17555.4,17173.3,17540.7
2024-02-02,17539.5,17687.4,17379.4,17610.7
2024-02-05,17599.2,17666.4,17475.6,17624.3
2024-02-06,17624.8,17692.3,17484.4,17573.6
2024-02-07,17573.6,17801.3,17556.3,17782.5
2024-02-08,17783.3,17822.4,17720.9,17786.4
2024-02-09,17787.4,17998.0,17780.2,17962.9
2024-02-12,17974.4,18056.9,17846.1,17864.1
2024-02-13,17864.3,17900.6,17485.3,17636.8
2024-02-14,17636.8,17823.9,17607.1,17809.4
2024-02-15,17809.6,17905.6,17717.4,17892.9
2024-02-16,17891.7,17964.9,17655.1,17659.6
2024-02-19,17660.1,17753.9,17660.1,17739.0
2024-02-20,17735.9,17736.1,17402.1,17530.8
2024-02-21,17531.3,17659.8,17323.8,17659.1
2024-02-22,17658.9,18039.2,17628.9,17975.8
2024-02-23,17975.8,18098.0,17900.8,17920.7
2024-02-26,17915.2,18021.9,17885.2,17912.9
2024-02-27,17912.4,18007.0,17874.6,17978.1
2024-02-28,17978.1,17986.4,17814.1,17828.6
2024-02-29,17828.1,18074.9,17792.8,18035.1
2024-03-01,18036.6,18340.1,17995.9,18287.3
2024-03-04,18289.8,18353.8,18210.3,18220.5
2024-03-05,18220.3,18230.4,17813.9,17965.9
2024-03-06,17963.7,18157.9,17927.3,18024.1
2024-03-07,18024.3,18345.3,17901.5,18241.8
2024-03-08,18239.3,18428.7,18006.9,18052.9
2024-03-11,18049.7,18058.6,17892.7,17998.1
2024-03-12,17999.4,18248.0,17930.6,18229.9
2024-03-13,18228.4,18266.4,18044.0,18117.2
2024-03-14,18118.5,18191.2,17925.7,18030.1
2024-03-15,18029.7,18089.0,17772.9,17828.5
2024-03-18,17831.0,18155.7,17831.0,18005.4
2024-03-19,18002.4,18068.7,17833.6,18052.6
2024-03-20,18052.6,18322.0,18005.3,18317.3
2024-03-21,18319.5,18487.9,18306.9,18359.9
2024-03-22,18359.1,18407.7,18274.0,18345.5
2024-03-25,18346.2,18390.9,18205.2,18323.6
2024-03-26,18324.1,18411.7,18232.7,18273.0
2024-03-27,18272.5,18366.5,18173.5,18301.0
2024-03-28,18300.5,18334.6,18245.2,18262.0
2024-04-01,18262.0,18420.2,18223.2,18306.2
2024-04-02,18306.0,18319.4,18012.2,18157.1
2024-04-03,18156.3,18262.6,18045.6,18200.6
2024-04-04,18200.3,18383.1,17869.0,17889.3
2024-04-05,17888.0,18224.6,17869.7,18122.6
2024-04-08,18128.7,18203.1,18063.4,18136.4
2024-04-09,18136.9,18237.6,17988.3,18212.3
2024-04-10,18212.3,18295.7,17887.1,18025.4
2024-04-11,18024.4,18353.6,17922.4,18320.5
2024-04-12,18319.5,18344.5,17958.6,18009.5
2024-04-15,18008.6,18196.2,17687.5,17723.8
2024-04-16,17719.3,17834.6,17641.8,17742.2
2024-04-17,17742.2,17816.6,17466.8,17512.4
2024-04-18,17512.9,17622.8,17359.5,17382.9
2024-04-19,17381.9,17410.7,16973.1,17036.4
2024-04-22,17038.7,17314.3,17015.7,17211.1
2024-04-23,17212.1,17534.6,17155.2,17526.2
2024-04-24,17525.7,17666.2,17353.7,17378.1
2024-04-25,17379.3,17702.3,17180.3,17688.4
2024-04-26,17689.9,17778.4,17545.0,17717.0
2024-04-29,17713.9,17836.5,17678.5,17800.1
2024-04-30,17799.9,17810.5,17367.4,17399.4
2024-05-01,17399.7,17685.8,17293.5,17369.1
2024-05-02,17368.4,17650.1,17282.0,17637.6
2024-05-03,17638.6,17942.4,17617.5,17919.7
2024-05-06,17923.1,18106.5,17888.8,18090.4
2024-05-07,18090.4,18169.6,18056.8,18101.4
2024-05-08,18101.9,18150.1,17980.1,18069.5
2024-05-09,18068.2,18148.1,18013.0,18128.7
2024-05-10,18129.0,18257.0,18097.8,18150.2
2024-05-13,18148.0,18252.1,18145.9,18203.4
2024-05-14,18203.2,18351.4,18085.8,18329.0
2024-05-15,18328.8,18625.1,18311.6,18612.9
2024-05-16,18612.7,18678.5,18552.0,18556.3
2024-05-17,18556.8,18607.3,18465.9,18555.6
2024-05-20,18554.4,18724.7,18554.4,18674.5
2024-05-21,18674.3,18742.7,18610.8,18733.8
2024-05-22,18732.8,18827.7,18620.3,18755.9
2024-05-23,18752.7,18962.8,18562.8,18626.6
2024-05-24,18627.6,18871.1,18623.6,18816.8
2024-05-27,18815.4,18910.0,18788.2,18906.7
2024-05-28,18905.9,18937.6,18775.6,18909.8
2024-05-29,18910.3,18912.0,18703.9,18712.5
2024-05-30,18710.8,18753.2,18515.2,18563.1
2024-05-31,18561.8,18636.2,18209.7,18545.2
2024-06-03,18539.3,18733.1,18411.6,18640.0
2024-06-04,18639.2,18732.1,18490.8,18684.7
2024-06-05,18684.4,19072.8,18678.3,19069.6
2024-06-06,19069.6,19106.8,19001.9,19055.2
2024-06-07,19052.9,19139.8,18924.3,19016.6
2024-06-10,19015.9,19122.8,18967.5,19099.9
2024-06-11,19100.7,19253.3,18991.1,19244.9
2024-06-12,19244.1,19611.4,19232.7,19606.8
2024-06-13,19608.0,19688.3,19502.2,19608.5
2024-06-14,19609.8,19699.9,19503.4,19689.9
2024-06-17,19697.2,20020.4,19653.1,19936.5
2024-06-18,19936.2,20019.5,19878.8,19961.5
2024-06-19,19962.0,20007.0,19959.3,19986.2
2024-06-20,19986.2,20129.4,19720.2,19814.0
2024-06-21,19813.8,19848.9,19677.4,19770.7
2024-06-24,19772.8,19799.3,19497.5,19522.1
2024-06-25,19521.9,19753.0,19499.3,19740.1
2024-06-26,19740.4,19843.4,19675.4,19724.8
2024-06-27,19725.0,19891.0,19649.7,19842.3
2024-06-28,19842.8,20047.6,19680.8,19746.1
2024-07-01,19740.4,19858.3,19595.3,19825.6
2024-07-02,19825.6,20044.9,19696.0,20025.9
2024-07-03,20026.1,20223.3,19992.1,20202.5
2024-07-04,20207.4,20208.7,20161.2,20171.4
2024-07-05,20171.4,20429.6,20151.2,20391.9
2024-07-08,20379.5,20486.3,20377.7,20482.3
2024-07-09,20482.6,20574.2,20418.5,20490.6
2024-07-10,20489.1,20719.2,20489.1,20698.9
2024-07-11,20698.9,20789.2,20188.1,20244.4
2024-07-12,20242.2,20552.9,20148.2,20352.9
2024-07-15,20352.7,20612.4,20323.4,20444.8
2024-07-16,20443.8,20505.5,20286.7,20411.8
2024-07-17,20410.6,20420.7,19791.5,19841.3
2024-07-18,19841.8,19991.1,19586.6,19768.0
2024-07-19,19761.7,19809.2,19483.3,19531.9
2024-07-22,19532.3,19885.7,19532.3,19820.3
2024-07-23,19819.6,19926.5,19710.4,19788.5
2024-07-24,19788.0,19788.0,19018.7,19116.1
2024-07-25,19117.3,19241.8,18734.8,18844.4
2024-07-26,18847.6,19152.1,18847.6,19030.8
2024-07-29,19029.7,19240.0,18976.5,19083.1
2024-07-30,19084.6,19184.6,18592.9,18727.4
2024-07-31,18725.7,19511.1,18725.7,19449.9
2024-08-01,19448.6,19585.6,18724.4,18838.8
2024-08-02,18839.3,18853.1,18271.7,18411.9
2024-08-05,18393.7,18393.7,17247.3,18038.5
2024-08-06,18039.3,18380.7,17864.9,17997.5
2024-08-07,17998.0,18458.0,17737.8,17757.4
2024-08-08,17755.9,18496.1,17651.7,18460.7
2024-08-09,18460.7,18578.3,18288.8,18500.5
2024-08-12,18505.1,18673.6,18423.7,18537.7
2024-08-13,18534.7,19032.5,18534.7,19011.8
2024-08-14,19010.8,19116.7,18838.4,19058.1
2024-08-15,19061.1,19517.4,19014.8,19484.9
2024-08-16,19482.4,19595.9,19360.8,19528.4
2024-08-19,19517.8,19794.1,19448.3,19775.2
2024-08-20,19775.4,19855.9,19668.4,19730.4
2024-08-21,19729.4,19910.1,19700.1,19848.0
2024-08-22,19846.2,19956.0,19474.8,19544.4
2024-08-23,19544.4,19838.5,19528.5,19716.7
2024-08-26,19712.6,19790.0,19451.6,19495.1
2024-08-27,19494.1,19643.5,19390.4,19582.9
2024-08-28,19583.6,19641.8,19179.7,19255.9
2024-08-29,19262.9,19647.1,19096.2,19401.2
2024-08-30,19400.7,19588.3,19326.3,19551.3
2024-09-02,19550.4,19635.6,19478.1,19601.2
2024-09-03,19614.5,19651.6,18884.1,18964.0
2024-09-04,18965.2,19090.4,18801.1,18939.2
2024-09-05,18937.7,19127.4,18805.7,18900.4
2024-09-06,18898.2,18946.2,18312.6,18319.8
2024-09-09,18351.4,18718.1,18351.4,18702.4
2024-09-10,18705.9,18862.2,18568.7,18821.5
2024-09-11,18821.0,19283.5,18535.7,19239.6
2024-09-12,19237.1,19477.2,19180.0,19407.1
2024-09-13,19407.8,19572.3,19393.5,19501.8
2024-09-16,19497.2,19549.9,19296.4,19417.0
2024-09-17,19416.0,19619.1,19343.3,19454.2
2024-09-18,19453.2,19675.6,19345.9,19419.4
2024-09-19,19415.7,19982.5,19415.7,19842.5
2024-09-20,19843.5,19866.4,19642.1,19797.9
2024-09-23,19797.7,19952.8,19744.9,19853.2
2024-09-24,19854.2,20008.0,19747.0,19979.1
2024-09-25,19978.9,20068.2,19860.4,20037.7
2024-09-26,20038.0,20336.5,19986.9,20141.2
2024-09-27,20142.2,20194.2,19971.7,19993.2
2024-09-30,19991.5,20092.6,19863.3,20039.4
2024-10-01,20038.9,20140.0,19628.1,19770.7
2024-10-02,19771.2,19898.7,19643.7,19866.8
2024-10-03,19865.8,19925.8,19663.3,19772.4
2024-10-04,19770.2,20075.0,19756.1,20019.0
2024-10-07,20014.1,20085.5,19772.0,19840.1
2024-10-08,19840.8,20153.8,19728.6,20109.7
2024-10-09,20110.4,20309.9,20023.4,20275.0
2024-10-10,20275.7,20338.1,20132.1,20264.4
2024-10-11,20262.9,20327.3,20148.2,20248.1
2024-10-14,20246.2,20521.8,20225.8,20478.4
2024-10-15,20479.9,20503.5,20100.8,20181.2
2024-10-16,20179.9,20246.5,20055.8,20173.6
2024-10-17,20174.4,20446.1,20129.3,20236.4
2024-10-18,20235.9,20384.1,20174.5,20339.4
2024-10-21,20338.0,20417.0,20207.0,20402.4
2024-10-22,20400.9,20466.8,20226.1,20384.2
2024-10-23,20384.4,20410.1,19946.9,20143.3
2024-10-24,20143.3,20298.5,20133.8,20256.1
2024-10-25,20262.6,20581.1,20238.4,20349.0
2024-10-28,20350.0,20558.9,20350.0,20390.2
2024-10-29,20389.7,20644.9,20317.6,20592.7
2024-10-30,20592.5,20675.9,20361.5,20394.8
2024-10-31,20396.0,20396.0,19900.7,19933.2
2024-11-01,19929.7,20180.7,19912.0,20057.0
2024-11-04,20063.3,20150.2,19915.0,20014.8
2024-11-05,20014.8,20288.7,19945.9,20269.6
2024-11-06,20266.3,20837.4,20229.1,20827.1
2024-11-07,20825.9,21160.8,20766.7,21132.1
2024-11-08,21130.1,21169.9,21026.8,21134.5
2024-11-11,21131.1,21254.0,21010.6,21121.0
2024-11-12,21122.7,21168.0,20972.2,21095.8
2024-11-13,21093.0,21184.0,20975.8,21082.6
2024-11-14,21082.9,21109.9,20872.1,20899.5
2024-11-15,20902.5,20902.5,20331.8,20428.6
2024-11-18,20429.2,20657.6,20408.9,20563.9
2024-11-19,20564.2,20728.3,20319.5,20691.1
2024-11-20,20690.1,20781.7,20416.2,20678.9
2024-11-21,20675.4,20842.5,20452.0,20731.6
2024-11-22,20730.8,20818.9,20633.0,20815.6
2024-11-25,20818.2,21027.6,20727.5,20846.2
2024-11-26,20848.7,20976.1,20705.8,20950.4
2024-11-27,20949.7,20970.0,20630.0,20761.9
2024-11-28,20761.7,20867.3,20761.7,20849.1
2024-11-29,20848.2,20978.0,20766.9,20947.4
2024-12-02,20951.9,21228.6,20909.2,21179.3
2024-12-03,21179.6,21301.6,21109.3,21298.2
2024-12-04,21297.4,21524.0,21281.9,21491.6
2024-12-05,21491.9,21542.9,21412.9,21429.0
2024-12-06,21428.7,21647.0,21399.9,21614.1
2024-12-09,21612.7,21692.5,21427.7,21465.8
2024-12-10,21464.8,21601.4,21349.0,21429.7
2024-12-11,21431.2,21817.8,21404.5,21754.1
2024-12-12,21754.4,21774.0,21610.1,21639.8
2024-12-13,21638.8,21931.0,21638.8,21796.6
2024-12-16,21792.9,22204.6,21792.9,22165.2
2024-12-17,22164.7,22195.6,22021.6,22081.9
2024-12-18,22081.9,22167.9,21093.4,21238.6
2024-12-19,21242.6,21485.6,21132.4,21198.9
2024-12-20,21195.9,21602.0,20797.0,21338.0
2024-12-23,21342.3,21570.8,21271.6,21532.2
2024-12-24,21531.4,21846.6,21506.5,21843.0
2024-12-26,21843.8,21913.0,21671.6,21782.7
2024-12-27,21784.2,21811.4,21303.9,21524.4
2024-12-30,21524.8,21554.7,21069.5,21200.8
2024-12-31,21203.8,21342.3,20999.8,21053.7
2025-01-02,21052.7,21314.1,20807.2,21005.7
2025-01-03,21005.7,21380.4,20967.8,21305.3
2025-01-06,21311.9,21723.5,21306.1,21607.3
2025-01-07,21610.1,21638.3,21114.9,21210.9
2025-01-08,21210.4,21284.8,21003.3,21162.4
2025-01-09,21162.4,21186.6,21059.2,21146.1
2025-01-10,21143.8,21216.6,20721.5,20839.8
2025-01-13,20842.4,20890.3,20548.4,20846.4
2025-01-14,20844.9,20998.4,20629.4,20830.2
2025-01-15,20831.2,21306.4,20766.2,21231.1
2025-01-16,21230.8,21420.0,21027.1,21067.2
2025-01-17,21068.7,21533.8,21066.3,21441.1
2025-01-20,21445.4,21640.8,21391.2,21554.6
2025-01-21,21545.2,21650.3,21242.9,21640.6
2025-01-22,21640.4,21963.4,21640.4,21853.7
2025-01-23,21855.5,21922.0,21728.8,21894.9
2025-01-24,21894.6,21953.6,21719.7,21778.3
2025-01-27,21782.9,21782.9,20650.8,21192.5
2025-01-28,21192.0,21514.1,21051.7,21442.4
2025-01-29,21446.7,21588.0,21257.7,21462.5
2025-01-30,21463.8,21641.8,21312.8,21502.6
2025-01-31,21501.6,21859.0,21427.7,21453.5
2025-02-03,21464.8,21480.1,20869.6,21452.9
2025-02-04,21454.2,21599.4,21147.8,21485.6
2025-02-05,21486.6,21700.2,21336.7,21676.7
2025-02-06,21675.2,21789.6,21614.6,21754.4
2025-02-07,21752.2,21877.4,21468.6,21491.6
2025-02-10,21488.4,21811.2,21333.5,21753.3
2025-02-11,21753.5,21792.5,21589.4,21711.6
2025-02-12,21711.1,21786.3,21432.6,21784.4
2025-02-13,21785.4,22049.6,21679.8,22001.2
2025-02-14,22000.7,22147.2,21968.7,22131.2
2025-02-17,22127.8,22214.6,22125.8,22168.1
2025-02-18,22168.6,22254.8,22039.1,22158.9
2025-02-19,22159.9,22237.8,22056.0,22160.1
2025-02-20,22160.8,22171.9,21887.1,22073.5
2025-02-21,22071.2,22183.0,21594.2,21598.4
2025-02-24,21600.7,21760.6,21356.8,21380.4
2025-02-25,21376.2,21403.8,20943.4,21146.3
2025-02-26,21147.8,21363.2,21019.2,21228.5
2025-02-27,21227.3,21343.5,20540.0,20591.1
2025-02-28,20589.8,20900.4,20418.1,20864.9
2025-03-03,20866.7,21085.6,20286.6,20496.9
2025-03-04,20499.2,20703.1,20046.6,20509.9
2025-03-05,20504.4,20697.1,20190.6,20583.4
2025-03-06,20582.9,20620.7,19986.2,20158.1
2025-03-07,20156.6,20269.2,19750.2,20190.2
2025-03-10,20190.3,20190.3,19264.9,19466.8
2025-03-11,19464.5,19681.1,19137.9,19394.9
2025-03-12,19395.2,19781.1,19384.0,19566.4
2025-03-13,19567.4,19691.5,19168.9,19292.3
2025-03-14,19291.8,19739.2,19291.8,19664.3
2025-03-17,19654.5,19964.1,19554.0,19834.4
2025-03-18,19834.4,19864.6,19404.5,19500.8
2025-03-19,19501.1,19942.8,19461.6,19745.2
2025-03-20,19744.4,19905.0,19535.6,19695.7
2025-03-21,19694.4,19780.4,19409.7,19766.9
2025-03-24,19774.3,20218.2,19774.3,20166.8
2025-03-25,20166.8,20336.3,20105.6,20329.7
2025-03-26,20328.9,20351.2,19859.7,19904.8
2025-03-27,19905.3,20019.6,19759.1,19817.7
2025-03-28,19817.2,19833.1,19198.0,19200.2
2025-03-31,19187.8,19322.8,18810.2,19245.5
2025-04-01,19245.3,19477.6,19095.8,19435.4
2025-04-02,19432.2,19879.7,18913.2,18980.5
2025-04-03,18961.5,19015.1,18454.8,18491.6
2025-04-04,18488.8,18556.3,17241.7,17350.8
2025-04-07,17350.8,18224.1,16321.5,17497.4
2025-04-08,17493.6,18222.3,16844.8,17099.5
2025-04-09,17103.5,19242.3,16609.9,19212.1
2025-04-10,19212.4,19245.2,17789.4,18365.2
2025-04-11,18367.7,18738.6,17938.6,18680.6
2025-04-14,18680.6,19126.7,18608.5,18776.0
2025-04-15,18772.0,19015.2,18681.3,18806.6
2025-04-16,18809.6,18809.6,17992.0,18242.1
2025-04-17,18297.0,18530.5,18142.4,18304.3
2025-04-21,18300.8,18300.8,17594.8,17805.2
2025-04-22,17806.2,18405.9,17759.0,18247.3
2025-04-23,18250.8,19056.0,18250.8,18745.0
2025-04-24,18740.8,19295.8,18489.0,19237.3
2025-04-25,19238.8,19477.5,19110.4,19443.4
2025-04-28,19447.7,19522.4,19156.7,19380.8
2025-04-29,19382.5,19589.1,19280.8,19515.7
2025-04-30,19515.7,19779.2,19009.0,19744.3
2025-05-01,19746.0,20027.2,19659.8,19696.3
2025-05-02,19698.8,20178.9,19653.7,20094.9
2025-05-05,20104.2,20104.2,19877.6,19949.6
2025-05-06,19951.3,19951.3,19653.2,19761.3
2025-05-07,19759.8,20043.6,19595.0,19872.4
2025-05-08,19873.4,20255.3,19829.1,20068.9
2025-05-09,20072.4,20205.7,19978.3,20063.3
2025-05-12,20066.7,20917.2,20066.7,20882.5
2025-05-13,20878.3,21269.7,20742.4,21177.3
2025-05-14,21178.5,21344.6,21164.6,21325.7
2025-05-15,21324.7,21455.3,21117.5,21323.1
2025-05-16,21321.4,21438.1,21246.8,21319.8
2025-05-19,21330.4,21482.0,21048.0,21453.3
2025-05-20,21454.6,21504.2,21241.4,21361.0
2025-05-21,21362.8,21504.5,21019.2,21091.5
2025-05-22,21092.0,21284.8,20988.9,21161.3
2025-05-23,21162.5,21183.7,20677.6,20890.6
2025-05-26,20903.0,21265.1,20903.0,21244.8
2025-05-27,21243.7,21448.4,21102.7,21437.0
2025-05-28,21436.5,21527.2,21294.9,21488.0
2025-05-29,21486.3,21822.3,21264.9,21347.8
2025-05-30,21350.8,21399.7,21038.9,21328.4
2025-06-02,21335.3,21550.5,21137.7,21526.3
2025-06-03,21528.6,21735.6,21374.9,21663.4
2025-06-04,21664.4,21778.9,21618.6,21725.4
2025-06-05,21724.4,21908.5,21488.1,21497.1
2025-06-06,21495.3,21853.9,21462.4,21787.7
2025-06-09,21790.5,21876.7,21706.7,21809.8
2025-06-10,21811.3,21982.9,21723.0,21940.3
2025-06-11,21941.3,22085.7,21782.2,21872.3
2025-06-12,21872.5,21971.4,21712.0,21904.0
2025-06-13,21904.2,21905.4,21466.7,21642.4
2025-06-16,21645.8,22004.6,21533.2,21945.7
2025-06-17,21945.5,21960.2,21694.9,21737.0
2025-06-18,21737.0,21882.9,21651.2,21747.2
2025-06-19,21747.0,21754.7,21440.1,21504.9
2025-06-20,21492.8,21920.1,21492.8,21668.1
2025-06-23,21664.4,21890.0,21364.8,21868.1
2025-06-24,21869.3,22241.7,21865.9,22205.3
2025-06-25,22202.0,22345.2,22183.2,22269.6
2025-06-26,22269.6,22491.6,22237.8,22468.8
2025-06-27,22469.5,22619.4,22398.9,22541.7
2025-06-30,22539.3,22737.3,22539.3,22674.2
2025-07-01,22670.4,22722.4,22404.1,22501.7
2025-07-02,22500.5,22664.9,22393.5,22661.5
2025-07-03,22661.2,22907.1,22635.3,22839.9
2025-07-04,22865.6,22870.9,22690.9,22710.2
2025-07-07,22713.7,22842.9,22599.0,22657.1
2025-07-08,22656.6,22792.8,22630.8,22725.7
2025-07-09,22725.9,22935.7,22669.7,22868.0
2025-07-10,22868.0,22916.9,22726.5,22838.5
2025-07-11,22838.0,22879.3,22662.0,22773.3
2025-07-14,22768.1,22907.0,22640.8,22874.3
2025-07-15,22874.8,23064.4,22838.1,22859.7
2025-07-16,22858.0,22943.5,22679.9,22907.0
2025-07-17,22906.8,23121.2,22863.7,23107.6
2025-07-18,23107.6,23164.1,23019.1,23070.1
2025-07-21,23074.2,23278.4,23058.4,23197.9
2025-07-22,23198.9,23222.1,22969.6,23058.2
2025-07-23,23058.0,23278.4,23010.4,23274.0
2025-07-24,23272.0,23288.0,23163.4,23259.0
2025-07-25,23258.7,23342.2,23196.5,23306.2
2025-07-28,23312.0,23457.9,23310.3,23383.5
2025-07-29,23381.8,23526.1,23295.9,23326.9
2025-07-30,23327.4,23566.0,23234.7,23535.3
2025-07-31,23538.6,23723.2,23172.3,23209.3
2025-08-01,23210.6,23229.7,22673.8,22758.2
2025-08-04,22753.5,23246.0,22714.2,23243.9
2025-08-05,23244.6,23300.3,22980.0,22983.4
2025-08-06,22986.4,23342.7,22944.2,23309.3
2025-08-07,23310.1,23572.7,23230.6,23423.7
2025-08-08,23422.7,23667.4,23406.7,23657.2
2025-08-11,23668.0,23713.5,23493.0,23537.4
2025-08-12,23539.4,23866.9,23509.9,23863.3
2025-08-13,23864.0,23986.8,23804.8,23844.4
2025-08-14,23845.7,23924.1,23712.9,23812.0
2025-08-15,23810.2,23882.4,23659.3,23719.1
2025-08-18,23727.3,23810.8,23646.2,23717.3
2025-08-19,23723.3,23768.7,23358.1,23405.4
2025-08-20,23385.3,23420.4,22970.4,23253.8
2025-08-21,23257.3,23303.5,23053.5,23154.6
2025-08-22,23155.6,23583.2,23013.1,23513.2
2025-08-25,23515.0,23555.3,23384.4,23441.3
2025-08-26,23441.5,23553.5,23313.7,23549.6
2025-08-27,23550.1,23616.1,23382.1,23488.6
2025-08-28,23489.6,23753.2,23438.2,23713.0
2025-08-29,23712.7,23713.1,23358.8,23420.1
2025-09-01,23411.7,23517.6,23336.7,23466.7
2025-09-02,23469.5,23469.7,22995.1,23347.4
2025-09-03,23348.7,23496.3,23272.1,23424.9
2025-09-04,23426.4,23680.0,23382.3,23656.4
2025-09-05,23655.4,23875.3,23482.9,23651.4
2025-09-08,23650.8,23870.1,23635.9,23780.9
2025-09-09,23781.1,23905.8,23717.8,23878.9
2025-09-10,23878.7,24031.9,23778.7,23852.2
2025-09-11,23851.2,24042.1,23850.7,24002.7
2025-09-12,24003.0,24161.0,23966.9,24113.5
2025-09-15,24115.3,24326.8,24088.3,24309.0
2025-09-16,24308.5,24420.1,24274.6,24304.7
2025-09-17,24303.9,24329.3,24018.4,24278.2
2025-09-18,24276.4,24593.5,24273.6,24493.1
2025-09-19,24491.6,24667.1,24435.6,24635.1
2025-09-22,24639.7,24808.1,24532.3,24778.4
2025-09-23,24777.9,24811.1,24567.9,24623.5
2025-09-24,24622.7,24703.6,24418.1,24539.4
2025-09-25,24539.2,24586.7,24217.0,24428.6
2025-09-26,24428.1,24542.5,24315.6,24522.2
2025-09-29,24520.8,24772.7,24520.8,24613.0
2025-09-30,24612.0,24719.8,24528.2,24644.8
2025-10-01,24644.8,24843.7,24441.5,24813.8
2025-10-02,24815.1,24988.6,24803.1,24916.2
2025-10-03,24913.7,25005.2,24734.6,24796.5
2025-10-06,24792.8,25071.5,24792.8,25000.1
2025-10-07,25002.4,25096.3,24807.6,24876.9
2025-10-08,24876.2,25187.0,24851.0,25174.6
2025-10-09,25176.1,25217.3,24989.8,25113.8
2025-10-10,25114.8,25216.8,24018.6,24043.6
2025-10-13,24021.6,24805.8,24021.6,24743.3
2025-10-14,24743.6,24884.5,24265.1,24594.4
2025-10-15,24596.6,24956.5,24506.0,24785.6
2025-10-16,24783.4,25024.3,24492.0,24639.1
2025-10-17,24641.6,24906.5,24260.5,24884.9
2025-10-20,24886.2,25211.1,24816.3,25181.3
2025-10-21,25183.1,25228.7,25064.0,25124.3
2025-10-22,25125.3,25201.7,24672.2,24904.8
2025-10-23,24906.1,25161.9,24806.9,25142.5
2025-10-24,25144.3,25435.4,25144.3,25380.4
2025-10-27,25376.7,25888.1,25376.7,25879.5
2025-10-28,25879.7,26109.8,25821.8,26050.6
2025-10-29,26049.8,26260.1,25929.1,26107.1
2025-10-30,26105.1,26287.4,25744.2,26041.2
2025-10-31,26042.9,26166.4,25783.3,25882.6
2025-11-03,25877.7,26168.6,25877.7,26013.4
2025-11-04,26013.4,26013.4,25433.4,25487.3
2025-11-05,25486.5,25790.0,25196.3,25641.1
2025-11-06,25640.1,25737.5,25116.5,25229.6
2025-11-07,25227.8,25274.5,24630.2,25142.2
2025-11-10,25147.2,25689.1,25147.2,25649.5
2025-11-11,25649.2,25700.7,25411.9,25591.0
2025-11-12,25591.5,25766.2,25427.0,25564.4
2025-11-13,25563.4,25661.9,24945.5,25028.8
2025-11-14,25029.8,25233.8,24567.3,25075.1
2025-11-17,25089.7,25312.1,24682.4,24853.7
2025-11-18,24853.2,24909.4,24331.5,24482.3
2025-11-19,24482.5,24937.0,24397.1,24906.3
2025-11-20,24909.1,25260.0,24024.6,24026.8
2025-11-21,24025.1,24545.6,23856.2,24300.6
2025-11-24,24298.7,24950.9,24298.7,24920.7
2025-11-25,24920.5,25098.5,24559.4,25028.3
2025-11-26,25027.6,25344.0,25027.1,25282.4
2025-11-27,25280.6,25308.9,25256.3,25269.2
2025-11-28,25270.8,25470.9,25270.8,25441.4
2025-12-01,25455.6,25507.9,25177.3,25389.2
2025-12-02,25388.4,25661.8,25317.1,25595.4
2025-12-03,25598.4,25678.2,25415.9,25639.2
2025-12-04,25638.9,25728.1,25481.7,25628.5
2025-12-05,25628.5,25861.7,25573.4,25730.2
2025-12-08,25729.0,25862.1,25566.5,25707.7
2025-12-09,25708.7,25742.7,25566.9,25682.5
2025-12-10,25681.8,25880.3,25543.0,25815.3
2025-12-11,25814.3,25880.2,25393.2,25856.7
2025-12-12,25851.5,25851.5,25147.1,25230.9
2025-12-15,25228.3,25449.3,25067.8,25124.8
2025-12-16,25127.6,25225.7,24856.4,25103.8
2025-12-17,25103.8,25291.5,24671.9,24745.6
2025-12-18,24735.1,25198.5,24687.6,25007.9
2025-12-19,25005.9,25386.2,24998.1,25375.8
2025-12-22,25380.9,25582.9,25380.9,25489.3
2025-12-23,25488.8,25615.9,25400.6,25605.9
2025-12-24,25604.4,25687.2,25573.1,25652.0
2025-12-26,25660.2,25735.7,25634.1,25662.4
2025-12-29,25656.3,25702.2,25456.0,25556.3
2025-12-30,25555.5,25613.7,25487.9,25495.8
2025-12-31,25495.6,25539.1,25252.8,25254.7
2026-01-02,25258.4,25625.1,25090.3,25210.2
2026-01-05,25219.3,25542.4,25219.3,25409.6
2026-01-06,25409.3,25671.9,25361.9,25665.3
2026-01-07,25663.8,25828.4,25561.1,25668.5
2026-01-08,25668.3,25684.1,25413.6,25553.9
2026-01-09,25555.2,25828.9,25464.0,25775.6
2026-01-12,25774.7,25868.4,25486.0,25787.4
2026-01-13,25790.1,25896.5,25654.2,25752.7
2026-01-14,25752.7,25781.2,25277.8,25466.7
2026-01-15,25467.7,25811.1,25422.0,25563.9
2026-01-16,25563.1,25751.5,25450.5,25543.8
2026-01-19,25540.4,25540.4,25102.1,25269.2
2026-01-20,25263.6,25307.1,24964.5,25010.5
2026-01-21,25010.7,25524.6,24898.1,25377.9
2026-01-22,25380.9,25613.0,25357.8,25502.6
2026-01-23,25504.1,25720.3,25417.3,25561.9
2026-01-26,25554.9,25812.8,25269.3,25743.1
2026-01-27,25743.8,26003.5,25726.4,25994.6
2026-01-28,25995.4,26236.4,25882.5,26153.8
2026-01-29,26154.3,26181.6,25429.9,25878.9
2026-01-30,25875.6,25911.6,25464.0,25536.5
2026-02-02,25534.8,25852.0,25085.0,25774.3
2026-02-03,25776.1,25933.7,25125.4,25328.0
2026-02-04,25328.0,25423.6,24694.0,25022.9
2026-02-05,25026.9,25082.3,24321.1,24343.2
2026-02-06,24338.2,25136.9,24158.0,25013.0
2026-02-09,25022.3,25349.4,24877.1,25283.0
2026-02-10,25282.0,25368.1,25119.4,25177.2
2026-02-11,25178.2,25386.3,24980.3,25201.3
2026-02-12,25201.3,25345.4,24654.7,24754.5
2026-02-13,24754.8,24931.7,24514.7,24712.9
2026-02-16,24704.3,24860.9,24610.4,24680.7
2026-02-17,24682.8,24830.3,24390.6,24710.4
2026-02-18,24709.4,25070.2,24645.8,24877.3
2026-02-19,24876.0,24991.8,24685.6,24773.9
2026-02-20,24773.2,25077.7,24618.6,25017.3
2026-02-23,25016.2,25016.2,24625.8,24744.7
2026-02-24,24745.9,25036.1,24658.6,24975.7
2026-02-25,24975.2,25452.7,24953.4,25419.2
2026-02-26,25419.7,25419.7,24832.6,24996.7
2026-02-27,24998.0,25068.5,24753.6,24915.2
2026-03-02,24922.8,25076.3,24454.4,24971.4
2026-03-03,24972.2,24986.9,24331.4,24687.7
2026-03-04,24690.7,25196.5,24481.1,25117.6
2026-03-05,25116.8,25223.5,24758.2,24994.3
2026-03-06,24992.3,25122.2,24588.5,24661.1
2026-03-09,24644.2,25048.4,23992.0,24949.4
2026-03-10,24950.7,25209.5,24828.0,25001.8
2026-03-11,25000.8,25173.8,24869.2,24939.3
2026-03-12,24941.3,24942.5,24519.3,24569.1
2026-03-13,24569.1,24807.8,24342.8,24353.0
2026-03-16,24335.3,24824.6,24286.6,24664.3
2026-03-17,24664.5,24907.2,24524.3,24817.6
2026-03-18,24818.8,25005.0,24370.1,24414.6
2026-03-19,24409.9,24532.5,24133.1,24424.2
2026-03-20,24423.9,24468.3,23781.3,24015.5
2026-03-23,24025.4,24575.3,23587.8,24208.9
2026-03-24,24210.7,24364.8,23950.7,24212.8
2026-03-25,24221.3,24360.5,24101.4,24185.6
2026-03-26,24184.1,24238.8,23588.5,23647.6
2026-03-27,23641.8,23803.3,23060.7,23101.8
2026-03-30,23081.9,23403.7,22861.1,22942.7
2026-03-31,22942.4,23805.7,22801.4,23735.0
2026-04-01,23737.2,24182.2,23713.7,24021.2
2026-04-02,24022.2,24100.7,23502.9,24053.4
2026-04-03,24056.7,24096.1,23947.1,23967.8
2026-04-06,23929.0,24299.4,23830.2,24193.7
2026-04-07,24209.0,24303.2,23797.0,24246.4
2026-04-08,24381.0,25103.9,24211.7,24882.7
2026-04-09,24885.3,25113.6,24800.2,25088.3
2026-04-10,25076.4,25242.8,25040.5,25163.5
2026-04-13,24812.0,25440.6,24776.2,25437.7
2026-04-14,25427.7,25857.4,25418.6,25847.9
2026-04-15,25840.4,26233.1,25791.4,26215.4
2026-04-16,26213.8,26422.0,26136.3,26326.3
2026-04-17,26313.3,26743.4,26305.4,26702.2
2026-04-20,26442.1,26694.7,26401.6,26645.6
2026-04-21,26629.8,26771.8,26424.6,26595.7
2026-04-22,26605.2,27005.4,26604.2,26978.7
2026-04-23,26942.6,27028.0,26554.3,26821.3
2026-04-24,26897.9,27336.7,26885.4,27317.6
2026-04-27,27247.2,27422.3,27183.7,27304.7
2026-04-28,27309.2,27398.8,26900.6,27078.9
2026-04-29,27089.7,27295.4,26984.4,27038.7
2026-04-30,27108.7,27512.4,27053.6,27487.7
2026-05-01,27523.5,27806.5,27426.9,27677.4
2026-05-04,27763.2,27863.6,27511.7,27645.4
2026-05-05,27668.6,28148.2,27635.3,28109.8
2026-05-06,28159.7,28698.9,28149.7,28613.2
2026-05-07,28561.0,28844.9,28453.8,28549.0
2026-05-08,28456.4,29282.7,28452.1,29241.0
2026-05-11,29200.7,29392.2,29134.2,29311.2
2026-05-12,29317.4,29372.6,28663.8,29055.7
2026-05-13,29068.2,29483.3,28980.7,29451.9
2026-05-14,29459.0,29702.9,29366.8,29604.0
2026-05-15,29609.1,29653.6,29014.3,29099.3
2026-05-18,29073.3,29354.0,28752.0,29011.4
2026-05-19,29045.2,29125.0,28600.0,28831.7
2026-05-20,28866.2,29328.7,28737.3,29215.7
2026-05-21,29186.9,29485.3,29043.9,29384.4
2026-05-22,29387.4,29683.3,29372.9,29472.6
2026-05-25,29629.1,29940.6,29629.1,29893.4
2026-05-26,29916.0,30069.1,29691.5,29995.5
2026-05-27,30007.3,30331.6,29831.1,30077.8
2026-05-28,30068.6,30300.4,29720.5,30272.9
2026-05-29,30290.5,30492.6,30176.2,30340.3
2026-06-01,30383.4,30676.8,30268.6,30510.4
2026-06-02,30527.4,30749.1,30306.6,30729.7
2026-06-03,30728.8,30794.2,30465.9,30481.3
2026-06-04,30437.5,30595.5,30144.3,30402.4
2026-06-05,30393.7,30413.4,28771.4,28840.7
2026-06-08,28872.7,29738.4,28819.9,29430.7
2026-06-09,29433.2,29844.3,28228.2,29138.2
2026-06-10,29058.9,29253.3,28414.4,28472.4
2026-06-11,28470.4,29547.7,28272.7,29444.2
2026-06-12,29452.3,29774.4,29239.3,29683.7
2026-06-15,29935.8,30637.6,29935.8,30556.6
2026-06-16,30567.9,30702.1,30008.7,30034.6
2026-06-17,30067.7,30323.7,29664.7,29877.5
2026-06-18,29890.0,30524.1,29839.5,30466.5
2026-06-19,30497.9,30513.7,30133.4,30406.9
2026-06-22,30286.8,30719.0,30089.3,30416.6
2026-06-23,30408.8,30454.6,29340.0,29508.3
2026-06-24,29536.4,29920.1,29028.5,29854.6
2026-06-25,29863.9,30026.8,29063.1,29527.6
2026-06-26,29500.9,29659.9,28930.6,29062.4
2026-06-29,29082.2,29845.3,29052.2,29769.9
2026-06-30,29784.3,30376.5,29710.6,30275.6
2026-07-01,30286.5,30332.5,29788.8,29845.5
2026-07-02,29881.3,30105.5,29114.0,29338.5
2026-07-03,29357.5,29745.7,29312.0,29695.0
2026-07-06,29748.6,29887.0,29477.4,29741.6
2026-07-07,29752.0,29769.8,29006.4,29217.5
2026-07-08,29150.4,29357.9,28710.7,29205.4
2026-07-09,29218.7,29794.1,29199.0,29729.5
2026-07-10,29742.2,29879.5,29475.2,29867.0
2026-07-13,29746.5,29854.7,29203.1,29250.0
2026-07-14,29265.0,29743.7,29124.0,29618.2
2026-07-15,29622.7,29885.2,29219.7,29530.9
2026-07-16,29532.9,29623.4,28909.1,29011.2
2026-07-17,29030.2,29051.4,28243.3,28598.5
2026-07-20,28603.4,29034.1,28551.4,28619.2
2026-07-21,28638.5,29205.6,28546.5,29131.2
2026-07-22,29154.2,29189.4,28809.0,29016.3
2026-07-23,28970.6,29132.1,28289.3,28599.9
2026-07-24,28562.8,28595.3,28074.5,28171.5
2026-07-27,28388.8,28631.3,27806.3,28072.8
2026-07-28,28083.4,28093.9,27474.0,27825.7
2026-07-29,27839.9,28042.9,27074.4,27140.9
2026-07-30,27090.4,28269.9,27088.4,28195.9
2026-07-31,28192.7,28595.4,27950.5,28205.7
2026-08-03,28488.0,28845.7,28191.6,28808.7
2026-08-04,28807.5,29841.0,28718.9,29707.2
2026-08-05,29678.4,29961.8,29419.4,29477.1
2026-08-06,29454.6,29577.3,29132.6,29389.6
2026-08-07,29411.4,29762.6,29349.4,29716.3
2026-08-10,29790.1,29885.5,29621.5,29666.1
2026-08-11,29680.1,29792.8,29440.0,29550.4
2026-08-12,29560.3,29911.7,29534.8,29713.3
2026-08-13,29734.1,30180.0,29691.6,30122.1
2026-08-14,30123.2,30192.6,29939.1,30058.8
2026-08-17,30114.1,30262.6,29978.7,29999.3
2026-08-18,30006.6,30047.0,29445.8,29490.9
2026-08-19,29498.9,29690.8,29311.8,29492.7
2026-08-20,29503.7,29621.4,29137.8,29247.7
2026-08-21,29278.0,29471.3,29152.3,29306.3
2026-08-24,29341.9,29418.8,28886.8,29071.2
2026-08-25,29086.7,29357.9,28958.7,29224.4
2026-08-26,29247.6,29376.9,29041.1,29373.6
2026-08-27,29476.5,29653.9,29349.0,29580.8
2026-08-28,29582.0,29759.7,29388.2,29475.5
2026-08-31,29500.4,29508.4,29240.9,29488.4
2026-09-01,29484.5,29541.5,28973.8,29111.7
2026-09-02,29107.4,29186.3,28902.1,29117.2
2026-09-03,29145.9,29556.6,29050.1,29475.4
2026-09-04,29476.9,29669.2,29440.2,29501.1
2026-09-07,29527.4,29663.3,29514.4,29586.8
2026-09-08,29594.2,29746.7,29407.3,29507.4
2026-09-09,29510.4,29620.8,29319.9,29457.2
2026-09-10,29455.1,29507.5,29043.3,29134.2
2026-09-11,29143.2,29504.1,29040.9,29396.7
2026-09-14,29035.9,29318.1,28825.2,29203.7
2026-09-15,29196.9,29211.3,28925.8,28995.4
2026-09-16,28988.7,29263.2,28764.8,28977.8
2026-09-17,28989.5,29512.1,28963.8,29437.4
2026-09-18,29447.2,29718.6,29372.3,29684.3
2026-09-21,29667.9,30598.1,29638.7,30520.2
2026-09-22,30531.4,30805.6,30412.9,30734.4
2026-09-23,30747.0,30837.6,30385.9,30518.7
2026-09-24,30494.3,30534.8,30078.3,30441.2
2026-09-25,30479.6,30745.8,30433.1,30666.5
2026-09-28,30633.3,30680.8,30118.7,30319.3
2026-09-29,30331.2,30487.7,30135.4,30411.5
2026-09-30,30428.5,30668.7,30278.9,30490.4
2026-10-01,30476.1,30914.8,30295.6,30534.1
2026-10-02,30531.1,31047.3,30531.1,30817.1
