time,open,high,low,close
2010-01-11,115.11,115.12,114.24,114.78
2010-01-12,114.02,114.21,113.22,113.65
2010-01-13,114.0,114.94,113.37,114.68
2010-01-14,114.46,115.14,114.42,114.91
2010-01-15,114.82,114.83,113.2,113.73
2010-01-19,113.69,115.12,113.66,115.11
2010-01-20,114.08,114.21,112.98,113.91
2010-01-21,114.05,114.27,111.56,111.67
2010-01-22,111.22,111.62,109.09,109.18
2010-01-25,110.23,110.41,109.41,109.84
2010-01-26,109.22,110.47,109.04,109.35
2010-01-27,109.11,110.08,108.33,109.88
2010-01-28,110.19,110.23,107.91,108.67
2010-01-29,109.13,109.8,107.22,107.57
2010-02-01,108.29,109.07,108.08,109.03
2010-02-02,109.23,110.59,108.88,110.47
2010-02-03,109.87,110.42,109.51,109.87
2010-02-04,108.85,109.03,106.46,106.52
2010-02-05,106.63,106.88,104.58,106.78
2010-02-08,106.65,107.33,105.85,105.87
2010-02-09,107.1,108.15,106.27,107.24
2010-02-10,106.96,107.6,106.11,107.06
2010-02-11,106.83,108.25,106.25,108.09
2010-02-12,106.93,108.07,106.51,107.78
2010-02-16,108.78,109.85,108.42,109.73
2010-02-17,110.18,110.41,109.74,110.21
2010-02-18,110.13,111.14,110.04,110.97
2010-02-19,110.57,111.57,110.36,111.2
2010-02-22,111.49,111.58,110.83,111.07
2010-02-23,110.78,111.2,109.52,109.7
2010-02-24,110.23,111.0,109.86,110.86
2010-02-25,109.12,110.75,108.94,110.62
2010-02-26,110.7,111.12,110.11,110.92
2010-03-01,111.27,112.0,111.21,111.92
2010-03-02,112.33,112.74,112.0,112.15
2010-03-03,112.41,112.97,112.02,112.25
2010-03-04,112.45,112.8,112.03,112.69
2010-03-05,113.3,114.34,113.1,114.23
2010-03-08,114.3,114.52,114.07,114.25
2010-03-09,113.93,114.99,113.87,114.45
2010-03-10,114.49,115.28,114.41,115.01
2010-03-11,114.69,115.48,114.35,115.44
2010-03-12,115.78,115.83,115.14,115.45
2010-03-15,115.27,115.58,114.6,115.46
2010-03-16,115.77,116.52,115.49,116.47
2010-03-17,116.81,117.48,116.72,117.04
2010-03-18,117.03,117.27,116.57,117.05
2010-03-19,116.92,116.97,115.52,115.9
2010-03-22,115.31,116.8,115.24,116.57
2010-03-23,116.77,117.51,116.38,117.44
2010-03-24,117.03,117.32,116.6,116.84
2010-03-25,117.6,118.1,116.51,116.58
2010-03-26,116.96,117.42,116.12,116.7
2010-03-29,117.2,117.53,116.97,117.32
2010-03-30,117.48,117.83,116.91,117.34
2010-03-31,116.99,117.52,116.61,116.99
2010-04-01,117.79,118.25,117.1,117.8
2010-04-05,118.3,118.84,117.92,118.78
2010-04-06,118.37,119.25,118.29,118.99
2010-04-07,118.74,119.08,117.81,118.31
2010-04-08,117.85,118.97,117.6,118.76
2010-04-09,119.05,119.6,118.8,119.54
2010-04-12,119.71,120.05,119.55,119.77
2010-04-13,119.69,120.04,119.0,119.87
2010-04-14,120.28,121.19,120.08,121.18
2010-04-15,121.0,121.53,120.95,121.29
2010-04-16,120.9,121.08,118.75,119.41
2010-04-19,119.03,119.93,118.47,119.91
2010-04-20,120.55,120.98,120.17,120.79
2010-04-21,121.01,121.23,119.99,120.7
2010-04-22,119.71,121.17,119.13,121.05
2010-04-23,120.81,121.86,120.63,121.83
2010-04-26,121.82,122.12,121.23,121.32
2010-04-27,120.63,121.27,118.25,118.55
2010-04-28,119.13,119.68,118.27,119.25
2010-04-29,120.12,121.11,120.07,120.79
2010-04-30,120.77,121.01,118.83,118.85
2010-05-03,119.52,120.68,119.2,120.35
2010-05-04,118.83,118.87,116.92,117.53
2010-05-05,116.57,117.8,115.97,116.79
2010-05-06,116.41,117.0,105.0,113.1
2010-05-07,112.72,113.77,109.58,111.47
2010-05-10,115.73,116.65,114.91,116.14
2010-05-11,114.94,117.36,114.91,115.86
2010-05-12,116.42,117.62,116.09,117.42
2010-05-13,117.18,117.68,115.89,116.13
2010-05-14,115.14,115.33,112.87,113.84
2010-05-17,114.28,114.52,111.77,114.0
2010-05-18,114.91,115.22,112.03,112.4
2010-05-19,111.81,112.77,110.36,111.77
2010-05-20,109.28,109.89,107.58,107.67
2010-05-21,105.87,109.38,105.79,109.14
2010-05-24,108.62,109.39,107.61,107.71
2010-05-25,105.04,107.87,104.38,107.77
2010-05-26,108.52,109.47,106.85,107.15
2010-05-27,109.27,110.7,108.78,110.7
2010-05-28,110.59,110.68,108.85,109.46
2010-06-01,108.42,109.95,107.5,107.53
2010-06-02,108.11,110.26,107.61,110.25
2010-06-03,110.64,111.06,109.58,110.78
2010-06-04,108.69,109.33,106.47,106.77
2010-06-07,107.13,107.61,105.44,105.44
2010-06-08,105.61,106.83,104.65,106.66
2010-06-09,107.27,108.28,105.66,106.15
2010-06-10,107.9,109.28,107.69,109.19
2010-06-11,108.15,109.75,108.13,109.65
2010-06-14,110.55,111.12,109.4,109.43
2010-06-15,110.26,112.1,110.09,112.02
2010-06-16,111.39,112.42,111.2,111.94
2010-06-17,112.27,112.32,111.05,112.15
2010-06-18,111.72,112.13,111.37,111.76
2010-06-21,113.12,113.19,110.79,111.28
2010-06-22,111.46,111.9,109.41,109.51
2010-06-23,109.55,110.03,108.48,109.14
2010-06-24,108.67,108.83,107.14,107.24
2010-06-25,107.72,108.42,106.77,107.94
2010-06-28,108.06,108.32,107.14,107.53
2010-06-29,106.02,106.05,103.55,104.2
2010-06-30,104.0,104.88,102.88,103.17
2010-07-01,103.08,103.49,101.13,102.8
2010-07-02,103.06,103.42,101.62,102.4
2010-07-06,103.64,104.37,101.88,102.8
2010-07-07,103.05,106.24,103.04,106.09
2010-07-08,106.89,107.28,105.91,107.15
2010-07-09,107.19,107.96,106.93,107.94
2010-07-12,107.57,108.24,107.15,108.01
2010-07-13,109.09,110.09,108.93,109.7
2010-07-14,109.31,110.08,108.86,109.63
2010-07-15,109.6,110.06,108.17,109.79
2010-07-16,109.08,109.18,106.45,106.63
2010-07-19,107.11,107.63,106.22,107.28
2010-07-20,105.89,108.56,105.82,108.48
2010-07-21,109.01,109.07,106.63,106.98
2010-07-22,108.41,109.94,108.4,109.53
2010-07-23,109.22,110.57,108.93,110.44
2010-07-26,110.62,111.67,110.29,111.62
2010-07-27,112.18,112.29,111.11,111.52
2010-07-28,111.31,111.66,110.46,110.76
2010-07-29,111.66,111.82,109.41,110.29
2010-07-30,109.23,110.86,108.98,110.44
2010-08-02,112.03,112.94,111.54,112.73
2010-08-03,112.32,112.77,111.85,112.15
2010-08-04,112.43,113.11,112.16,113.02
2010-08-05,112.27,112.91,112.08,112.75
2010-08-06,111.77,112.57,110.92,112.36
2010-08-09,112.92,113.18,112.32,113.01
2010-08-10,112.01,112.98,111.37,112.32
2010-08-11,110.61,110.63,109.12,109.27
2010-08-12,107.73,109.02,107.65,108.72
2010-08-13,108.37,108.96,108.18,108.35
2010-08-16,107.51,108.61,107.18,108.27
2010-08-17,109.12,110.39,108.88,109.57
2010-08-18,109.44,110.38,108.91,109.91
2010-08-19,109.28,109.49,107.43,107.95
2010-08-20,107.5,107.71,106.75,107.62
2010-08-23,108.04,108.57,107.07,107.08
2010-08-24,105.97,106.39,104.97,105.53
2010-08-25,105.11,106.34,104.29,105.97
2010-08-26,106.31,106.58,104.88,105.17
2010-08-27,105.87,106.97,104.31,106.93
2010-08-30,106.54,106.91,105.35,105.38
2010-08-31,104.9,105.98,104.49,105.28
2010-09-01,106.76,108.61,106.66,108.47
2010-09-02,108.63,109.49,108.49,109.43
2010-09-03,110.59,110.99,109.95,110.9
2010-09-07,110.42,110.51,109.55,109.66
2010-09-08,109.86,110.85,109.86,110.34
2010-09-09,111.56,111.57,110.62,110.95
2010-09-10,111.18,111.61,110.87,111.42
2010-09-13,112.56,112.95,112.13,112.73
2010-09-14,112.54,113.29,112.08,112.74
2010-09-15,112.13,113.21,111.98,113.06
2010-09-16,112.73,113.12,112.35,113.03
2010-09-17,112.93,113.15,112.18,112.55
2010-09-20,112.83,114.46,112.62,114.22
2010-09-21,114.19,114.84,113.51,113.95
2010-09-22,113.82,114.44,113.1,113.41
2010-09-23,112.48,113.67,112.18,112.42
2010-09-24,113.71,114.9,113.65,114.79
2010-09-27,114.7,114.99,114.16,114.2
2010-09-28,114.28,115.04,113.18,114.84
2010-09-29,114.31,114.91,114.02,114.4
2010-09-30,115.14,115.79,113.59,114.18
2010-10-01,115.06,115.12,113.93,114.64
2010-10-04,114.41,114.85,113.18,113.7
2010-10-05,114.84,116.32,114.67,116.08
2010-10-06,116.03,116.33,115.56,115.97
2010-10-07,116.47,116.52,115.19,115.82
2010-10-08,115.96,116.86,115.61,116.58
2010-10-11,116.73,116.97,116.25,116.57
2010-10-12,116.25,117.35,115.65,117.08
2010-10-13,117.73,118.55,117.38,117.91
2010-10-14,117.77,118.01,116.72,117.41
2010-10-15,118.33,118.34,116.76,117.7
2010-10-18,117.74,118.67,117.52,118.5
2010-10-19,117.01,117.85,116.02,116.6
2010-10-20,116.9,118.44,116.9,117.93
2010-10-21,118.35,119.09,117.21,118.11
2010-10-22,118.23,118.53,118.0,118.33
2010-10-25,119.14,119.76,118.61,118.63
2010-10-26,118.04,118.84,117.87,118.62
2010-10-27,117.88,118.51,117.26,118.41
2010-10-28,119.0,119.11,117.83,118.54
2010-10-29,118.24,118.72,118.07,118.53
2010-11-01,119.13,119.75,117.85,118.54
2010-11-02,119.53,119.75,119.1,119.43
2010-11-03,119.64,120.02,118.45,119.88
2010-11-04,121.23,122.32,121.13,122.28
2010-11-05,122.28,122.92,122.18,122.78
2010-11-08,122.29,122.69,121.94,122.46
2010-11-09,122.75,122.95,121.12,121.53
2010-11-10,121.67,122.16,120.66,122.11
2010-11-11,121.07,121.82,120.68,121.62
2010-11-12,120.77,121.35,119.65,120.19
2010-11-15,120.71,121.05,119.98,120.07
2010-11-16,119.24,119.49,117.59,118.23
2010-11-17,118.18,118.71,117.86,118.21
2010-11-18,119.44,120.39,119.42,119.99
2010-11-19,119.82,120.31,119.25,120.3
2010-11-22,119.81,120.24,118.77,120.12
2010-11-23,118.83,119.02,117.99,118.41
2010-11-24,119.38,120.22,119.31,120.18
2010-11-26,119.17,119.81,119.03,119.39
2010-11-29,118.58,119.48,117.74,119.22
2010-11-30,117.97,119.17,117.81,118.6
2010-12-01,120.25,121.24,120.19,121.03
2010-12-02,121.24,122.67,121.17,122.59
2010-12-03,122.14,123.03,122.11,122.91
2010-12-06,122.62,123.04,122.5,122.76
2010-12-07,123.86,123.98,122.76,122.81
2010-12-08,123.04,123.38,122.41,123.3
2010-12-09,124.01,124.02,123.15,123.68
2010-12-10,124.14,124.6,123.73,124.56
2010-12-13,124.99,125.2,124.53,124.56
2010-12-14,124.79,125.23,124.29,124.62
2010-12-15,124.47,124.93,123.89,124.1
2010-12-16,124.27,124.91,123.75,124.8
2010-12-17,124.09,124.46,123.82,124.34
2010-12-20,124.66,124.91,123.98,124.61
2010-12-21,125.02,125.47,124.87,125.34
2010-12-22,125.54,125.82,125.41,125.81
2010-12-23,125.64,125.78,125.29,125.54
2010-12-27,125.15,125.77,125.04,125.69
2010-12-28,125.9,125.93,125.5,125.8
2010-12-29,125.96,126.2,125.9,125.94
2010-12-30,125.77,126.13,125.53,125.75
2010-12-31,125.57,125.87,125.33,125.71
2011-01-03,126.72,127.6,126.68,127.07
2011-01-04,127.32,127.34,126.19,126.93
2011-01-05,126.57,127.73,126.46,127.59
2011-01-06,127.65,127.83,127.01,127.43
2011-01-07,127.56,127.77,126.15,127.13
2011-01-10,126.58,127.16,126.16,127.01
2011-01-11,127.49,127.74,126.95,127.46
2011-01-12,128.23,128.72,127.99,128.59
2011-01-13,128.53,128.69,128.05,128.33
2011-01-14,128.19,129.33,128.1,129.31
2011-01-18,129.19,129.64,129.03,129.54
2011-01-19,129.38,129.5,127.91,128.13
2011-01-20,127.89,128.4,127.13,128.01
2011-01-21,128.82,129.17,128.23,128.37
2011-01-24,128.37,129.25,128.26,129.09
2011-01-25,128.7,129.24,128.11,129.15
2011-01-26,129.45,130.05,129.23,129.79
2011-01-27,129.65,130.21,129.47,129.98
2011-01-28,130.15,130.35,127.51,127.64
2011-01-31,128.16,128.78,127.75,128.67
2011-02-01,129.41,130.97,129.38,130.77
2011-02-02,130.46,130.84,130.33,130.43
2011-02-03,130.33,130.98,129.57,130.83
2011-02-04,130.77,131.2,130.23,131.14
2011-02-07,131.45,132.4,131.43,131.98
2011-02-08,132.0,132.64,131.73,132.57
2011-02-09,132.21,132.63,131.61,132.18
2011-02-10,131.64,132.47,131.3,132.2
2011-02-11,131.86,133.28,131.77,133.05
2011-02-14,133.07,133.54,132.88,133.43
2011-02-15,133.1,133.22,132.66,132.98
2011-02-16,133.5,134.01,133.19,133.9
2011-02-17,133.45,134.43,133.34,134.29
2011-02-18,134.25,134.69,134.06,134.53
2011-02-22,133.07,133.86,131.47,131.78
2011-02-23,131.68,132.07,130.21,131.09
2011-02-24,130.95,131.44,129.7,130.94
2011-02-25,131.5,132.41,131.45,132.35
2011-02-28,132.75,133.32,132.38,133.07
2011-03-01,133.61,133.64,130.94,131.01
2011-03-02,130.79,131.82,130.6,131.21
2011-03-03,132.45,133.62,132.44,133.43
2011-03-04,133.45,133.48,131.6,132.45
2011-03-07,132.87,133.16,130.74,131.39
2011-03-08,131.61,133.0,131.07,132.6
2011-03-09,132.34,132.8,131.6,132.41
2011-03-10,130.82,130.97,129.81,129.96
2011-03-11,129.72,131.31,129.63,130.89
2011-03-14,130.03,130.48,129.06,130.13
2011-03-15,126.78,129.33,126.5,128.71
2011-03-16,128.1,128.57,125.28,126.14
2011-03-17,128.05,128.39,127.1,127.84
2011-03-18,128.84,128.87,127.51,127.84
2011-03-21,129.27,130.01,129.2,129.74
2011-03-22,129.63,129.89,129.17,129.31
2011-03-23,128.98,130.0,128.32,129.71
2011-03-24,130.3,131.09,129.67,130.89
2011-03-25,131.21,131.87,130.94,131.34
2011-03-28,131.56,131.92,130.95,130.96
2011-03-29,130.92,131.9,130.44,131.87
2011-03-30,132.56,133.16,132.36,132.81
2011-03-31,132.65,132.96,132.45,132.59
2011-04-01,133.34,133.77,132.83,133.18
2011-04-04,133.48,133.67,132.88,133.22
2011-04-05,133.01,133.83,132.94,133.21
2011-04-06,133.83,134.0,133.12,133.65
2011-04-07,133.42,133.98,132.66,133.32
2011-04-08,133.96,133.99,132.31,132.84
2011-04-11,133.12,133.45,132.14,132.47
2011-04-12,131.69,131.98,130.99,131.5
2011-04-13,132.11,132.18,130.96,131.51
2011-04-14,130.8,131.76,130.27,131.58
2011-04-15,131.76,132.37,131.41,132.02
2011-04-18,130.48,130.81,129.51,130.58
2011-04-19,130.8,131.35,130.44,131.33
2011-04-20,132.88,133.39,132.79,133.09
2011-04-21,133.7,133.84,133.35,133.79
2011-04-25,133.68,133.86,133.2,133.56
2011-04-26,134.01,135.06,133.91,134.79
2011-04-27,134.99,135.87,134.5,135.63
2011-04-28,135.46,136.29,135.42,136.17
2011-04-29,136.12,136.57,135.98,136.43
2011-05-02,136.98,137.18,135.95,136.2
2011-05-03,135.94,136.19,135.05,135.72
2011-05-04,135.7,135.71,134.23,134.87
2011-05-05,134.16,134.95,133.02,133.62
2011-05-06,135.04,135.63,133.68,134.21
2011-05-09,134.23,135.11,133.98,134.81
2011-05-10,135.15,136.11,135.0,135.85
2011-05-11,135.59,135.64,133.82,134.49
2011-05-12,134.13,135.36,133.39,135.09
2011-05-13,135.23,135.34,133.56,134.02
2011-05-16,133.47,134.61,132.97,133.23
2011-05-17,132.65,133.35,132.12,133.12
2011-05-18,133.16,134.5,132.95,134.36
2011-05-19,134.87,135.03,133.94,134.67
2011-05-20,134.41,134.52,133.36,133.71
2011-05-23,131.88,132.46,131.59,132.13
2011-05-24,132.4,132.73,131.7,131.94
2011-05-25,131.48,132.94,131.45,132.43
2011-05-26,132.07,133.24,131.78,132.87
2011-05-27,133.36,133.87,133.19,133.5
2011-05-31,134.75,134.89,133.84,134.81
2011-06-01,134.57,134.6,131.76,131.96
2011-06-02,132.0,132.24,130.96,131.69
2011-06-03,130.12,131.42,130.08,130.48
2011-06-06,130.1,130.36,128.87,129.03
2011-06-07,129.57,130.07,128.91,128.92
2011-06-08,128.82,129.19,128.18,128.48
2011-06-09,128.69,129.93,128.46,129.41
2011-06-10,128.9,128.92,127.26,127.55
2011-06-13,127.84,128.24,127.05,127.69
2011-06-14,128.92,129.77,128.82,129.31
2011-06-15,128.08,128.65,126.68,127.07
2011-06-16,127.13,127.97,126.32,127.28
2011-06-17,127.83,127.94,126.62,127.08
2011-06-20,126.71,127.97,126.63,127.74
2011-06-21,128.28,129.7,128.19,129.45
2011-06-22,128.99,129.81,128.59,128.61
2011-06-23,127.06,128.37,126.19,128.33
2011-06-24,128.26,128.37,126.62,126.81
2011-06-27,126.91,128.43,126.64,127.97
2011-06-28,128.35,129.62,128.27,129.61
2011-06-29,130.17,130.93,129.71,130.7
2011-06-30,131.17,132.18,130.99,132.09
2011-07-01,131.99,134.1,131.78,133.93
2011-07-05,133.72,134.08,133.39,133.79
2011-07-06,133.55,134.14,133.11,133.89
2011-07-07,135.07,135.7,134.88,135.35
2011-07-08,133.93,134.44,133.39,134.4
2011-07-11,132.8,133.18,131.66,131.94
2011-07-12,131.8,132.78,131.36,131.46
2011-07-13,132.2,133.22,131.52,131.86
2011-07-14,132.18,132.78,130.68,130.96
2011-07-15,131.59,131.87,130.77,131.63
2011-07-18,131.16,131.28,129.63,130.55
2011-07-19,131.45,132.89,131.43,132.63
2011-07-20,133.12,133.13,132.42,132.65
2011-07-21,133.32,134.82,133.14,134.44
2011-07-22,134.52,134.72,133.76,134.54
2011-07-25,133.37,134.49,133.16,133.87
2011-07-26,133.69,133.96,133.03,133.25
2011-07-27,132.59,132.6,130.43,130.75
2011-07-28,130.68,131.77,130.01,130.18
2011-07-29,128.76,130.55,128.36,129.54
2011-08-01,130.84,130.96,127.53,128.8
2011-08-02,127.86,128.5,125.53,125.54
2011-08-03,125.55,126.29,123.53,126.29
2011-08-04,124.27,124.62,120.06,120.3
2011-08-05,121.69,122.07,116.86,120.31
2011-08-08,116.98,118.38,112.02,112.35
2011-08-09,114.2,117.25,110.27,117.2
2011-08-10,114.97,116.28,111.95,112.13
2011-08-11,113.85,118.92,112.85,117.57
2011-08-12,118.51,119.22,117.28,118.1
2011-08-15,119.36,120.74,119.0,120.69
2011-08-16,119.41,120.69,118.31,119.55
2011-08-17,120.19,121.2,118.72,119.58
2011-08-18,116.64,116.64,113.39,114.39
2011-08-19,113.15,115.88,112.54,112.55
2011-08-22,115.01,115.08,112.41,112.6
2011-08-23,113.29,116.52,112.58,116.45
2011-08-24,116.03,118.24,115.92,118.03
2011-08-25,118.93,119.4,115.87,116.21
2011-08-26,115.62,118.51,113.85,117.98
2011-08-29,119.65,121.42,119.61,121.42
2011-08-30,120.67,122.43,119.94,121.81
2011-08-31,122.39,123.51,121.3,121.99
2011-09-01,122.19,123.4,120.81,120.85
2011-09-02,118.7,119.08,117.43,117.86
2011-09-06,114.59,117.16,114.41,117.14
2011-09-07,118.72,120.34,118.36,120.25
2011-09-08,119.48,120.94,118.77,119.12
2011-09-09,117.86,118.1,115.28,116.01
2011-09-12,114.56,116.76,114.05,116.63
2011-09-13,116.86,118.18,116.18,117.85
2011-09-14,118.28,120.78,116.72,119.49
2011-09-15,120.55,121.46,119.57,121.34
2011-09-16,121.3,121.97,120.32,121.38
2011-09-19,119.37,120.93,118.72,120.33
2011-09-20,120.92,121.99,120.01,120.26
2011-09-21,120.2,120.6,116.71,116.74
2011-09-22,113.3,114.21,111.3,113.03
2011-09-23,112.18,114.16,112.02,113.51
2011-09-26,114.68,116.4,112.98,116.3
2011-09-27,118.61,119.56,116.84,117.48
2011-09-28,117.7,118.49,114.97,115.17
2011-09-29,117.08,117.63,113.93,115.86
2011-09-30,114.57,115.45,113.21,113.23
2011-10-03,112.58,113.95,110.02,110.05
2011-10-04,108.59,112.53,107.43,112.52
2011-10-05,112.36,114.72,111.58,114.5
2011-10-06,114.25,116.61,113.51,116.6
2011-10-07,116.88,117.25,115.06,115.56
2011-10-10,117.8,119.45,117.75,119.44
2011-10-11,118.88,120.04,118.75,119.52
2011-10-12,120.66,122.14,120.33,120.89
2011-10-13,119.95,120.87,119.12,120.5
2011-10-14,121.94,122.56,121.23,122.52
2011-10-17,121.97,122.06,119.93,119.96
2011-10-18,120.08,123.5,119.2,122.5
2011-10-19,122.34,123.08,120.71,121.05
2011-10-20,121.33,122.1,119.82,121.73
2011-10-21,122.96,124.12,122.72,123.93
2011-10-24,124.09,125.8,124.06,125.51
2011-10-25,124.78,124.83,122.78,122.85
2011-10-26,124.47,124.77,122.21,124.29
2011-10-27,127.76,129.42,126.61,128.46
2011-10-28,127.96,128.85,127.8,128.61
2011-10-31,127.14,127.26,125.56,125.57
2011-11-01,121.56,123.51,121.52,121.9
2011-11-02,123.92,124.4,122.79,123.95
2011-11-03,125.21,126.5,123.6,126.31
2011-11-04,125.23,125.7,124.01,125.28
2011-11-07,125.32,126.39,124.2,126.24
2011-11-08,126.89,128.02,125.71,127.88
2011-11-09,124.91,125.47,122.86,123.22
2011-11-10,124.8,124.94,123.02,124.25
2011-11-11,125.91,126.99,125.79,126.67
2011-11-14,126.18,126.36,124.92,125.44
2011-11-15,125.22,126.75,124.72,126.17
2011-11-16,124.93,126.34,123.95,124.0
2011-11-17,123.89,124.16,121.23,121.61
2011-11-18,122.53,122.75,121.47,121.96
2011-11-21,120.11,120.35,118.65,119.83
2011-11-22,119.47,120.1,118.52,119.19
2011-11-23,118.01,118.21,116.69,116.73
2011-11-25,116.42,117.71,116.39,116.44
2011-11-28,119.45,120.18,118.82,119.61
2011-11-29,119.89,120.86,119.61,120.04
2011-11-30,123.37,125.21,123.22,125.18
2011-12-01,124.83,125.64,124.43,124.88
2011-12-02,126.1,126.5,124.78,125.1
2011-12-05,126.59,127.18,125.44,126.13
2011-12-06,126.22,127.13,125.76,126.4
2011-12-07,125.83,127.26,124.97,126.64
2011-12-08,125.94,126.18,123.65,123.8
2011-12-09,124.47,126.37,124.4,126.17
2011-12-12,124.88,124.9,123.16,124.24
2011-12-13,124.96,125.57,122.45,123.08
2011-12-14,122.52,123.03,121.47,121.8
2011-12-15,123.05,123.2,121.99,122.11
2011-12-16,122.19,122.95,121.3,121.79
2011-12-19,122.05,122.33,120.03,120.37
2011-12-20,122.26,124.14,122.25,123.9
2011-12-21,123.98,124.36,122.75,124.14
2011-12-22,124.48,125.39,124.36,125.23
2011-12-23,125.71,126.39,125.41,126.37
2011-12-27,126.18,126.82,126.06,126.45
2011-12-28,126.48,126.5,124.73,124.76
2011-12-29,125.2,126.25,125.19,126.21
2011-12-30,126.07,126.33,125.68,125.71
2012-01-03,127.84,128.38,127.43,127.57
2012-01-04,127.26,127.81,126.71,127.67
2012-01-05,127.06,128.23,126.43,128.08
2012-01-06,128.08,128.16,127.29,127.7
2012-01-09,127.96,128.18,127.41,128.05
2012-01-10,129.31,129.65,128.95,129.16
2012-01-11,128.63,129.37,128.52,129.22
2012-01-12,129.57,129.7,128.54,129.53
2012-01-13,128.46,128.94,127.72,128.81
2012-01-17,130.0,130.32,129.06,129.35
2012-01-18,129.18,130.84,129.08,130.76
2012-01-19,131.16,131.57,130.8,131.46
2012-01-20,131.23,131.55,130.92,131.5
2012-01-23,131.54,132.25,130.98,131.64
2012-01-24,130.84,131.51,130.6,131.43
2012-01-25,131.18,132.87,130.75,132.68
2012-01-26,133.09,133.4,131.36,131.8
2012-01-27,131.36,132.06,131.16,131.77
2012-01-30,130.32,131.44,130.06,131.27
2012-01-31,132.01,132.18,130.68,131.33
2012-02-01,132.37,133.14,132.13,132.43
2012-02-02,132.69,133.02,132.21,132.67
2012-02-03,134.0,134.62,133.77,134.61
2012-02-06,133.91,134.5,133.83,134.48
2012-02-07,134.21,135.02,133.64,134.83
2012-02-08,134.88,135.22,134.31,135.11
2012-02-09,135.33,135.59,134.56,135.36
2012-02-10,134.11,134.47,133.84,134.26
2012-02-13,135.38,135.52,134.74,135.3
2012-02-14,134.98,135.27,134.25,135.14
2012-02-15,135.63,135.83,134.29,134.42
2012-02-16,134.56,136.17,134.33,136.05
2012-02-17,136.47,136.57,135.96,136.42
2012-02-21,136.79,137.05,136.05,136.42
2012-02-22,136.34,136.55,135.79,135.96
2012-02-23,135.93,136.73,135.5,136.6
2012-02-24,136.91,137.2,136.63,136.85
2012-02-27,136.13,137.53,135.8,137.25
2012-02-28,137.17,137.68,136.93,137.61
2012-02-29,137.81,138.19,136.72,136.98
2012-03-01,137.33,137.99,137.12,137.79
2012-03-02,137.62,137.82,137.0,137.33
2012-03-05,137.05,137.2,136.28,136.77
2012-03-06,135.33,135.43,134.36,134.75
2012-03-07,135.13,135.95,134.93,135.68
2012-03-08,136.61,137.32,136.24,137.03
2012-03-09,137.37,137.93,137.13,137.49
2012-03-12,137.53,137.76,137.09,137.56
2012-03-13,138.35,140.13,138.09,140.09
2012-03-14,140.16,140.45,139.48,139.88
2012-03-15,140.12,140.78,139.75,140.75
2012-03-16,140.34,140.48,140.0,140.23
2012-03-19,140.15,141.28,140.11,140.83
2012-03-20,140.06,140.61,139.64,140.43
2012-03-21,140.52,140.65,139.92,140.25
2012-03-22,139.21,139.55,138.74,139.2
2012-03-23,139.25,139.81,138.55,139.74
2012-03-26,140.65,141.54,140.64,141.52
2012-03-27,141.78,141.83,141.08,141.16
2012-03-28,141.13,141.32,139.64,140.42
2012-03-29,139.65,140.42,139.09,140.33
2012-03-30,140.91,141.05,140.05,140.8
2012-04-02,140.65,142.21,140.36,141.72
2012-04-03,141.69,141.88,140.43,141.3
2012-04-04,140.06,140.34,139.34,139.98
2012-04-05,139.42,140.2,139.26,139.86
2012-04-09,137.99,138.78,137.84,138.27
2012-04-10,137.97,138.34,135.76,135.98
2012-04-11,137.23,137.54,136.75,136.98
2012-04-12,137.18,138.9,137.03,138.8
2012-04-13,138.39,138.45,137.02,137.03
2012-04-16,137.81,138.04,136.58,137.12
2012-04-17,137.83,139.36,137.7,139.21
2012-04-18,138.55,139.08,138.38,138.62
2012-04-19,138.58,139.15,137.07,137.79
2012-04-20,138.37,138.83,137.9,137.92
2012-04-23,136.42,136.91,135.94,136.82
2012-04-24,136.93,137.66,136.8,137.27
2012-04-25,138.61,139.25,138.53,139.17
2012-04-26,138.89,140.32,138.81,140.03
2012-04-27,140.58,140.79,139.8,140.47
2012-04-30,140.16,140.21,139.49,139.83
2012-05-01,139.82,141.66,139.63,140.67
2012-05-02,139.91,140.46,139.46,140.28
2012-05-03,140.39,140.45,138.99,139.31
2012-05-04,138.48,138.66,136.92,137.15
2012-05-07,136.5,137.56,136.49,137.18
2012-05-08,136.31,136.77,134.92,136.61
2012-05-09,135.04,136.61,134.49,135.77
2012-05-10,136.65,136.87,135.71,135.93
2012-05-11,135.15,136.87,135.12,135.6
2012-05-14,134.24,135.03,133.91,134.09
2012-05-15,134.06,134.81,133.13,133.42
2012-05-16,133.93,134.56,132.81,132.91
2012-05-17,132.87,133.02,130.95,131.01
2012-05-18,131.27,131.6,129.55,129.78
2012-05-21,130.18,132.02,129.95,132.0
2012-05-22,132.2,133.23,131.34,131.97
2012-05-23,131.2,132.46,129.99,132.23
2012-05-24,132.61,132.84,131.42,132.41
2012-05-25,132.51,132.85,131.78,132.09
2012-05-29,133.14,133.93,132.75,133.58
2012-05-30,132.49,132.53,131.49,131.84
2012-05-31,131.8,132.45,130.34,131.59
2012-06-01,129.49,129.86,128.17,128.29
2012-06-04,128.38,128.74,127.14,128.35
2012-06-05,127.82,129.26,127.81,129.05
2012-06-06,130.13,131.94,129.93,131.89
2012-06-07,133.46,133.53,131.78,132.1
2012-06-08,131.65,133.13,131.29,133.0
2012-06-11,134.24,134.24,131.32,131.35
2012-06-12,131.82,132.99,131.16,132.96
2012-06-13,132.36,133.37,131.62,131.96
2012-06-14,132.26,134.0,131.98,133.43
2012-06-15,133.41,134.25,133.1,134.2
2012-06-18,133.5,134.73,133.28,134.41
2012-06-19,135.07,136.25,134.93,135.73
2012-06-20,135.8,136.1,134.46,135.36
2012-06-21,135.68,135.78,132.33,132.34
2012-06-22,133.21,133.71,132.62,133.57
2012-06-25,131.99,132.01,130.85,131.32
2012-06-26,131.65,132.38,130.93,132.08
2012-06-27,132.54,133.43,132.31,133.1
2012-06-28,132.31,132.99,131.28,132.87
2012-06-29,135.11,136.12,134.85,136.05
2012-07-02,136.42,136.65,135.52,136.53
2012-07-03,136.53,137.51,136.34,137.37
2012-07-05,136.79,137.4,136.29,136.82
2012-07-06,135.53,135.77,134.85,135.61
2012-07-09,135.32,135.57,134.7,135.36
2012-07-10,136.03,136.23,133.68,134.27
2012-07-11,134.18,134.6,133.38,134.29
2012-07-12,133.35,134.1,132.6,133.6
2012-07-13,134.03,135.89,133.97,135.73
2012-07-16,135.46,135.83,134.9,135.38
2012-07-17,136.03,136.64,134.55,136.4
2012-07-18,136.01,137.64,135.96,137.36
2012-07-19,137.59,138.18,137.21,137.75
2012-07-20,136.95,137.16,136.32,136.38
2012-07-23,134.31,135.46,133.84,135.17
2012-07-24,135.17,135.25,133.0,134.01
2012-07-25,134.19,134.56,133.25,133.79
2012-07-26,135.89,136.46,135.26,136.19
2012-07-27,136.87,139.07,136.65,138.62
2012-07-30,138.65,139.34,138.27,138.62
2012-07-31,138.4,138.87,138.09,138.16
2012-08-01,138.68,138.73,137.4,137.67
2012-08-02,136.62,137.57,135.58,136.67
2012-08-03,138.67,139.64,138.49,139.32
2012-08-06,139.7,140.17,139.58,139.62
2012-08-07,140.21,140.92,140.18,140.32
2012-08-08,139.84,140.65,139.82,140.35
2012-08-09,140.34,140.89,140.15,140.48
2012-08-10,140.11,140.89,139.81,140.85
2012-08-13,140.69,140.84,140.04,140.65
2012-08-14,141.28,141.38,140.37,140.66
2012-08-15,140.62,141.19,140.55,140.92
2012-08-16,141.15,142.16,140.8,141.9
2012-08-17,142.17,142.2,141.86,142.2
2012-08-20,142.0,142.22,141.59,142.16
2012-08-21,142.54,143.09,141.45,141.71
2012-08-22,141.53,142.05,141.07,141.84
2012-08-23,141.47,141.48,140.43,140.62
2012-08-24,140.4,141.83,140.22,141.51
2012-08-27,141.77,142.08,141.34,141.44
2012-08-28,141.15,141.84,140.97,141.38
2012-08-29,141.52,141.89,141.12,141.57
2012-08-30,140.72,140.94,140.19,140.45
2012-08-31,141.29,141.82,140.36,141.45
2012-09-04,141.1,141.46,140.13,141.04
2012-09-05,141.09,141.47,140.63,140.89
2012-09-06,141.93,143.74,141.92,143.72
2012-09-07,143.97,144.33,143.92,144.29
2012-09-10,144.19,144.45,143.47,143.47
2012-09-11,143.63,144.37,143.56,143.98
2012-09-12,144.39,144.55,143.9,144.27
2012-09-13,144.32,147.04,144.15,146.5
2012-09-14,147.04,148.11,146.76,147.0
2012-09-17,146.9,147.19,146.37,146.7
2012-09-18,146.49,146.81,146.25,146.51
2012-09-19,146.7,147.17,146.41,146.83
2012-09-20,145.97,146.79,145.63,146.59
2012-09-21,146.56,146.64,145.83,145.84
2012-09-24,145.14,145.98,145.04,145.65
2012-09-25,146.0,146.24,144.06,144.11
2012-09-26,144.06,144.07,142.95,143.26
2012-09-27,143.83,144.97,143.51,144.61
2012-09-28,144.05,144.56,143.46,144.05
2012-10-01,144.57,145.69,144.02,144.27
2012-10-02,144.88,145.15,143.83,144.53
2012-10-03,144.77,145.43,144.13,145.11
2012-10-04,145.57,146.34,145.44,146.09
2012-10-05,146.85,147.16,145.7,145.99
2012-10-08,145.47,145.89,145.31,145.67
2012-10-09,145.39,145.65,144.15,144.17
2012-10-10,144.12,144.32,143.09,143.24
2012-10-11,144.29,144.49,143.41,143.47
2012-10-12,143.44,143.95,142.58,143.02
2012-10-15,143.22,144.23,142.77,144.16
2012-10-16,144.78,145.64,144.66,145.62
2012-10-17,145.6,146.32,145.42,146.11
2012-10-18,145.77,146.52,145.33,145.82
2012-10-19,145.42,145.44,143.05,143.41
2012-10-22,143.25,143.67,142.28,143.41
2012-10-23,141.82,142.07,140.79,141.55
2012-10-24,141.98,142.1,140.8,140.98
2012-10-25,142.05,142.28,140.57,141.39
2012-10-26,141.35,141.84,140.39,141.21
2012-10-31,141.75,142.03,140.68,141.41
2012-11-01,141.62,143.01,141.52,142.84
2012-11-02,143.55,143.67,141.41,141.65
2012-11-05,141.18,142.17,140.93,141.86
2012-11-06,142.24,143.52,142.13,142.9
2012-11-07,141.43,141.44,139.06,139.88
2012-11-08,139.76,140.41,138.18,138.18
2012-11-09,137.58,139.44,137.55,138.19
2012-11-12,138.47,138.81,137.96,138.3
2012-11-13,137.41,139.25,137.36,137.8
2012-11-14,138.17,138.43,135.62,135.82
2012-11-15,135.91,136.49,135.16,135.9
2012-11-16,135.84,136.64,134.7,136.51
2012-11-19,137.9,139.03,137.88,139.0
2012-11-20,138.77,139.42,138.08,139.12
2012-11-21,139.21,139.57,139.03,139.47
2012-11-23,140.26,141.25,140.04,141.25
2012-11-26,140.66,141.04,140.19,141.03
2012-11-27,140.83,141.39,140.24,140.26
2012-11-28,139.73,141.54,139.0,141.53
2012-11-29,142.11,142.51,141.37,142.12
2012-11-30,142.08,142.42,141.66,142.33
2012-12-03,142.8,142.92,141.34,141.42
2012-12-04,141.36,141.87,140.87,141.28
2012-12-05,141.32,142.16,140.37,141.33
2012-12-06,141.31,142.02,141.16,141.94
2012-12-07,142.51,142.69,141.67,142.34
2012-12-10,142.25,142.81,142.17,142.47
2012-12-11,143.05,144.11,143.02,143.42
2012-12-12,143.93,144.55,143.31,143.43
2012-12-13,143.4,143.85,142.28,142.6
2012-12-14,142.27,142.58,141.88,141.95
2012-12-17,142.56,143.8,142.44,143.79
2012-12-18,143.88,145.5,143.73,145.39
2012-12-19,145.47,145.51,144.29,144.3
2012-12-20,144.41,145.06,143.98,145.04
2012-12-21,142.11,143.1,141.94,142.69
2012-12-24,142.43,142.56,142.19,142.34
2012-12-26,142.51,142.71,141.35,141.76
2012-12-27,141.74,142.08,139.92,141.67
2012-12-28,140.76,141.42,139.91,140.17
2012-12-31,139.58,142.48,139.54,142.17
2013-01-02,145.16,145.95,144.73,145.84
2013-01-03,145.91,146.37,145.34,145.49
2013-01-04,145.93,146.61,145.67,146.39
2013-01-07,145.81,146.11,145.43,145.92
2013-01-08,145.82,145.91,144.98,145.47
2013-01-09,145.93,146.32,145.64,145.92
2013-01-10,146.79,147.09,145.97,146.97
2013-01-11,147.02,147.15,146.61,146.98
2013-01-14,146.95,147.07,146.43,146.8
2013-01-15,146.34,147.21,146.2,147.12
2013-01-16,146.8,147.29,146.61,147.06
2013-01-17,147.69,148.42,147.41,148.12
2013-01-18,147.97,148.45,147.43,148.4
2013-01-22,148.38,149.09,147.98,149.06
2013-01-23,149.14,149.5,148.86,149.32
2013-01-24,149.14,150.14,149.01,149.4
2013-01-25,149.8,150.24,149.46,150.02
2013-01-28,150.2,150.27,149.51,150.03
2013-01-29,149.76,150.85,149.67,150.76
2013-01-30,150.67,150.94,149.93,150.02
2013-01-31,149.86,150.38,149.6,149.85
2013-02-01,150.64,151.42,150.39,151.2
2013-02-04,150.33,150.58,149.43,149.49
2013-02-05,150.35,151.48,150.29,151.01
2013-02-06,150.55,151.26,150.41,151.14
2013-02-07,151.18,151.35,149.86,150.89
2013-02-08,151.29,151.89,151.25,151.71
2013-02-11,151.72,151.9,151.39,151.76
2013-02-12,151.78,152.3,151.61,151.99
2013-02-13,152.26,152.61,151.72,152.14
2013-02-14,151.63,152.47,151.52,152.28
2013-02-15,152.44,152.59,151.55,151.98
2013-02-19,152.44,153.24,152.4,153.23
2013-02-20,153.13,153.19,151.31,151.38
2013-02-21,150.81,150.9,149.94,150.39
2013-02-22,151.22,151.73,150.76,151.73
2013-02-25,152.67,152.86,149.1,149.18
2013-02-26,149.78,150.2,148.73,150.05
2013-02-27,149.93,152.33,149.76,151.92
2013-02-28,151.94,152.87,151.75,151.9
2013-03-01,151.12,152.34,150.41,152.05
2013-03-04,151.67,152.81,151.52,152.81
2013-03-05,153.75,154.7,153.65,154.14
2013-03-06,154.84,154.92,154.16,154.48
2013-03-07,154.71,154.98,154.52,154.91
2013-03-08,155.56,155.65,154.66,155.41
2013-03-11,155.34,156.03,155.13,156.02
2013-03-12,155.87,156.1,155.21,155.57
2013-03-13,155.65,156.12,155.23,155.9
2013-03-14,156.29,156.8,156.22,156.64
2013-03-15,155.73,156.04,155.3,155.8
2013-03-18,154.25,155.64,154.21,154.9
2013-03-19,155.38,155.51,153.59,154.64
2013-03-20,155.6,155.96,155.26,155.62
2013-03-21,154.72,155.31,154.1,154.4
2013-03-22,154.85,155.57,154.73,155.32
2013-03-25,156.02,156.27,154.35,155.06
2013-03-26,155.71,156.21,155.42,156.13
2013-03-27,155.2,156.25,155.0,156.05
2013-03-28,156.2,156.85,155.75,156.76
2013-04-01,156.6,156.92,155.67,155.99
2013-04-02,156.57,157.21,156.37,156.78
2013-04-03,156.92,157.03,154.82,155.27
2013-04-04,155.36,156.17,155.09,155.89
2013-04-05,153.89,155.35,153.77,155.2
2013-04-08,155.27,156.16,154.75,156.13
2013-04-09,156.57,157.32,155.98,156.79
2013-04-10,157.19,158.87,157.19,158.66
2013-04-11,158.74,159.71,158.54,159.29
2013-04-12,158.79,159.04,157.92,158.74
2013-04-15,157.92,158.13,155.28,155.38
2013-04-16,156.31,157.49,155.91,157.47
2013-04-17,156.18,156.25,154.28,155.35
2013-04-18,155.37,155.41,153.55,154.14
2013-04-19,154.5,155.55,154.12,155.5
2013-04-22,155.75,156.54,154.75,156.16
2013-04-23,157.01,157.93,156.17,157.86
2013-04-24,157.76,158.3,157.54,157.76
2013-04-25,158.34,159.27,158.1,158.45
2013-04-26,158.32,158.6,157.73,158.31
2013-04-29,158.76,159.65,158.42,159.2
2013-04-30,159.27,159.72,158.61,159.68
2013-05-01,159.29,159.41,158.1,158.26
2013-05-02,158.66,159.89,158.55,159.73
2013-05-03,161.15,161.89,161.14,161.39
2013-05-06,161.47,162.01,161.42,161.74
2013-05-07,162.14,162.65,161.67,162.56
2013-05-08,162.49,163.36,162.33,163.34
2013-05-09,163.31,163.7,162.47,162.67
2013-05-10,163.0,163.47,162.51,163.43
2013-05-13,163.11,163.81,162.82,163.56
2013-05-14,163.8,165.35,163.73,165.19
2013-05-15,165.0,166.45,164.91,166.13
2013-05-16,165.84,166.36,165.09,165.33
2013-05-17,166.02,167.04,165.73,166.94
2013-05-20,166.81,167.58,166.61,166.89
2013-05-21,167.09,167.8,166.5,167.22
2013-05-22,167.45,169.08,165.17,165.74
2013-05-23,164.25,165.91,163.94,165.37
2013-05-24,164.41,165.33,163.98,165.2
2013-05-28,167.05,167.78,165.81,166.44
2013-05-29,165.23,165.8,164.34,165.32
2013-05-30,165.5,166.59,165.22,165.89
2013-05-31,165.21,166.31,163.67,163.81
2013-06-03,163.77,164.38,162.66,164.36
2013-06-04,164.42,165.1,162.73,163.59
2013-06-05,162.97,163.42,161.13,161.3
2013-06-06,161.14,162.59,160.25,162.59
2013-06-07,163.62,164.95,163.14,164.93
2013-06-10,165.26,165.4,164.37,164.67
2013-06-11,163.05,164.54,162.74,163.1
2013-06-12,164.24,164.39,161.6,161.83
2013-06-13,161.73,164.5,161.3,164.23
2013-06-14,163.97,164.67,162.91,163.23
2013-06-17,164.56,165.22,163.55,164.44
2013-06-18,164.65,165.99,164.62,165.67
2013-06-19,165.7,165.89,163.5,163.61
2013-06-20,161.85,162.1,158.98,159.56
2013-06-21,159.47,159.76,157.47,159.02
2013-06-24,157.33,158.43,155.73,157.17
2013-06-25,158.44,159.17,157.42,158.65
2013-06-26,159.92,160.5,159.25,160.25
2013-06-27,161.07,161.82,160.95,161.11
2013-06-28,160.62,161.4,159.86,160.71
2013-07-01,161.42,162.48,161.08,161.28
2013-07-02,161.15,162.3,160.5,161.27
2013-07-03,160.46,161.77,160.22,161.4
2013-07-05,162.45,162.96,161.3,162.94
2013-07-08,163.92,164.39,163.58,163.88
2013-07-09,164.96,165.33,164.27,165.19
2013-07-10,165.1,165.75,164.63,165.14
2013-07-11,167.04,167.61,166.53,167.57
2013-07-12,167.44,167.85,167.13,167.77
2013-07-15,168.01,168.39,167.68,168.18
2013-07-16,168.28,168.31,167.07,167.48
2013-07-17,168.11,168.48,167.73,168.04
2013-07-18,168.28,169.27,168.23,168.9
2013-07-19,168.57,169.15,168.31,169.12
2013-07-22,169.39,169.74,169.01,169.47
2013-07-23,169.76,169.82,169.05,169.2
2013-07-24,169.73,169.75,168.18,168.52
2013-07-25,168.07,169.08,167.94,168.92
2013-07-26,168.19,169.08,167.52,169.06
2013-07-29,168.73,169.06,168.11,168.44
2013-07-30,169.16,169.28,168.19,168.72
2013-07-31,168.99,169.85,168.49,168.6
2013-08-01,170.01,170.81,169.99,170.65
2013-08-02,170.3,170.93,170.05,170.84
2013-08-05,170.58,170.97,170.35,170.69
2013-08-06,170.42,170.52,169.35,169.69
2013-08-07,169.16,169.43,168.55,169.23
2013-08-08,170.11,170.18,168.93,169.91
2013-08-09,169.61,170.1,168.72,169.24
2013-08-12,168.4,169.32,168.38,169.14
2013-08-13,169.32,169.9,168.41,169.62
2013-08-14,169.58,169.8,168.7,168.78
2013-08-15,167.2,167.34,166.09,166.42
2013-08-16,166.1,166.63,165.5,165.98
2013-08-19,165.61,166.21,164.86,164.89
2013-08-20,165.02,166.2,164.86,165.68
2013-08-21,165.04,166.03,164.19,164.53
2013-08-22,164.96,166.3,164.95,166.04
2013-08-23,166.43,166.83,165.77,166.73
2013-08-26,166.84,167.3,165.89,166.13
2013-08-27,164.42,164.98,163.21,163.4
2013-08-28,163.37,164.49,163.05,163.94
2013-08-29,163.64,165.04,163.59,164.23
2013-08-30,164.34,164.38,163.17,163.6
2013-09-03,165.38,165.58,163.7,164.23
2013-09-04,164.34,166.03,164.14,165.71
2013-09-05,165.75,166.4,165.74,165.96
2013-09-06,166.46,166.98,164.48,165.94
2013-09-09,166.68,167.73,166.45,167.63
2013-09-10,168.57,168.88,168.26,168.82
2013-09-11,168.75,169.32,168.35,169.29
2013-09-12,169.44,169.56,168.72,168.82
2013-09-13,169.2,169.46,168.74,169.28
2013-09-16,171.22,171.23,170.04,170.32
2013-09-17,170.55,171.11,170.55,171.03
2013-09-18,171.05,173.52,170.58,173.04
2013-09-19,173.52,173.6,172.59,172.79
2013-09-20,172.16,172.23,170.58,170.75
2013-09-23,170.6,170.65,169.39,169.91
2013-09-24,169.82,170.53,169.21,169.37
2013-09-25,169.64,169.93,168.89,169.09
2013-09-26,169.5,170.17,169.05,169.58
2013-09-27,168.91,169.14,168.47,169.09
2013-09-30,167.27,168.54,167.2,167.89
2013-10-01,168.17,169.5,168.16,169.04
2013-10-02,168.4,169.21,167.83,169.16
2013-10-03,168.8,168.94,166.84,167.62
2013-10-04,167.76,169.06,167.53,168.85
2013-10-07,167.46,168.45,167.25,167.62
2013-10-08,167.49,167.62,165.47,165.65
2013-10-09,165.75,166.2,164.53,165.69
2013-10-10,167.3,169.26,167.3,169.08
2013-10-11,168.83,170.32,168.77,170.17
2013-10-14,169.16,171.08,169.08,170.91
2013-10-15,170.62,171.15,169.47,169.81
2013-10-16,170.67,172.16,170.64,172.11
2013-10-17,171.48,173.32,171.35,173.27
2013-10-18,173.93,174.51,173.51,174.35
2013-10-21,174.47,174.75,174.01,174.34
2013-10-22,174.89,175.93,174.66,175.41
2013-10-23,174.83,174.89,173.96,174.5
2013-10-24,174.94,175.37,174.51,175.26
2013-10-25,175.48,175.9,175.17,175.89
2013-10-28,175.95,176.47,175.7,176.18
2013-10-29,176.63,177.14,176.38,177.12
2013-10-30,177.4,177.51,175.66,176.3
2013-10-31,176.3,176.89,175.53,175.89
2013-11-01,176.08,176.61,175.22,176.25
2013-11-04,176.69,176.9,176.11,176.87
2013-11-05,176.18,176.75,175.57,176.34
2013-11-06,177.04,177.5,176.54,177.08
2013-11-07,177.44,177.64,174.76,174.9
2013-11-08,174.97,177.12,174.87,177.12
2013-11-11,177.05,177.53,176.91,177.31
2013-11-12,176.87,177.36,176.37,176.96
2013-11-13,176.24,178.38,176.21,178.34
2013-11-14,178.53,179.42,178.25,179.35
2013-11-15,179.54,180.04,179.31,180.01
2013-11-18,180.37,180.5,179.02,179.3
2013-11-19,179.38,179.87,178.72,179.02
2013-11-20,179.36,179.93,177.98,178.55
2013-11-21,178.9,180.07,178.86,179.97
2013-11-22,179.98,180.83,179.77,180.8
2013-11-25,181.05,181.17,180.37,180.56
2013-11-26,180.72,181.22,180.41,180.68
2013-11-27,180.86,181.24,180.65,181.19
2013-11-29,181.3,181.75,180.8,180.92
2013-12-02,181.17,181.43,180.25,180.27
2013-12-03,179.96,180.39,179.17,179.92
2013-12-04,179.15,180.48,178.35,179.83
2013-12-05,179.28,179.74,178.77,178.97
2013-12-06,180.69,181.11,180.15,180.91
2013-12-09,181.41,181.67,181.16,181.26
2013-12-10,180.92,181.36,180.64,180.81
2013-12-11,180.77,180.79,178.5,178.74
2013-12-12,178.56,178.86,177.76,178.13
2013-12-13,178.49,178.66,177.77,178.21
2013-12-16,179.03,179.81,178.94,179.24
2013-12-17,179.23,179.24,178.25,178.69
2013-12-18,178.8,181.7,177.32,181.69
2013-12-19,181.14,181.7,180.71,181.55
2013-12-20,180.73,181.99,180.69,181.53
2013-12-23,182.43,182.64,182.07,182.46
2013-12-24,182.54,183.02,182.53,182.93
2013-12-26,183.39,183.96,183.33,183.86
2013-12-27,184.14,184.18,183.66,183.82
2013-12-30,183.88,184.03,183.58,183.78
2013-12-31,184.11,184.68,183.93,184.35
2014-01-02,183.89,184.07,182.48,182.93
2014-01-03,183.15,183.6,182.63,182.86
2014-01-06,183.53,183.56,182.08,182.5
2014-01-07,183.1,183.79,182.95,183.52
2014-01-08,183.3,183.83,182.89,183.46
2014-01-09,184.04,184.12,182.79,183.65
2014-01-10,184.08,184.22,183.01,183.95
2014-01-13,183.73,184.18,181.34,181.61
2014-01-14,182.32,183.78,181.95,183.69
2014-01-15,184.06,184.94,184.01,184.61
2014-01-16,184.31,184.5,183.83,184.38
2014-01-17,184.22,184.45,183.32,183.64
2014-01-21,184.65,184.77,183.05,184.09
2014-01-22,184.46,184.57,183.91,184.41
2014-01-23,183.25,183.26,181.82,182.64
2014-01-24,181.53,181.58,179.03,179.1
2014-01-27,179.15,179.52,177.12,178.21
2014-01-28,178.17,179.3,178.12,179.17
2014-01-29,177.56,178.55,176.88,177.3
2014-01-30,178.76,179.81,178.26,179.32
2014-01-31,177.05,179.29,176.92,178.01
2014-02-03,178.06,178.37,173.83,174.0
2014-02-04,174.89,175.84,174.34,175.38
2014-02-05,174.76,175.56,173.71,175.11
2014-02-06,175.71,177.48,175.71,177.45
2014-02-07,178.29,179.87,177.73,179.73
2014-02-10,179.57,180.08,179.21,179.99
2014-02-11,180.14,182.44,180.14,181.95
2014-02-12,182.3,182.83,181.71,182.0
2014-02-13,180.87,183.2,180.86,183.05
2014-02-14,182.74,184.36,182.62,184.01
2014-02-18,184.23,184.49,183.65,184.22
2014-02-19,183.8,184.95,182.87,183.02
2014-02-20,183.33,184.52,182.6,184.33
2014-02-21,184.41,184.89,183.8,183.84
2014-02-24,184.24,186.15,184.2,185.22
2014-02-25,185.17,185.59,184.23,184.72
2014-02-26,185.13,185.6,184.33,184.88
2014-02-27,184.7,185.81,184.37,185.67
2014-02-28,185.76,187.15,185.05,186.24
2014-03-03,184.62,185.45,183.75,184.78
2014-03-04,186.87,188.01,186.75,187.7
2014-03-05,187.73,188.07,187.45,187.76
2014-03-06,188.29,188.61,187.89,188.09
2014-03-07,188.83,188.88,187.43,188.08
2014-03-10,187.96,188.23,187.08,188.14
2014-03-11,188.43,188.71,186.8,187.23
2014-03-12,186.41,187.35,185.89,187.16
2014-03-13,187.75,187.99,184.66,185.14
2014-03-14,185.04,185.8,184.44,184.67
2014-03-17,185.6,186.77,185.58,186.31
2014-03-18,186.63,187.91,186.51,187.76
2014-03-19,187.71,187.94,185.47,186.6
2014-03-20,186.27,187.89,185.92,187.73
2014-03-21,187.89,188.17,186.03,186.27
2014-03-24,186.84,187.07,184.62,185.5
2014-03-25,186.52,186.94,185.27,186.3
2014-03-26,187.01,187.34,185.06,185.11
2014-03-27,184.64,185.34,183.9,184.62
2014-03-28,185.25,186.42,185.0,185.46
2014-03-31,186.78,187.3,186.47,186.96
2014-04-01,187.63,188.36,187.45,188.3
2014-04-02,188.48,189.13,188.14,188.92
2014-04-03,189.16,189.22,188.05,188.78
2014-04-04,189.69,189.69,186.1,186.36
2014-04-07,185.84,186.26,183.96,184.37
2014-04-08,184.25,185.4,183.59,185.17
2014-04-09,185.61,187.14,185.06,187.13
2014-04-10,186.94,187.17,182.92,183.39
2014-04-11,182.06,183.42,181.31,181.65
2014-04-14,183.02,183.37,181.44,182.99
2014-04-15,183.18,184.33,181.51,184.17
2014-04-16,185.42,186.1,184.65,186.09
2014-04-17,185.96,186.91,185.56,186.44
2014-04-21,186.45,187.1,186.21,187.06
2014-04-22,187.26,188.4,187.13,187.94
2014-04-23,187.82,187.92,187.3,187.54
2014-04-24,188.25,188.38,186.93,187.79
2014-04-25,187.19,187.33,185.87,186.27
2014-04-28,187.14,187.69,184.96,186.92
2014-04-29,187.45,188.04,187.08,187.79
2014-04-30,187.37,188.5,187.18,188.23
2014-05-01,188.26,188.84,187.73,188.22
2014-05-02,188.49,189.14,187.78,188.11
2014-05-05,187.18,188.55,186.62,188.41
2014-05-06,187.9,188.13,186.75,186.77
2014-05-07,187.4,187.96,186.01,187.96
2014-05-08,187.76,189.05,187.08,187.6
2014-05-09,187.55,188.04,186.83,187.94
2014-05-12,188.87,189.88,188.75,189.84
2014-05-13,189.97,190.42,189.77,189.92
2014-05-14,189.84,189.88,188.79,189.09
2014-05-15,188.58,188.72,186.48,187.28
2014-05-16,187.4,188.13,186.72,188.04
2014-05-19,187.61,188.89,187.52,188.88
2014-05-20,188.63,188.67,187.07,187.54
2014-05-21,188.14,189.22,188.14,189.07
2014-05-22,189.07,189.98,188.86,189.64
2014-05-23,189.75,190.48,189.69,190.42
2014-05-27,191.03,191.58,190.95,191.48
2014-05-28,191.58,191.82,191.06,191.41
2014-05-29,191.77,192.38,191.33,192.34
2014-05-30,192.22,192.8,192.03,192.75
2014-06-02,192.87,192.99,191.97,192.86
2014-06-03,192.33,192.9,192.25,192.8
2014-06-04,192.46,193.3,192.27,193.22
2014-06-05,193.41,194.65,192.7,194.47
2014-06-06,194.9,195.43,194.78,195.32
2014-06-09,195.32,196.05,195.17,195.55
2014-06-10,195.34,195.61,194.92,195.49
2014-06-11,194.84,195.12,194.48,194.83
2014-06-12,194.73,194.8,193.11,193.56
2014-06-13,193.85,194.32,193.29,194.06
2014-06-16,193.88,194.7,193.66,194.32
2014-06-17,193.96,194.97,193.81,194.78
2014-06-18,194.91,196.37,194.35,196.29
2014-06-19,196.35,196.6,195.8,196.43
2014-06-20,195.93,196.1,195.69,195.96
2014-06-23,195.96,196.05,195.52,195.94
2014-06-24,195.6,196.5,194.48,194.71
2014-06-25,194.45,195.78,194.37,195.66
2014-06-26,195.47,195.54,194.13,195.35
2014-06-27,195.07,195.88,194.89,195.78
2014-06-30,195.66,196.17,195.53,195.68
2014-07-01,196.26,197.63,196.26,197.15
2014-07-02,197.02,197.48,196.97,197.16
2014-07-03,197.75,198.29,197.66,198.23
2014-07-07,197.81,197.98,197.22,197.47
2014-07-08,197.13,197.14,195.76,196.26
2014-07-09,196.67,197.3,196.31,197.1
2014-07-10,195.12,196.86,195.06,196.36
2014-07-11,196.29,196.75,195.78,196.59
2014-07-14,197.62,197.86,197.44,197.54
2014-07-15,197.8,198.1,196.36,197.28
2014-07-16,198.18,198.26,197.42,197.95
2014-07-17,197.37,198.1,195.43,195.73
2014-07-18,196.28,197.91,196.24,197.66
2014-07-21,197.05,197.5,196.43,197.28
2014-07-22,198.05,198.56,197.87,198.26
2014-07-23,198.51,198.85,198.1,198.63
2014-07-24,198.82,199.06,198.45,198.74
2014-07-25,198.14,198.26,197.33,197.64
2014-07-28,197.57,198.09,196.62,197.77
2014-07-29,198.11,198.45,196.94,197.02
2014-07-30,197.72,197.91,196.16,197.0
2014-07-31,195.45,195.78,193.08,193.17
2014-08-01,192.65,193.76,191.57,192.45
2014-08-04,192.86,194.3,192.05,193.94
2014-08-05,193.14,193.6,191.31,192.07
2014-08-06,191.2,192.89,191.15,192.1
2014-08-07,192.94,193.13,190.55,191.04
2014-08-08,191.45,193.37,190.95,193.35
2014-08-11,193.97,194.66,193.71,193.82
2014-08-12,193.57,194.15,192.94,193.58
2014-08-13,194.37,195.06,193.96,194.83
2014-08-14,195.19,195.73,194.98,195.73
2014-08-15,196.44,196.67,194.31,195.73
2014-08-18,196.78,197.48,196.69,197.34
2014-08-19,197.79,198.54,197.65,198.39
2014-08-20,198.18,199.19,198.08,198.96
2014-08-21,199.11,199.76,198.93,199.51
2014-08-22,199.43,199.69,198.74,199.16
2014-08-25,200.11,200.59,199.86,200.17
2014-08-26,200.32,200.82,200.28,200.3
2014-08-27,200.52,200.57,199.94,200.29
2014-08-28,199.64,200.27,199.39,200.07
2014-08-29,200.48,200.73,199.79,200.67
2014-09-02,200.92,201.0,199.86,200.57
2014-09-03,201.31,201.38,200.22,200.48
2014-09-04,200.89,201.58,199.66,200.13
2014-09-05,200.14,201.19,199.41,201.14
2014-09-08,200.89,201.21,200.0,200.56
2014-09-09,200.37,200.55,198.91,199.33
2014-09-10,199.41,200.2,198.77,200.07
2014-09-11,199.21,200.33,199.12,200.29
2014-09-12,200.04,200.1,198.56,199.1
2014-09-15,199.08,199.32,198.38,198.93
2014-09-16,198.54,200.84,198.5,200.53
2014-09-17,200.74,201.68,199.75,200.63
2014-09-18,201.27,201.85,201.1,201.75
2014-09-19,201.6,201.73,200.29,200.81
2014-09-22,200.36,200.36,198.73,199.1
2014-09-23,198.38,199.26,198.02,198.02
2014-09-24,198.11,199.69,197.52,199.57
2014-09-25,198.97,199.05,196.32,196.51
2014-09-26,196.68,198.39,196.42,198.05
2014-09-29,196.14,197.89,196.05,197.54
2014-09-30,197.77,198.3,196.61,197.11
2014-10-01,196.7,196.7,193.91,194.51
2014-10-02,194.26,195.06,192.35,194.58
2014-10-03,195.58,196.94,195.08,196.65
2014-10-06,197.28,197.6,195.58,196.35
2014-10-07,195.2,195.72,193.29,193.32
2014-10-08,193.42,196.92,192.36,196.73
2014-10-09,196.35,196.6,192.58,192.87
2014-10-10,192.45,193.65,190.56,190.58
2014-10-13,190.3,191.15,187.3,187.44
2014-10-14,188.31,189.82,187.04,187.62
2014-10-15,185.29,186.88,181.92,186.41
2014-10-16,182.98,187.58,182.96,186.18
2014-10-17,188.22,189.75,187.62,188.72
2014-10-20,188.27,190.45,188.13,190.33
2014-10-21,191.62,194.2,191.48,193.99
2014-10-22,194.34,194.91,192.62,192.68
2014-10-23,194.65,196.2,194.26,194.88
2014-10-24,195.19,196.47,194.51,196.45
2014-10-27,195.73,196.45,195.03,196.18
2014-10-28,196.86,198.34,196.73,198.32
2014-10-29,198.54,199.12,196.8,198.05
2014-10-30,197.68,199.95,197.4,199.45
2014-10-31,201.73,201.79,200.77,201.77
2014-11-03,201.89,202.45,201.31,201.73
2014-11-04,201.27,201.6,200.06,201.16
2014-11-05,202.43,202.44,201.45,202.36
2014-11-06,202.38,203.26,201.64,203.17
2014-11-07,203.17,203.6,202.61,203.16
2014-11-10,203.4,204.04,203.13,203.89
2014-11-11,204.02,204.31,203.65,204.04
2014-11-12,203.41,204.24,203.31,204.06
2014-11-13,204.25,204.83,203.21,204.02
2014-11-14,204.19,204.49,203.72,204.13
2014-11-17,203.84,204.58,203.65,204.36
2014-11-18,204.5,205.92,204.47,205.52
2014-11-19,205.17,205.55,204.3,205.16
2014-11-20,204.38,205.71,204.27,205.54
2014-11-21,207.64,207.67,205.98,206.53
2014-11-24,207.12,207.39,206.91,207.31
2014-11-25,207.51,207.79,206.78,207.16
2014-11-26,207.35,207.73,207.03,207.73
2014-11-28,207.49,207.87,206.91,206.99
2014-12-01,206.46,206.54,205.38,205.87
2014-12-02,205.96,207.34,205.85,207.03
2014-12-03,207.24,208.15,207.1,207.96
2014-12-04,207.5,208.27,206.7,207.54
2014-12-05,207.84,208.47,207.55,207.93
2014-12-08,207.51,208.12,205.93,206.58
2014-12-09,204.51,206.59,203.91,206.51
2014-12-10,205.75,205.98,202.91,203.11
2014-12-11,204.11,206.19,203.71,204.08
2014-12-12,202.53,203.82,200.97,201.03
2014-12-15,202.09,202.53,198.78,199.77
2014-12-16,198.45,202.4,197.94,197.96
2014-12-17,198.43,202.34,198.41,201.9
2014-12-18,204.76,206.69,203.92,206.6
2014-12-19,206.21,207.35,205.62,206.69
2014-12-22,207.01,207.44,206.46,207.29
2014-12-23,208.09,208.23,207.51,207.87
2014-12-24,208.0,208.35,207.72,207.85
2014-12-26,208.28,208.85,208.26,208.42
2014-12-29,208.36,208.97,208.14,208.7
2014-12-30,208.18,208.37,207.51,207.68
2014-12-31,207.98,208.19,205.39,205.71
2015-01-02,206.39,206.88,204.18,205.57
2015-01-05,204.27,204.34,201.35,201.82
2015-01-06,202.07,202.72,198.83,199.97
2015-01-07,201.51,202.72,200.88,202.27
2015-01-08,204.03,206.16,204.02,205.85
2015-01-09,206.06,206.1,203.51,204.24
2015-01-12,204.55,204.6,201.92,202.58
2015-01-13,204.2,205.48,200.51,201.93
2015-01-14,199.65,201.1,198.57,200.74
2015-01-15,201.48,202.01,198.88,199.11
2015-01-16,198.84,201.81,198.55,201.77
2015-01-20,202.3,202.72,200.17,201.95
2015-01-21,201.43,203.66,200.94,203.08
2015-01-22,204.23,206.27,202.33,206.05
2015-01-23,205.59,206.1,204.81,204.92
2015-01-26,204.61,205.56,203.85,205.47
2015-01-27,202.82,204.12,201.74,202.74
2015-01-28,204.09,204.24,199.91,200.07
2015-01-29,200.28,202.3,198.68,201.81
2015-01-30,200.6,202.17,199.15,199.17
2015-02-02,200.13,202.03,197.86,201.76
2015-02-03,203.12,204.81,202.55,204.79
2015-02-04,203.9,205.38,203.51,203.75
2015-02-05,204.93,206.3,204.77,206.18
2015-02-06,206.51,207.24,204.92,205.33
2015-02-09,204.89,205.64,204.14,204.65
2015-02-10,205.78,207.12,204.82,206.82
2015-02-11,206.57,207.45,205.83,206.82
2015-02-12,207.87,208.99,207.68,208.87
2015-02-13,209.03,209.84,208.76,209.82
2015-02-17,209.44,210.32,209.1,209.98
2015-02-18,209.59,210.22,209.34,210.11
2015-02-19,209.52,210.42,209.24,209.87
2015-02-20,209.58,211.33,208.73,211.15
2015-02-23,210.87,211.26,210.48,211.08
2015-02-24,211.22,212.05,210.76,211.86
2015-02-25,211.69,212.24,211.22,211.67
2015-02-26,211.51,211.71,210.65,211.4
2015-02-27,211.22,211.58,210.64,210.81
2015-03-02,210.88,212.06,210.72,211.98
2015-03-03,211.38,211.59,210.08,211.11
2015-03-04,210.36,210.49,209.06,210.19
2015-03-05,210.48,210.8,209.85,210.56
2015-03-06,209.39,209.94,207.1,207.32
2015-03-09,207.84,208.8,207.58,208.4
2015-03-10,206.58,206.81,205.05,205.09
2015-03-11,205.19,205.5,204.4,204.67
2015-03-12,205.42,207.18,205.41,207.15
2015-03-13,206.68,206.93,204.58,205.92
2015-03-16,206.93,208.69,206.68,208.69
2015-03-17,207.57,208.42,206.98,207.94
2015-03-18,207.29,211.27,206.62,210.4
2015-03-19,210.01,210.29,209.03,209.5
2015-03-20,209.65,211.02,209.62,210.55
2015-03-23,210.39,211.11,210.18,210.21
2015-03-24,209.95,210.4,208.78,208.84
2015-03-25,209.31,209.35,205.71,205.83
2015-03-26,204.69,206.37,204.12,205.29
2015-03-27,205.35,205.95,204.9,205.82
2015-03-30,207.12,208.61,207.11,208.39
2015-03-31,207.07,208.1,206.36,206.87
2015-04-01,206.11,206.31,204.51,205.54
2015-04-02,205.65,206.98,205.4,206.64
2015-04-06,205.28,208.45,205.21,207.86
2015-04-07,207.94,208.76,207.32,207.44
2015-04-08,207.69,208.51,207.08,207.92
2015-04-09,207.92,209.18,207.19,208.95
2015-04-10,209.19,210.09,208.96,209.99
2015-04-13,209.94,210.63,209.03,209.15
2015-04-14,209.15,209.71,208.1,209.28
2015-04-15,210.07,211.04,210.06,210.45
2015-04-16,210.1,210.98,209.79,210.34
2015-04-17,208.87,209.23,207.01,207.9
2015-04-20,209.16,210.25,209.12,209.89
2015-04-21,210.7,210.86,209.24,209.62
2015-04-22,210.02,210.85,208.9,210.66
2015-04-23,210.06,211.94,210.01,211.2
2015-04-24,211.64,211.97,211.11,211.62
2015-04-27,212.33,212.48,210.54,210.76
2015-04-28,210.77,211.5,209.33,211.32
2015-04-29,210.55,211.29,209.6,210.59
2015-04-30,209.8,210.35,207.62,208.41
2015-05-01,209.67,210.72,209.28,210.68
2015-05-04,211.13,212.02,211.1,211.36
2015-05-05,210.98,211.46,208.73,208.92
2015-05-06,209.75,209.93,206.76,207.93
2015-05-07,208.01,209.38,207.52,209.0
2015-05-08,211.01,211.86,210.88,211.71
2015-05-11,211.29,211.89,210.52,210.71
2015-05-12,209.42,210.63,208.62,210.09
2015-05-13,210.37,211.22,209.74,210.02
2015-05-14,211.36,212.31,210.91,212.31
2015-05-15,212.51,212.61,211.86,212.4
2015-05-18,212.29,213.4,212.16,213.11
2015-05-19,213.17,213.57,212.69,213.04
2015-05-20,213.12,213.78,212.5,213.02
2015-05-21,212.63,213.75,212.51,213.36
2015-05-22,213.04,213.54,212.91,213.0
2015-05-26,212.22,212.5,210.2,210.75
2015-05-27,211.25,212.98,210.85,212.86
2015-05-28,212.33,212.59,211.63,212.54
2015-05-29,212.39,212.43,210.82,211.37
2015-06-01,212.04,212.34,210.62,211.51
2015-06-02,210.99,212.19,210.27,211.4
2015-06-03,212.04,212.67,211.33,211.81
2015-06-04,211.08,211.78,209.75,209.99
2015-06-05,209.96,210.58,208.98,209.81
2015-06-08,209.62,209.82,208.42,208.52
2015-06-09,208.48,209.1,207.69,208.63
2015-06-10,209.52,211.41,209.31,211.12
2015-06-11,211.51,212.09,211.2,211.36
2015-06-12,210.73,210.84,209.68,210.12
2015-06-15,208.28,209.45,207.79,209.03
2015-06-16,208.96,210.35,208.72,210.14
2015-06-17,210.75,211.32,209.36,210.73
2015-06-18,211.68,213.34,211.44,212.7
2015-06-19,211.46,211.55,210.57,210.79
2015-06-22,211.89,212.59,211.64,211.8
2015-06-23,212.19,212.44,211.57,212.02
2015-06-24,211.61,212.17,210.53,210.55
2015-06-25,211.14,211.25,209.77,209.97
2015-06-26,210.21,210.58,209.16,209.89
2015-06-29,208.08,208.82,205.36,205.39
2015-06-30,207.0,207.16,205.28,206.32
2015-07-01,207.66,208.03,206.56,207.51
2015-07-02,208.17,208.27,206.81,207.53
2015-07-06,205.95,207.65,205.53,206.58
2015-07-07,206.71,208.17,204.11,207.9
2015-07-08,206.34,206.76,204.25,204.62
2015-07-09,207.0,207.35,204.89,205.23
2015-07-10,207.36,207.98,206.49,207.68
2015-07-13,208.95,209.9,208.94,209.86
2015-07-14,209.74,211.05,209.71,210.78
2015-07-15,210.61,211.28,210.04,210.47
2015-07-16,211.82,212.28,211.58,212.24
2015-07-17,212.25,212.55,211.8,212.42
2015-07-20,212.61,213.18,212.21,212.63
2015-07-21,212.46,212.74,211.39,211.81
2015-07-22,211.2,211.77,210.89,211.21
2015-07-23,211.43,211.63,209.75,210.03
2015-07-24,210.25,210.25,207.6,207.93
2015-07-27,206.98,207.55,206.26,206.64
2015-07-28,207.76,209.5,206.8,209.19
2015-07-29,209.38,211.04,209.31,210.84
2015-07-30,210.3,211.02,209.42,210.85
2015-07-31,211.18,211.38,210.16,210.4
2015-08-03,210.46,210.53,208.65,209.57
2015-08-04,209.77,210.25,208.8,209.36
2015-08-05,210.51,211.31,209.73,210.12
2015-08-06,210.36,210.42,207.65,208.53
2015-08-07,208.06,208.34,206.87,207.82
2015-08-10,209.5,210.67,209.45,210.44
2015-08-11,208.98,209.47,207.76,208.69
2015-08-12,207.06,209.14,205.36,208.8
2015-08-13,208.65,209.55,208.01,208.66
2015-08-14,208.56,209.51,208.26,209.43
2015-08-17,208.65,210.56,208.16,210.55
2015-08-18,210.18,210.68,209.7,210.06
2015-08-19,208.91,210.01,207.35,208.65
2015-08-20,206.49,207.17,203.91,204.15
2015-08-21,201.83,202.92,197.65,197.74
2015-08-24,186.0,195.84,182.95,190.17
2015-08-25,195.21,195.25,187.54,187.62
2015-08-26,191.76,194.79,188.37,194.23
2015-08-27,197.09,199.41,195.21,199.03
2015-08-28,198.63,199.84,197.92,199.1
2015-08-31,198.24,199.13,197.01,197.88
2015-09-01,193.18,194.77,190.73,192.19
2015-09-02,194.38,195.14,192.42,195.1
2015-09-03,196.22,198.05,194.96,195.93
2015-09-04,193.01,193.86,191.61,192.85
2015-09-08,195.94,197.61,195.17,197.47
2015-09-09,199.17,199.47,194.35,194.67
2015-09-10,194.47,197.22,194.25,195.64
2015-09-11,195.08,196.58,194.53,196.49
2015-09-14,196.72,196.79,195.43,195.94
2015-09-15,196.63,198.99,196.09,198.55
2015-09-16,198.69,200.41,198.41,200.28
2015-09-17,200.0,202.89,199.28,199.57
2015-09-18,196.27,197.56,194.96,195.27
2015-09-21,196.54,197.68,195.21,196.27
2015-09-22,193.86,194.46,192.56,194.16
2015-09-23,194.15,194.67,192.91,193.78
2015-09-24,192.19,193.45,190.56,193.16
2015-09-25,194.73,195.0,191.81,192.97
2015-09-28,191.59,191.63,187.64,188.03
2015-09-29,188.53,189.74,186.93,188.44
2015-09-30,190.31,191.83,189.44,191.78
2015-10-01,192.3,192.49,189.82,192.13
2015-10-02,189.77,194.74,189.12,194.74
2015-10-05,196.49,198.74,196.34,198.49
2015-10-06,198.15,198.98,197.0,197.81
2015-10-07,198.96,199.83,197.48,199.35
2015-10-08,198.94,201.55,198.59,201.2
2015-10-09,201.43,201.9,200.58,201.47
2015-10-12,201.36,201.76,200.91,201.44
2015-10-13,200.6,202.16,200.05,200.23
2015-10-14,200.28,200.87,198.94,199.14
2015-10-15,200.11,202.34,199.64,202.27
2015-10-16,202.9,203.29,201.92,203.17
2015-10-19,202.48,203.37,202.13,203.3
2015-10-20,203.0,203.84,202.55,203.03
2015-10-21,203.58,203.79,201.65,201.87
2015-10-22,203.35,205.51,202.81,205.17
2015-10-23,207.11,207.95,206.3,207.57
2015-10-26,207.26,207.37,206.56,207.13
2015-10-27,206.22,207.0,205.79,206.47
2015-10-28,207.14,208.96,206.21,208.86
2015-10-29,208.42,209.27,208.21,208.89
2015-10-30,209.15,209.44,208.16,208.24
2015-11-02,208.25,210.62,208.19,210.37
2015-11-03,209.91,211.66,209.7,210.89
2015-11-04,211.41,211.5,209.72,210.17
2015-11-05,210.47,210.98,209.09,210.17
2015-11-06,209.83,210.32,208.46,209.83
2015-11-09,209.21,209.49,206.95,208.08
2015-11-10,207.67,208.6,207.19,208.2
2015-11-11,208.85,208.94,207.68,207.77
2015-11-12,206.55,207.06,204.82,204.87
2015-11-13,204.34,204.67,202.44,202.49
2015-11-16,202.3,205.64,202.18,205.54
2015-11-17,205.79,207.04,204.88,205.39
2015-11-18,206.05,208.9,205.99,208.85
2015-11-19,208.68,209.05,208.2,208.52
2015-11-20,209.37,210.12,208.86,209.19
2015-11-23,209.32,209.98,208.52,209.04
2015-11-24,207.96,209.83,207.41,209.4
2015-11-25,209.38,209.74,209.01,209.39
2015-11-27,209.4,209.8,208.86,209.49
2015-11-30,209.83,209.89,208.56,208.76
2015-12-01,209.4,210.82,209.11,210.81
2015-12-02,210.57,211.0,208.23,208.4
2015-12-03,209.04,209.08,204.75,205.57
2015-12-04,206.15,209.97,205.93,209.61
2015-12-07,209.1,209.25,207.2,208.21
2015-12-08,206.38,208.04,205.78,207.08
2015-12-09,206.32,208.68,204.18,205.37
2015-12-10,205.54,207.43,205.14,205.94
2015-12-11,203.33,204.14,201.51,201.83
2015-12-14,202.1,203.05,199.95,202.97
2015-12-15,204.74,206.11,204.58,205.0
2015-12-16,206.66,208.39,204.8,208.05
2015-12-17,208.28,208.37,205.12,205.17
2015-12-18,202.57,202.84,200.14,200.18
2015-12-21,201.54,201.88,200.09,201.6
2015-12-22,202.64,203.85,201.55,203.41
2015-12-23,204.63,206.07,204.58,206.04
2015-12-24,205.86,206.33,205.35,205.48
2015-12-28,204.83,205.26,203.94,205.08
2015-12-29,206.58,207.79,206.58,207.5
2015-12-30,207.17,207.17,205.76,205.95
2015-12-31,204.89,205.89,204.15,204.21
2016-01-04,200.39,200.89,198.59,200.7
2016-01-05,201.28,201.9,200.05,201.3
2016-01-06,198.55,200.06,197.6,198.68
2016-01-07,195.24,197.44,193.59,194.27
2016-01-08,195.21,195.85,191.58,191.75
2016-01-11,193.2,193.41,189.82,192.41
2016-01-12,193.65,194.55,191.14,193.83
2016-01-13,194.39,194.86,188.38,189.08
2016-01-14,189.67,193.26,187.66,191.96
2016-01-15,186.79,188.76,185.52,187.54
2016-01-19,189.96,190.11,186.2,188.12
2016-01-20,185.13,187.5,181.02,186.04
2016-01-21,185.78,188.87,184.64,187.01
2016-01-22,189.63,190.76,188.88,190.5
2016-01-25,189.89,190.15,187.41,187.5
2016-01-26,188.47,190.53,188.02,190.15
2016-01-27,189.53,191.56,187.06,188.04
2016-01-28,189.91,190.2,187.16,189.25
2016-01-29,190.01,193.71,189.89,193.31
2016-02-01,192.41,194.58,191.84,193.84
2016-02-02,191.79,191.89,189.54,190.26
2016-02-03,191.38,191.78,187.1,190.89
2016-02-04,190.79,192.75,189.96,191.49
2016-02-05,190.88,191.03,187.2,187.69
2016-02-08,185.55,186.12,182.8,185.14
2016-02-09,183.36,186.94,183.33,185.32
2016-02-10,186.5,188.34,185.12,185.27
2016-02-11,182.43,184.1,181.09,183.23
2016-02-12,184.84,186.65,183.96,186.57
2016-02-16,188.93,189.78,187.63,189.68
2016-02-17,191.26,193.32,191.01,192.92
2016-02-18,193.11,193.14,191.72,191.95
2016-02-19,191.35,192.18,190.45,191.9
2016-02-22,193.98,194.95,193.79,194.76
2016-02-23,193.97,194.32,192.18,192.35
2016-02-24,190.54,193.53,189.32,193.28
2016-02-25,193.86,195.46,192.83,195.44
2016-02-26,196.61,196.68,194.9,195.24
2016-02-29,194.98,196.23,193.71,193.73
2016-03-01,195.22,198.16,194.45,197.96
2016-03-02,197.71,199.02,197.25,199.0
2016-03-03,198.66,199.8,198.11,199.77
2016-03-04,200.1,201.35,199.03,200.38
2016-03-07,199.35,201.07,199.3,200.36
2016-03-08,199.24,199.92,198.21,198.36
2016-03-09,199.42,199.79,198.43,199.18
2016-03-10,199.75,201.07,197.38,199.28
2016-03-11,201.39,202.79,201.12,202.79
2016-03-14,202.18,203.04,201.77,202.81
2016-03-15,201.35,202.19,201.05,202.08
2016-03-16,201.79,203.82,201.55,203.25
2016-03-17,203.22,205.23,202.77,204.79
2016-03-18,204.24,204.78,203.8,204.42
2016-03-21,204.11,204.94,203.8,204.71
2016-03-22,203.76,205.23,203.57,204.55
2016-03-23,203.94,204.33,203.01,203.29
2016-03-24,201.94,203.1,201.74,203.09
2016-03-28,203.65,203.86,202.71,203.1
2016-03-29,202.72,205.21,202.4,205.15
2016-03-30,206.22,206.87,205.59,206.02
2016-03-31,205.9,206.41,205.33,205.63
2016-04-01,204.33,207.14,203.98,206.97
2016-04-04,206.77,207.07,205.89,206.13
2016-04-05,204.8,205.26,203.89,203.93
2016-04-06,204.43,206.49,203.98,206.49
2016-04-07,205.1,205.56,203.09,203.86
2016-04-08,205.33,205.85,203.87,204.37
2016-04-11,205.46,206.07,203.91,204.0
2016-04-12,204.38,206.25,203.7,205.93
2016-04-13,207.05,208.1,206.84,208.05
2016-04-14,208.06,208.6,207.6,208.0
2016-04-15,208.01,208.11,207.4,207.81
2016-04-18,207.03,209.27,207.0,209.18
2016-04-19,209.67,210.2,208.94,209.75
2016-04-20,210.0,210.92,209.39,210.07
2016-04-21,210.13,210.25,208.65,208.97
2016-04-22,208.62,209.29,207.91,208.96
2016-04-25,208.3,208.57,207.54,208.41
2016-04-26,208.99,209.52,208.36,208.89
2016-04-27,208.67,209.81,208.05,209.28
2016-04-28,208.29,209.76,206.96,207.18
2016-04-29,206.91,207.13,205.03,206.29
2016-05-02,206.8,208.18,206.41,207.98
2016-05-03,206.49,206.8,205.28,206.07
2016-05-04,205.05,205.85,204.42,204.95
2016-05-05,205.56,205.98,204.47,204.83
2016-05-06,204.12,205.77,203.88,205.57
2016-05-09,205.5,206.4,205.36,205.75
2016-05-10,206.74,208.46,206.65,208.45
2016-05-11,207.96,208.33,206.51,206.58
2016-05-12,207.31,207.49,205.37,206.43
2016-05-13,206.2,206.86,204.38,204.74
2016-05-16,204.97,207.34,204.92,206.85
2016-05-17,206.47,206.8,204.23,204.76
2016-05-18,204.5,206.3,203.63,204.9
2016-05-19,203.9,204.54,202.78,204.23
2016-05-20,204.96,206.1,204.94,205.5
2016-05-23,205.39,205.84,205.01,205.02
2016-05-24,206.22,208.24,206.2,207.91
2016-05-25,208.69,209.77,208.66,209.41
2016-05-26,209.57,209.71,208.97,209.28
2016-05-27,209.48,210.18,209.47,210.1
2016-05-31,210.54,210.69,209.18,210.18
2016-06-01,209.13,210.48,208.89,210.24
2016-06-02,209.71,210.79,209.24,210.77
2016-06-03,210.25,210.69,208.86,210.2
2016-06-06,210.69,211.77,210.51,211.42
2016-06-07,211.52,212.34,211.51,211.65
2016-06-08,211.93,212.52,211.69,212.28
2016-06-09,211.52,212.22,211.19,212.06
2016-06-10,210.52,210.86,209.43,210.06
2016-06-13,209.51,210.37,208.35,208.43
2016-06-14,208.09,208.74,206.92,208.09
2016-06-15,208.51,209.23,207.53,207.6
2016-06-16,206.83,208.57,205.59,208.42
2016-06-17,206.92,207.11,205.75,206.67
2016-06-20,208.96,209.61,207.75,207.92
2016-06-21,208.22,208.92,207.78,208.5
2016-06-22,208.67,209.57,207.93,207.99
2016-06-23,209.92,210.78,209.27,210.74
2016-06-24,203.62,206.91,202.72,203.33
2016-06-27,201.16,201.39,198.65,199.58
2016-06-28,201.54,203.17,201.12,203.11
2016-06-29,205.03,206.93,204.72,206.65
2016-06-30,207.18,209.3,206.56,209.2
2016-07-01,209.48,210.49,209.41,210.06
2016-07-05,208.97,209.08,207.71,208.47
2016-07-06,207.69,209.8,207.06,209.69
2016-07-07,209.98,210.65,208.63,209.45
2016-07-08,211.02,212.94,210.78,212.72
2016-07-11,213.31,214.07,212.95,213.44
2016-07-12,214.6,215.3,214.25,214.98
2016-07-13,215.38,215.4,214.35,214.99
2016-07-14,216.44,216.67,215.66,216.22
2016-07-15,216.75,216.77,215.31,215.89
2016-07-18,215.96,216.6,215.67,216.4
2016-07-19,215.93,216.23,215.63,216.09
2016-07-20,216.73,217.37,216.24,217.12
2016-07-21,216.99,217.22,215.75,216.32
2016-07-22,216.4,217.3,216.1,217.16
2016-07-25,216.91,217.06,215.97,216.55
2016-07-26,216.58,217.17,215.76,216.7
2016-07-27,217.26,217.26,215.62,216.45
2016-07-28,216.35,217.11,215.75,216.87
2016-07-29,216.62,217.54,216.13,217.33
2016-08-01,217.24,217.65,216.41,216.74
2016-08-02,216.62,216.83,214.57,215.46
2016-08-03,215.47,216.25,215.13,216.21
2016-08-04,216.42,216.78,215.83,216.42
2016-08-05,217.22,218.23,217.07,218.11
2016-08-08,218.34,218.52,217.74,218.02
2016-08-09,218.1,218.76,217.8,218.15
2016-08-10,218.33,218.4,217.23,217.53
2016-08-11,218.37,218.94,217.95,218.69
2016-08-12,218.13,218.71,217.99,218.48
2016-08-15,219.0,219.5,218.89,219.13
2016-08-16,218.59,218.68,217.96,218.0
2016-08-17,218.0,218.53,217.02,218.37
2016-08-18,218.46,218.86,218.21,218.82
2016-08-19,218.25,218.75,217.74,218.61
2016-08-22,218.05,218.8,217.83,218.47
2016-08-23,219.37,219.6,218.93,219.03
2016-08-24,218.71,218.91,217.36,217.66
2016-08-25,217.39,218.19,217.22,217.47
2016-08-26,218.13,219.12,216.25,217.24
2016-08-29,217.64,218.67,217.6,218.38
2016-08-30,218.51,218.59,217.35,217.86
2016-08-31,217.7,217.74,216.47,217.49
2016-09-01,217.51,217.73,216.03,217.41
2016-09-02,218.49,218.87,217.7,218.41
2016-09-06,218.73,218.92,217.86,218.92
2016-09-07,218.77,219.22,218.3,218.94
2016-09-08,218.54,218.94,218.15,218.64
2016-09-09,216.9,216.97,213.3,213.31
2016-09-12,212.48,216.81,212.35,216.43
2016-09-13,214.62,215.15,212.5,213.21
2016-09-14,213.39,214.7,212.5,212.9
2016-09-15,213.02,215.73,212.75,215.35
2016-09-16,213.47,213.69,212.57,213.33
2016-09-19,214.22,214.88,213.03,213.55
2016-09-20,214.38,214.59,213.38,213.63
2016-09-21,214.39,216.03,213.44,215.89
2016-09-22,217.02,217.53,216.71,217.25
2016-09-23,216.7,216.88,215.88,216.12
2016-09-26,215.11,215.23,214.08,214.21
2016-09-27,213.75,215.68,213.65,215.53
2016-09-28,215.84,216.82,214.71,216.8
2016-09-29,216.45,216.87,214.04,214.73
2016-09-30,216.0,217.12,215.36,216.51
2016-10-03,215.8,216.04,215.04,215.78
2016-10-04,216.0,216.17,213.99,214.61
2016-10-05,215.52,216.13,215.33,215.73
2016-10-06,215.49,216.04,214.74,215.84
2016-10-07,216.21,216.28,214.19,215.29
2016-10-10,216.33,216.7,215.99,216.1
2016-10-11,215.54,215.57,212.58,213.36
2016-10-12,213.58,214.32,213.01,213.78
2016-10-13,212.22,213.59,211.21,212.84
2016-10-14,214.15,214.69,213.04,213.28
2016-10-17,213.16,213.39,212.17,212.44
2016-10-18,214.18,214.31,213.27,213.83
2016-10-19,214.03,214.64,213.6,214.22
2016-10-20,213.79,214.53,213.11,214.06
2016-10-21,213.07,214.08,212.76,213.94
2016-10-24,215.04,215.32,214.48,215.01
2016-10-25,214.66,214.98,213.98,214.09
2016-10-26,213.18,214.42,212.93,213.72
2016-10-27,214.55,214.55,213.08,213.14
2016-10-28,213.1,213.93,211.71,212.58
2016-10-31,212.91,213.19,212.36,212.64
2016-11-01,212.94,212.97,209.6,210.93
2016-11-02,210.55,211.1,209.23,209.88
2016-11-03,209.94,210.24,208.46,208.8
2016-11-04,208.79,209.89,208.38,208.58
2016-11-07,211.54,213.16,211.3,213.16
2016-11-08,212.75,214.77,212.38,214.01
2016-11-09,213.07,217.1,212.63,216.35
2016-11-10,217.42,218.31,215.22,216.94
2016-11-11,216.24,216.7,215.32,216.51
2016-11-14,217.07,217.27,215.72,216.53
2016-11-15,217.07,218.27,216.8,218.17
2016-11-16,217.57,218.14,217.42,217.89
2016-11-17,217.94,219.06,217.92,218.94
2016-11-18,219.09,219.27,218.29,218.4
2016-11-21,219.2,220.18,219.0,220.18
2016-11-22,220.59,220.79,219.73,220.79
2016-11-23,220.08,220.76,219.75,220.69
2016-11-25,221.12,221.52,221.01,221.47
2016-11-28,221.16,221.48,220.36,220.52
2016-11-29,220.56,221.44,220.17,220.88
2016-11-30,221.63,221.82,220.44,220.54
2016-12-01,220.67,220.71,219.15,219.55
2016-12-02,219.54,220.25,219.26,219.66
2016-12-05,220.68,221.4,220.42,220.92
2016-12-06,221.17,221.74,220.66,221.69
2016-12-07,221.39,224.67,221.39,224.42
2016-12-08,224.4,225.7,224.26,224.97
2016-12-09,225.45,226.5,225.37,226.37
2016-12-12,226.51,226.96,225.76,226.08
2016-12-13,227.08,228.34,227.0,227.68
2016-12-14,227.51,228.23,225.37,225.76
2016-12-15,226.14,227.81,226.01,226.82
2016-12-16,225.92,226.02,224.67,224.95
2016-12-19,225.27,226.02,225.08,225.51
2016-12-20,226.18,226.57,225.88,226.32
2016-12-21,226.23,226.45,225.82,225.86
2016-12-22,225.59,225.59,224.92,225.23
2016-12-23,225.47,225.69,225.21,225.63
2016-12-27,226.05,226.73,226.02,226.17
2016-12-28,226.51,226.54,224.28,224.35
2016-12-29,224.61,224.89,223.84,224.32
2016-12-30,224.63,224.83,222.73,223.39
2017-01-03,224.94,225.83,223.88,225.05
2017-01-04,225.99,226.75,225.76,226.54
2017-01-05,226.19,226.58,225.48,226.41
2017-01-06,226.44,227.75,225.9,227.33
2017-01-09,226.76,227.07,226.42,226.51
2017-01-10,226.43,227.45,226.01,226.49
2017-01-11,226.39,227.03,225.59,227.0
2017-01-12,226.42,226.74,224.96,226.72
2017-01-13,226.91,227.4,226.69,226.96
2017-01-17,226.41,226.78,225.8,226.24
2017-01-18,226.45,226.78,225.9,226.78
2017-01-19,226.95,227.0,225.41,226.02
2017-01-20,226.85,227.31,226.05,226.67
2017-01-23,226.42,226.81,225.27,226.2
2017-01-24,226.38,228.08,226.27,227.68
2017-01-25,228.6,229.57,228.51,229.56
2017-01-26,229.47,229.71,229.01,229.33
2017-01-27,229.47,229.49,228.76,229.01
2017-01-30,228.14,228.17,226.41,227.71
2017-01-31,227.02,227.54,226.32,227.43
2017-02-01,228.39,228.59,226.94,227.64
2017-02-02,227.19,228.1,226.82,227.76
2017-02-03,228.77,229.55,228.46,229.32
2017-02-06,228.86,229.33,228.54,228.92
2017-02-07,229.41,229.66,228.72,228.98
2017-02-08,228.54,229.39,228.31,229.24
2017-02-09,229.55,230.95,229.52,230.69
2017-02-10,230.93,231.77,230.91,231.5
2017-02-13,232.07,233.07,232.05,232.69
2017-02-14,232.53,233.71,232.16,233.58
2017-02-15,233.47,235.14,233.45,234.84
2017-02-16,234.9,235.16,233.85,234.72
2017-02-17,234.17,234.94,233.93,234.93
2017-02-21,235.57,236.69,235.55,236.5
2017-02-22,236.0,236.54,235.83,236.3
2017-02-23,236.83,236.89,235.56,236.32
2017-02-24,235.56,236.68,235.41,236.61
2017-02-27,236.67,237.31,236.35,237.09
2017-02-28,236.8,236.95,236.02,236.58
2017-03-01,238.47,240.32,238.37,239.86
2017-03-02,239.3,239.43,238.21,238.32
2017-03-03,238.23,238.61,237.73,238.41
2017-03-06,237.49,238.12,237.01,237.86
2017-03-07,237.37,237.77,236.76,236.99
2017-03-08,237.26,237.64,236.4,236.56
2017-03-09,236.54,237.24,235.74,236.8
2017-03-10,237.87,238.02,236.59,237.57
2017-03-13,237.65,237.86,237.24,237.71
2017-03-14,237.06,237.24,236.19,236.91
2017-03-15,237.53,239.44,237.29,239.06
2017-03-16,239.12,239.2,238.1,238.41
2017-03-17,237.75,237.97,237.13,237.19
2017-03-20,237.02,237.36,236.32,236.71
2017-03-21,237.44,237.61,233.58,233.62
2017-03-22,233.66,234.61,233.05,234.4
2017-03-23,233.95,235.34,233.6,234.06
2017-03-24,234.45,235.04,232.96,233.79
2017-03-27,231.72,233.92,231.61,233.57
2017-03-28,233.34,235.81,233.14,235.56
2017-03-29,234.88,235.81,234.73,235.58
2017-03-30,235.47,236.52,235.27,236.32
2017-03-31,235.84,236.51,235.72,235.92
2017-04-03,235.89,236.03,233.91,235.36
2017-04-04,234.91,235.55,234.56,235.48
2017-04-05,236.34,237.39,234.54,234.91
2017-04-06,234.88,236.04,234.43,235.42
2017-04-07,235.16,236.0,234.64,235.16
2017-04-10,235.36,236.26,234.73,235.38
2017-04-11,234.77,235.18,233.34,234.78
2017-04-12,234.56,234.96,233.77,234.07
2017-04-13,233.49,234.49,232.62,232.64
2017-04-17,233.16,234.57,232.88,234.49
2017-04-18,233.69,234.49,233.08,233.95
2017-04-19,234.66,234.95,233.18,233.46
2017-04-20,234.11,235.85,233.78,235.47
2017-04-21,235.25,235.3,234.13,234.66
2017-04-24,237.17,237.41,236.61,237.1
2017-04-25,237.86,238.95,237.81,238.66
2017-04-26,238.54,239.53,238.35,238.44
2017-04-27,238.6,238.95,237.98,238.57
2017-04-28,238.78,238.8,237.93,238.19
2017-05-01,238.6,239.17,238.2,238.73
2017-05-02,238.88,238.98,238.3,238.69
2017-05-03,238.22,238.74,237.7,238.57
2017-05-04,238.81,238.92,237.78,238.7
2017-05-05,239.23,239.68,238.68,239.64
2017-05-08,239.71,239.92,239.17,239.65
2017-05-09,239.9,240.19,239.04,239.47
2017-05-10,239.27,239.86,239.15,239.82
2017-05-11,239.35,239.57,238.13,239.35
2017-05-12,239.15,239.21,238.67,238.92
2017-05-15,239.51,240.44,239.5,240.26
2017-05-16,240.51,240.56,239.63,240.08
2017-05-17,238.36,238.64,235.77,235.91
2017-05-18,235.55,237.75,235.43,236.82
2017-05-19,237.3,239.08,237.28,238.26
2017-05-22,238.88,239.71,238.82,239.54
2017-05-23,240.01,240.24,239.51,239.96
2017-05-24,240.27,240.73,239.93,240.65
2017-05-25,241.05,242.08,240.96,241.74
2017-05-26,241.67,241.9,241.45,241.76
2017-05-30,241.33,241.79,241.16,241.58
2017-05-31,241.81,241.88,240.64,241.44
2017-06-01,241.9,243.16,241.64,243.15
2017-06-02,243.41,244.35,243.08,243.99
2017-06-05,243.99,244.3,243.76,243.92
2017-06-06,243.27,243.98,243.12,243.32
2017-06-07,243.6,243.92,242.83,243.56
2017-06-08,243.82,244.33,243.17,243.77
2017-06-09,244.25,245.01,241.95,243.39
2017-06-12,243.16,243.42,242.38,243.3
2017-06-13,244.05,244.61,243.58,244.29
2017-06-14,244.71,244.78,243.29,244.16
2017-06-15,242.68,243.91,242.36,243.69
2017-06-16,242.59,242.61,241.63,242.55
2017-06-19,243.56,244.73,243.48,244.55
2017-06-20,244.15,244.26,242.99,243.1
2017-06-21,243.36,243.59,242.41,242.93
2017-06-22,243.02,243.53,242.64,242.84
2017-06-23,242.88,243.51,242.47,243.22
2017-06-26,243.89,244.38,243.05,243.34
2017-06-27,242.97,243.38,241.4,241.44
2017-06-28,242.59,243.72,242.23,243.47
2017-06-29,243.59,243.69,239.96,241.43
2017-06-30,242.44,242.71,241.58,242.07
2017-07-03,243.02,243.38,241.75,241.85
2017-07-05,242.69,243.01,241.7,242.91
2017-07-06,241.78,242.03,240.34,240.58
2017-07-07,241.28,242.28,241.02,242.08
2017-07-10,241.8,242.8,241.79,242.43
2017-07-11,242.2,242.55,240.85,242.21
2017-07-12,243.44,244.2,243.41,243.98
2017-07-13,243.94,244.55,243.76,244.41
2017-07-14,244.49,245.97,244.31,245.51
2017-07-17,245.44,245.91,245.33,245.47
2017-07-18,244.97,245.72,244.67,245.63
2017-07-19,246.1,246.98,246.06,246.96
2017-07-20,247.34,247.42,246.47,247.03
2017-07-21,246.56,246.9,246.18,246.82
2017-07-24,246.76,246.98,246.28,246.76
2017-07-25,247.64,247.8,247.16,247.4
2017-07-26,247.67,247.79,247.13,247.35
2017-07-27,247.83,247.96,245.68,247.11
2017-07-28,246.77,247.06,246.13,246.91
2017-07-31,247.35,247.48,246.53,246.77
2017-08-01,247.48,247.5,246.8,247.3
2017-08-02,247.51,247.6,246.37,247.44
2017-08-03,247.25,247.33,246.64,246.89
2017-08-04,247.57,247.79,246.97,247.38
2017-08-07,247.48,247.87,247.37,247.86
2017-08-08,247.45,248.91,246.83,247.26
2017-08-09,246.47,247.26,246.06,247.17
2017-08-10,246.11,246.44,243.72,243.81
2017-08-11,244.06,244.8,243.75,244.15
2017-08-14,245.66,246.79,245.62,246.49
2017-08-15,246.89,246.92,246.16,246.5
2017-08-16,246.97,247.57,246.45,246.71
2017-08-17,246.15,246.6,243.12,243.17
2017-08-18,242.9,244.19,242.2,242.66
2017-08-21,242.63,243.2,241.83,243.07
2017-08-22,243.62,245.62,243.58,245.33
2017-08-23,244.33,245.05,244.32,244.6
2017-08-24,244.99,245.18,243.75,244.1
2017-08-25,244.95,245.61,244.39,244.57
2017-08-28,245.12,245.16,244.09,244.54
2017-08-29,243.1,245.15,243.07,244.82
2017-08-30,244.83,246.32,244.62,246.0
2017-08-31,246.64,247.77,246.63,247.26
2017-09-01,247.98,248.33,247.67,247.98
2017-09-05,247.4,247.52,244.95,246.16
2017-09-06,246.83,247.28,246.23,246.85
2017-09-07,247.19,247.25,246.4,246.86
2017-09-08,246.44,247.11,246.3,246.58
2017-09-11,248.11,249.3,248.09,249.16
2017-09-12,249.62,250.05,249.42,249.96
2017-09-13,249.65,250.19,249.59,250.13
2017-09-14,249.83,250.32,249.6,250.05
2017-09-15,248.77,249.27,248.57,249.16
2017-09-18,249.59,250.12,249.28,249.63
2017-09-19,249.92,250.07,249.6,249.92
2017-09-20,250.13,250.18,248.92,250.05
2017-09-21,249.86,249.98,249.19,249.35
2017-09-22,249.07,249.63,249.03,249.6
2017-09-25,249.21,249.55,248.08,248.89
2017-09-26,249.34,249.7,248.81,249.01
2017-09-27,249.92,250.49,248.87,250.04
2017-09-28,249.73,250.44,249.63,250.3
2017-09-29,250.27,251.25,250.13,251.17
2017-10-02,251.46,252.22,251.4,252.16
2017-10-03,252.41,252.89,252.23,252.8
2017-10-04,252.66,253.44,252.56,253.12
2017-10-05,253.44,254.68,253.43,254.59
2017-10-06,254.22,254.46,253.85,254.37
2017-10-09,254.61,254.7,253.65,253.9
2017-10-10,254.57,255.05,253.98,254.5
2017-10-11,254.53,255.0,254.32,254.97
2017-10-12,254.61,255.06,254.37,254.52
2017-10-13,255.08,255.27,254.76,254.82
2017-10-16,255.32,255.51,254.82,255.33
2017-10-17,255.25,255.52,254.98,255.42
2017-10-18,255.88,255.95,255.5,255.7
2017-10-19,254.77,255.72,254.35,255.7
2017-10-20,256.61,257.14,256.42,256.83
2017-10-23,257.32,257.38,256.02,256.1
2017-10-24,256.6,256.83,256.15,256.4
2017-10-25,256.19,256.31,254.0,255.34
2017-10-26,256.03,256.3,255.56,255.76
2017-10-27,256.41,257.89,256.16,257.51
2017-10-30,257.01,257.6,256.41,256.98
2017-10-31,257.13,257.44,256.81,257.15
2017-11-01,258.03,258.43,257.07,257.45
2017-11-02,257.4,257.75,256.19,257.65
2017-11-03,257.81,258.5,257.3,258.34
2017-11-06,258.27,259.0,258.22,258.89
2017-11-07,258.99,259.35,258.09,258.62
2017-11-08,258.56,259.22,258.15,259.05
2017-11-09,257.84,258.39,256.36,258.32
2017-11-10,257.86,258.21,257.37,258.07
2017-11-13,257.4,258.59,257.29,258.33
2017-11-14,257.44,257.85,256.52,257.75
2017-11-15,256.5,257.22,255.63,256.29
2017-11-16,257.6,259.04,257.55,258.53
2017-11-17,258.24,258.44,257.77,257.92
2017-11-20,257.97,258.53,257.86,258.28
2017-11-21,259.18,260.2,259.18,259.94
2017-11-22,260.02,260.15,259.57,259.82
2017-11-24,260.24,260.48,260.16,260.34
2017-11-27,260.36,260.75,260.0,260.4
2017-11-28,260.76,262.9,260.66,262.73
2017-11-29,263.13,263.63,262.2,262.79
2017-11-30,263.82,266.05,263.67,265.2
2017-12-01,264.94,265.31,260.76,264.36
2017-12-04,266.34,266.8,264.15,264.36
2017-12-05,264.13,265.15,263.04,263.24
2017-12-06,262.89,263.73,262.71,263.23
2017-12-07,263.22,264.43,262.94,263.95
2017-12-08,265.01,265.52,264.72,265.3
2017-12-11,265.67,266.32,265.49,266.32
2017-12-12,266.57,267.32,266.35,266.76
2017-12-13,267.13,267.56,266.65,266.68
2017-12-14,267.05,267.22,265.6,265.84
2017-12-15,265.55,267.04,265.39,266.34
2017-12-18,268.01,268.6,267.98,268.18
2017-12-19,268.44,268.45,267.11,267.35
2017-12-20,268.22,268.27,266.69,267.09
2017-12-21,267.7,268.39,267.3,267.5
2017-12-22,267.54,267.64,266.9,267.42
2017-12-26,267.12,267.39,266.89,267.1
2017-12-27,267.4,267.73,267.01,267.28
2017-12-28,267.82,267.92,267.45,267.91
2017-12-29,268.48,268.48,266.95,266.97
2018-01-02,267.73,268.72,267.4,268.69
2018-01-03,269.02,270.64,268.96,270.5
2018-01-04,271.16,272.16,271.15,271.64
2018-01-05,272.54,273.54,271.95,273.47
2018-01-08,273.43,274.1,272.98,274.03
2018-01-09,274.45,275.25,274.09,274.5
2018-01-10,273.56,274.42,272.92,274.11
2018-01-11,274.7,276.05,274.56,276.0
2018-01-12,276.35,278.11,276.27,277.81
2018-01-16,279.35,280.09,276.18,276.99
2018-01-17,277.84,280.05,277.19,279.47
2018-01-18,279.2,279.96,278.58,279.17
2018-01-19,279.83,280.39,279.14,280.3
2018-01-22,280.19,282.5,280.11,282.5
2018-01-23,282.57,283.62,282.37,283.38
2018-01-24,283.97,284.7,281.84,283.28
2018-01-25,284.16,284.22,282.41,283.28
2018-01-26,284.16,286.4,283.96,286.32
2018-01-29,285.99,286.43,284.5,284.95
2018-01-30,282.4,283.29,281.22,281.93
2018-01-31,282.82,283.3,280.68,281.94
2018-02-01,280.88,283.06,280.68,281.56
2018-02-02,280.12,280.23,275.46,275.57
2018-02-05,272.99,275.85,263.31,265.36
2018-02-06,258.73,269.7,258.7,268.36
2018-02-07,268.45,272.36,267.9,268.12
2018-02-08,267.86,267.9,258.4,258.45
2018-02-09,260.38,263.61,252.92,261.25
2018-02-12,264.3,267.01,261.88,265.08
2018-02-13,263.55,266.62,263.31,266.08
2018-02-14,264.74,270.0,264.54,269.65
2018-02-15,271.45,272.73,268.77,272.7
2018-02-16,272.71,275.32,272.45,273.51
2018-02-20,272.16,273.67,270.5,271.57
2018-02-21,271.79,274.72,270.06,270.08
2018-02-22,271.13,273.05,269.64,270.42
2018-02-23,271.9,274.62,271.25,274.58
2018-02-26,275.83,278.01,275.26,277.63
2018-02-27,277.93,278.92,274.77,274.81
2018-02-28,275.72,276.19,271.61,271.7
2018-03-01,271.48,273.17,266.0,267.77
2018-03-02,265.94,269.72,264.82,269.37
2018-03-05,268.01,272.89,267.61,272.34
2018-03-06,273.26,273.26,271.18,272.66
2018-03-07,270.62,273.18,270.27,272.76
2018-03-08,273.61,274.24,272.42,273.7
2018-03-09,275.9,278.69,275.34,278.67
2018-03-12,279.19,279.91,278.08,278.96
2018-03-13,279.82,280.41,276.03,276.71
2018-03-14,277.98,278.02,274.67,275.11
2018-03-15,275.87,276.61,274.43,275.17
2018-03-16,274.8,275.39,274.16,274.62
2018-03-19,272.99,273.2,268.62,270.71
2018-03-20,271.17,271.67,270.18,271.0
2018-03-21,270.75,273.27,270.19,270.75
2018-03-22,267.68,268.87,263.36,263.67
2018-03-23,264.43,265.02,257.83,258.41
2018-03-26,262.28,265.43,259.41,265.15
2018-03-27,265.81,266.77,258.84,260.49
2018-03-28,260.9,262.64,258.58,260.0
2018-03-29,261.4,265.26,260.28,263.79
2018-04-02,262.29,263.13,254.67,257.52
2018-04-03,258.84,261.31,256.84,260.63
2018-04-04,256.92,264.36,256.83,264.17
2018-04-05,265.32,266.64,264.32,265.89
2018-04-06,263.45,265.11,258.0,259.96
2018-04-09,261.53,264.84,260.54,260.71
2018-04-10,264.54,266.04,262.98,264.99
2018-04-11,263.59,265.64,263.39,263.74
2018-04-12,265.14,267.0,265.06,266.0
2018-04-13,267.48,267.54,264.01,265.28
2018-04-16,267.0,268.2,266.07,267.42
2018-04-17,269.05,270.87,268.75,270.25
2018-04-18,270.65,271.3,269.87,270.43
2018-04-19,269.72,269.88,267.72,268.75
2018-04-20,268.99,269.02,265.61,266.39
2018-04-23,267.25,267.89,265.35,266.48
2018-04-24,267.78,267.98,261.28,262.75
2018-04-25,262.9,264.13,260.85,263.21
2018-04-26,264.67,267.25,264.29,266.33
2018-04-27,267.24,267.34,265.5,266.85
2018-04-30,267.36,267.89,264.62,264.62
2018-05-01,263.77,265.09,262.11,264.93
2018-05-02,264.69,265.68,262.76,263.07
2018-05-03,262.23,263.36,259.05,262.29
2018-05-04,261.48,266.79,261.15,265.82
2018-05-07,266.71,268.02,266.11,266.9
2018-05-08,266.35,267.33,265.15,266.64
2018-05-09,267.64,269.87,267.09,269.38
2018-05-10,270.3,272.39,270.22,271.93
2018-05-11,272.22,273.15,271.58,272.49
2018-05-14,273.39,274.08,272.36,272.77
2018-05-15,271.44,271.53,270.03,270.91
2018-05-16,271.29,272.76,271.18,272.06
2018-05-17,271.93,273.23,271.13,272.11
2018-05-18,271.63,272.03,270.93,271.53
2018-05-21,273.15,273.98,272.6,273.31
2018-05-22,273.89,274.25,272.24,272.7
2018-05-23,271.17,273.33,270.99,273.29
2018-05-24,272.7,273.22,270.78,272.77
2018-05-25,272.43,272.86,271.58,272.23
2018-05-29,270.3,271.17,267.76,269.18
2018-05-30,270.73,273.11,270.42,272.69
2018-05-31,271.88,272.49,270.26,270.92
2018-06-01,272.46,273.94,272.39,273.53
2018-06-04,274.51,275.19,274.27,274.89
2018-06-05,275.07,275.53,274.18,275.13
2018-06-06,275.83,277.35,275.09,277.29
2018-06-07,277.86,278.28,276.34,277.24
2018-06-08,277.03,278.25,276.66,278.11
2018-06-11,278.41,279.37,278.31,278.75
2018-06-12,279.02,279.33,278.19,279.04
2018-06-13,279.11,279.48,277.91,277.97
2018-06-14,278.91,279.33,278.06,278.72
2018-06-15,276.47,277.51,275.35,277.0
2018-06-18,275.32,276.7,274.95,276.61
2018-06-19,274.06,275.75,273.53,275.51
2018-06-20,276.34,276.72,275.59,276.02
2018-06-21,275.89,275.92,273.68,274.2
2018-06-22,275.7,275.7,274.68,274.75
2018-06-25,273.4,273.62,269.1,271.09
2018-06-26,271.73,272.56,270.79,271.56
2018-06-27,272.3,273.87,269.43,269.57
2018-06-28,269.4,271.75,268.49,270.87
2018-06-29,272.38,273.66,271.49,271.51
2018-07-02,269.47,271.93,269.24,271.91
2018-07-03,272.93,272.98,270.2,270.25
2018-07-05,272.42,273.18,270.96,273.02
2018-07-06,272.96,275.84,272.72,275.47
2018-07-09,276.62,277.87,276.5,277.83
2018-07-10,278.51,279.01,278.08,278.88
2018-07-11,277.09,278.04,276.52,276.96
2018-07-12,278.32,279.37,277.6,279.31
2018-07-13,279.14,279.93,278.66,279.62
2018-07-16,279.54,279.8,278.84,279.25
2018-07-17,278.58,280.91,278.49,280.51
2018-07-18,280.57,281.18,280.06,281.12
2018-07-19,280.34,280.74,279.46,279.88
2018-07-20,279.83,280.48,279.5,279.75
2018-07-23,279.58,280.43,279.06,280.15
2018-07-24,281.83,282.56,280.63,281.52
2018-07-25,281.43,284.37,281.37,283.94
2018-07-26,283.37,284.11,283.12,283.35
2018-07-27,283.74,283.76,280.38,281.32
2018-07-30,281.55,281.69,279.36,279.88
2018-07-31,281.04,282.02,280.38,281.44
2018-08-01,281.58,282.13,280.13,280.88
2018-08-02,279.26,282.58,279.2,282.35
2018-08-03,282.48,283.65,282.33,283.5
2018-08-06,283.41,284.99,283.2,284.59
2018-08-07,285.35,286.01,285.27,285.5
2018-08-08,285.32,285.91,284.94,285.55
2018-08-09,285.49,285.97,284.92,285.09
2018-08-10,283.31,284.06,282.36,283.21
2018-08-13,283.49,284.16,281.77,282.05
2018-08-14,282.95,284.17,282.48,283.89
2018-08-15,282.14,282.54,280.16,281.73
2018-08-16,283.52,285.04,283.37,283.9
2018-08-17,283.75,285.56,283.37,285.04
2018-08-20,285.53,285.97,285.06,285.66
2018-08-21,286.23,287.31,286.11,286.48
2018-08-22,285.84,286.76,285.58,286.33
2018-08-23,285.97,286.94,285.43,285.7
2018-08-24,286.51,287.67,286.38,287.47
2018-08-27,288.92,289.9,288.68,289.68
2018-08-28,290.23,290.42,289.4,289.68
2018-08-29,290.2,291.74,289.89,291.44
2018-08-30,290.88,291.36,289.63,290.27
2018-08-31,289.84,290.81,289.29,290.34
2018-09-04,289.77,290.21,288.68,289.78
2018-09-05,289.21,289.64,287.89,289.13
2018-09-06,289.17,289.49,287.0,288.19
2018-09-07,287.06,288.7,286.71,287.74
2018-09-10,288.76,289.04,287.88,288.11
2018-09-11,287.25,289.55,286.98,289.17
2018-09-12,288.96,289.8,288.23,289.23
2018-09-13,290.27,291.04,290.0,290.75
2018-09-14,291.0,291.27,290.0,290.94
2018-09-17,290.7,290.86,289.03,289.15
2018-09-18,289.78,291.58,289.76,291.09
2018-09-19,291.02,291.69,290.83,291.36
2018-09-20,292.85,293.94,292.51,293.52
2018-09-21,293.01,293.22,291.81,291.89
2018-09-24,291.24,291.5,290.37,291.16
2018-09-25,291.53,291.57,290.48,290.56
2018-09-26,291.02,292.24,289.41,289.69
2018-09-27,290.51,291.91,290.1,290.9
2018-09-28,290.13,291.28,289.95,290.49
2018-10-01,292.14,292.93,290.98,291.68
2018-10-02,291.49,292.36,291.14,291.58
2018-10-03,292.72,293.21,291.32,291.68
2018-10-04,291.16,291.18,287.66,289.39
2018-10-05,289.73,290.27,286.22,287.75
2018-10-08,287.06,288.22,285.5,287.88
2018-10-09,287.44,288.86,286.77,287.48
2018-10-10,286.56,286.66,277.88,278.17
2018-10-11,277.22,278.9,270.36,272.51
2018-10-12,276.69,277.02,272.37,276.62
2018-10-15,275.58,277.04,274.3,275.03
2018-10-16,276.42,280.82,276.07,280.36
2018-10-17,280.25,281.15,277.56,280.29
2018-10-18,279.34,280.07,274.97,276.01
2018-10-19,277.26,279.3,275.47,276.32
2018-10-22,277.19,277.36,274.41,275.3
2018-10-23,270.55,274.87,268.61,273.27
2018-10-24,273.27,273.76,264.76,264.79
2018-10-25,267.45,271.81,266.23,270.28
2018-10-26,266.04,268.78,262.29,264.67
2018-10-29,269.0,270.25,259.85,263.38
2018-10-30,263.28,268.12,263.22,267.98
2018-10-31,270.56,273.23,270.12,270.89
2018-11-01,271.75,273.73,270.38,273.33
2018-11-02,274.45,275.23,269.59,271.54
2018-11-05,272.53,274.01,271.35,273.35
2018-11-06,273.35,275.19,273.34,275.1
2018-11-07,277.49,281.05,277.08,280.96
2018-11-08,280.28,281.22,279.22,280.24
2018-11-09,279.01,279.24,276.18,278.1
2018-11-12,277.3,277.46,271.99,272.27
2018-11-13,273.36,275.33,271.25,272.1
2018-11-14,274.26,274.61,268.45,270.12
2018-11-15,268.43,273.54,267.01,272.37
2018-11-16,271.63,274.75,271.21,273.67
2018-11-19,273.08,273.38,268.07,268.83
2018-11-20,265.0,267.0,263.15,264.29
2018-11-21,265.84,267.15,265.08,265.42
2018-11-23,263.14,264.82,263.07,263.4
2018-11-26,265.9,267.55,265.34,267.42
2018-11-27,266.35,268.37,265.66,268.24
2018-11-28,269.63,274.48,268.53,274.46
2018-11-29,273.64,275.55,272.43,273.95
2018-11-30,273.92,276.28,273.45,275.89
2018-12-03,280.26,280.27,277.51,279.13
2018-12-04,278.49,278.85,269.9,270.32
2018-12-06,265.84,269.87,262.44,269.61
2018-12-07,269.5,271.22,262.63,263.77
2018-12-10,263.23,265.16,258.62,264.42
2018-12-11,267.77,267.87,262.48,264.15
2018-12-12,267.52,268.95,265.6,265.77
2018-12-13,266.61,267.49,264.12,265.42
2018-12-14,262.86,264.03,259.85,260.52
2018-12-17,259.26,260.65,253.53,255.11
2018-12-18,257.0,257.95,253.34,255.34
2018-12-19,255.21,259.4,249.35,251.77
2018-12-20,250.05,251.62,244.65,246.81
2018-12-21,246.26,249.71,239.98,241.03
2018-12-24,239.62,240.29,232.61,233.09
2018-12-26,236.54,245.75,233.76,245.7
2018-12-27,242.69,247.65,238.96,247.35
2018-12-28,249.7,251.4,246.45,247.69
2018-12-31,249.5,250.16,247.47,248.55
2019-01-02,246.12,251.21,245.96,249.89
2019-01-03,248.41,248.57,244.03,244.47
2019-01-04,247.69,253.11,247.17,252.38
2019-01-07,252.65,255.95,251.69,254.4
2019-01-08,256.89,257.31,254.0,256.65
2019-01-09,257.61,258.91,256.19,257.71
2019-01-10,256.3,259.16,255.5,258.94
2019-01-11,257.66,258.98,257.03,258.76
2019-01-14,256.76,258.3,256.41,257.69
2019-01-15,257.95,260.7,257.84,260.21
2019-01-16,260.8,261.97,260.6,260.94
2019-01-17,260.07,263.92,259.96,262.88
2019-01-18,264.74,266.98,264.1,266.16
2019-01-22,264.85,265.06,261.06,261.97
2019-01-23,264.05,264.79,260.66,263.1
2019-01-24,263.18,264.2,262.08,263.69
2019-01-25,265.53,266.7,265.11,265.7
2019-01-28,263.22,263.82,261.79,263.64
2019-01-29,264.01,264.55,262.48,263.31
2019-01-30,265.05,268.52,264.25,267.46
2019-01-31,267.61,270.47,267.27,270.23
2019-02-01,270.1,271.2,269.18,270.07
2019-02-04,270.08,271.8,269.36,271.78
2019-02-05,272.49,273.44,271.88,273.13
2019-02-06,272.95,273.34,271.92,272.7
2019-02-07,270.87,271.55,268.29,269.97
2019-02-08,268.92,270.09,267.83,270.08
2019-02-11,271.33,271.49,270.03,270.64
2019-02-12,272.44,274.52,272.35,274.08
2019-02-13,275.04,275.93,274.56,274.99
2019-02-14,273.64,275.64,272.87,274.53
2019-02-15,276.44,277.34,276.13,277.27
2019-02-19,276.65,278.58,276.58,277.78
2019-02-20,277.89,278.92,277.25,278.25
2019-02-21,277.74,278.1,276.35,277.34
2019-02-22,278.26,279.36,277.82,279.17
2019-02-25,280.8,281.31,279.44,279.62
2019-02-26,279.21,280.3,278.9,279.47
2019-02-27,278.77,279.59,277.48,279.22
2019-02-28,279.02,279.45,278.32,278.54
2019-03-01,280.66,280.88,278.82,280.5
2019-03-04,281.78,281.8,276.84,279.2
2019-03-05,279.42,279.76,278.41,279.33
2019-03-06,279.06,279.13,276.97,277.35
2019-03-07,276.79,276.99,274.07,275.07
2019-03-08,272.79,274.64,272.42,274.52
2019-03-11,275.3,278.62,275.29,278.55
2019-03-12,279.05,280.07,278.85,279.29
2019-03-13,280.48,282.38,280.3,281.26
2019-03-14,281.46,281.84,280.67,281.15
2019-03-15,280.55,282.21,280.33,281.24
2019-03-18,281.68,282.66,281.3,282.34
2019-03-19,283.52,284.36,281.41,282.29
2019-03-20,281.79,283.5,280.32,281.84
2019-03-21,280.9,285.18,280.86,284.61
2019-03-22,283.37,283.8,279.26,279.37
2019-03-25,278.78,280.19,277.64,279.16
2019-03-26,281.08,282.18,279.56,280.9
2019-03-27,281.4,281.76,277.93,279.53
2019-03-28,280.63,281.21,279.07,280.84
2019-03-29,282.41,282.84,281.14,282.7
2019-04-01,284.78,286.16,284.4,286.07
2019-04-02,286.0,286.23,285.09,286.07
2019-04-03,287.19,287.76,285.75,286.65
2019-04-04,286.77,287.46,286.01,287.18
2019-04-05,287.98,288.63,287.6,288.48
2019-04-08,287.99,288.91,287.37,288.77
2019-04-09,287.62,288.08,286.7,286.93
2019-04-10,287.81,288.39,287.31,288.12
2019-04-11,288.57,288.78,287.58,288.31
2019-04-12,289.88,290.47,289.26,290.09
2019-04-15,290.25,290.35,289.08,289.97
2019-04-16,290.87,291.01,289.5,290.01
2019-04-17,291.19,291.23,288.99,289.54
2019-04-18,290.01,290.32,288.66,290.02
2019-04-22,289.12,290.44,289.07,290.27
2019-04-23,290.55,293.14,290.42,292.79
2019-04-24,292.66,293.16,292.07,292.32
2019-04-25,292.03,292.78,290.73,292.21
2019-04-26,292.02,293.28,291.24,293.27
2019-04-29,293.52,294.45,293.41,293.93
2019-04-30,293.11,294.14,291.92,294.11
2019-05-01,294.64,294.95,291.88,291.9
2019-05-02,291.44,292.7,289.52,291.04
2019-05-03,292.72,294.34,292.56,294.15
2019-05-06,289.31,293.31,289.31,292.76
2019-05-07,290.34,290.81,285.81,287.83
2019-05-08,287.76,289.43,286.87,287.64
2019-05-09,285.25,287.33,283.3,286.66
2019-05-10,286.0,288.94,282.3,287.71
2019-05-13,282.93,283.49,279.93,281.16
2019-05-14,281.99,285.1,281.89,283.42
2019-05-15,281.5,285.77,281.36,285.05
2019-05-16,285.93,289.21,285.84,287.62
2019-05-17,285.33,288.6,285.31,286.0
2019-05-20,284.03,285.43,283.12,284.19
2019-05-21,285.71,286.93,285.55,286.55
2019-05-22,285.46,286.69,285.1,285.77
2019-05-23,283.01,283.07,280.57,282.17
2019-05-24,283.88,284.2,282.09,282.68
2019-05-28,283.2,284.15,280.34,280.67
2019-05-29,278.72,279.36,276.71,278.59
2019-05-30,279.22,280.04,277.81,278.85
2019-05-31,276.35,277.12,275.24,275.47
2019-06-03,275.37,276.55,273.09,274.77
2019-06-04,277.31,280.68,276.62,280.61
2019-06-05,282.34,282.99,280.32,282.92
2019-06-06,283.16,285.55,282.57,284.67
2019-06-07,285.87,288.85,285.74,287.77
2019-06-10,289.33,290.82,288.87,289.09
2019-06-11,291.21,291.4,288.18,288.88
2019-06-12,288.96,289.23,287.82,288.18
2019-06-13,289.48,289.98,288.62,289.26
2019-06-14,289.19,289.93,288.41,289.32
2019-06-17,289.58,290.22,289.19,289.29
2019-06-18,291.21,293.57,290.99,292.26
2019-06-19,292.68,293.65,291.47,293.29
2019-06-20,296.07,296.31,293.61,296.24
2019-06-21,294.14,295.52,293.76,294.25
2019-06-24,294.37,294.58,293.47,293.59
2019-06-25,293.67,293.68,290.64,290.96
2019-06-26,291.71,292.31,290.35,290.54
2019-06-27,291.43,292.06,290.89,291.88
2019-06-28,292.7,293.55,292.01,293.17
2019-07-01,296.79,296.92,294.33,295.42
2019-07-02,295.51,296.33,294.68,296.2
2019-07-03,297.16,298.95,297.02,298.73
2019-07-05,297.53,298.64,296.01,297.96
2019-07-08,296.89,297.35,296.22,296.79
2019-07-09,295.62,297.52,295.6,297.37
2019-07-10,298.52,299.66,297.78,298.53
2019-07-11,299.24,299.58,298.2,299.17
2019-07-12,299.78,300.73,299.51,300.65
2019-07-15,300.85,300.93,300.19,300.57
2019-07-16,300.55,300.88,299.44,299.8
2019-07-17,299.74,299.93,297.9,297.95
2019-07-18,297.26,299.25,296.7,298.75
2019-07-19,299.96,299.98,297.22,297.27
2019-07-22,297.69,298.5,297.04,297.93
2019-07-23,299.09,300.03,298.22,299.85
2019-07-24,299.13,301.42,299.09,301.25
2019-07-25,300.84,300.89,299.11,299.54
2019-07-26,300.8,302.23,300.62,302.08
2019-07-29,301.86,301.93,300.85,301.59
2019-07-30,299.89,301.17,299.49,300.55
2019-07-31,300.93,301.2,295.2,297.65
2019-08-01,297.74,300.87,293.96,294.95
2019-08-02,293.79,294.12,290.9,292.59
2019-08-05,288.04,288.21,281.72,284.14
2019-08-06,286.09,288.04,284.28,287.87
2019-08-07,284.48,288.82,282.04,288.51
2019-08-08,289.72,293.54,289.01,293.3
2019-08-09,292.59,293.24,289.65,291.56
2019-08-12,290.07,290.57,287.02,288.18
2019-08-13,287.64,294.15,287.36,292.25
2019-08-14,288.1,288.74,283.76,284.12
2019-08-15,285.16,285.64,282.39,284.9
2019-08-16,286.85,289.33,286.62,289.0
2019-08-19,292.37,293.08,291.44,292.42
2019-08-20,291.75,292.36,290.08,290.12
2019-08-21,292.58,292.86,291.72,292.47
2019-08-22,293.32,293.93,290.4,292.45
2019-08-23,290.93,292.76,283.47,284.18
2019-08-26,287.07,287.91,285.58,287.45
2019-08-27,289.5,289.95,286.03,286.95
2019-08-28,286.22,289.07,285.25,288.76
2019-08-29,291.77,293.16,290.61,292.56
2019-08-30,294.15,294.18,291.42,292.78
2019-09-03,290.57,291.58,289.27,290.67
2019-09-04,293.2,294.06,292.31,293.94
2019-09-05,296.85,298.83,296.78,297.75
2019-09-06,298.19,298.76,297.42,298.07
2019-09-09,299.03,299.03,297.16,298.11
2019-09-10,297.22,297.79,295.97,297.77
2019-09-11,298.17,300.29,297.75,300.02
2019-09-12,301.18,302.46,300.41,301.39
2019-09-13,301.72,302.17,300.68,301.01
2019-09-16,299.79,300.65,299.45,300.23
2019-09-17,299.8,300.99,299.77,300.97
2019-09-18,300.36,301.22,298.24,301.02
2019-09-19,301.62,302.63,300.71,301.09
2019-09-20,300.4,300.67,297.41,298.57
2019-09-23,297.6,299.0,297.27,298.23
2019-09-24,299.33,299.84,294.81,295.74
2019-09-25,295.95,298.11,294.33,297.64
2019-09-26,297.47,297.86,295.45,296.91
2019-09-27,297.69,297.95,293.69,295.29
2019-09-30,296.08,297.55,295.92,296.89
2019-10-01,297.91,298.46,293.0,293.18
2019-10-02,291.2,291.34,286.64,287.95
2019-10-03,287.56,290.23,284.82,290.15
2019-10-04,291.3,294.63,291.3,294.52
2019-10-07,293.5,295.26,292.77,293.54
2019-10-08,290.75,291.85,288.57,288.85
2019-10-09,290.82,292.3,290.06,291.35
2019-10-10,291.04,294.21,291.0,293.19
2019-10-11,296.54,298.74,296.14,296.58
2019-10-14,296.16,296.67,295.57,296.03
2019-10-15,297.11,299.7,297.06,299.06
2019-10-16,298.32,299.16,297.92,298.39
2019-10-17,299.75,300.24,298.52,299.23
2019-10-18,299.0,299.4,296.99,298.36
2019-10-21,299.5,300.21,298.94,300.03
2019-10-22,300.73,300.9,299.04,299.13
2019-10-23,298.95,299.79,298.5,299.78
2019-10-24,300.92,300.97,299.46,300.53
2019-10-25,299.85,302.2,299.84,301.8
2019-10-28,303.16,303.85,303.05,303.36
2019-10-29,303.03,304.23,302.86,303.09
2019-10-30,303.23,304.55,301.99,304.0
2019-10-31,303.94,304.06,301.73,303.0
2019-11-01,304.98,306.05,304.74,305.9
2019-11-04,308.0,308.0,306.96,307.32
2019-11-05,307.47,307.92,306.71,306.96
2019-11-06,306.87,307.4,306.06,307.04
2019-11-07,308.62,309.65,307.66,308.09
2019-11-08,307.88,308.84,307.03,308.82
2019-11-11,307.34,308.54,307.27,308.27
2019-11-12,308.75,309.99,308.15,308.87
2019-11-13,307.78,309.54,307.66,309.18
2019-11-14,308.74,309.64,308.09,309.54
2019-11-15,310.89,311.71,310.26,311.7
2019-11-18,311.43,312.28,311.03,311.87
2019-11-19,312.54,312.59,311.22,311.93
2019-11-20,311.35,311.85,309.06,310.59
2019-11-21,310.91,310.93,309.39,310.21
2019-11-22,311.14,311.24,309.85,310.94
2019-11-25,312.15,313.37,312.07,313.24
2019-11-26,313.37,314.28,313.06,314.06
2019-11-27,314.63,315.45,314.37,315.43
2019-11-29,314.81,315.13,314.06,314.5
2019-12-02,314.44,314.44,311.17,311.51
2019-12-03,308.24,309.61,307.13,309.58
2019-12-04,310.59,312.12,310.32,311.51
2019-12-05,311.84,312.2,310.58,311.95
2019-12-06,314.32,315.31,314.14,314.85
2019-12-09,314.53,315.18,313.87,313.88
2019-12-10,313.55,314.55,312.81,313.47
2019-12-11,313.94,314.7,313.6,314.45
2019-12-12,314.3,317.99,314.17,317.15
2019-12-13,316.77,318.67,316.02,317.41
2019-12-16,319.45,320.15,319.19,319.51
2019-12-17,319.88,320.25,319.51,319.62
2019-12-18,319.98,320.25,319.53,319.73
2019-12-19,319.9,320.98,319.82,320.78
2019-12-20,320.62,321.45,320.37,321.12
2019-12-23,321.5,321.65,321.06,321.09
2019-12-24,321.47,321.5,320.9,321.25
2019-12-26,321.78,322.67,321.68,322.63
2019-12-27,323.63,323.69,322.28,322.86
2019-12-30,322.9,323.05,320.55,320.78
2019-12-31,320.27,321.95,320.15,321.71
2020-01-02,323.73,324.67,322.53,324.65
2020-01-03,321.6,323.64,321.56,322.68
2020-01-06,320.61,323.6,320.58,323.59
2020-01-07,322.83,323.54,322.24,322.76
2020-01-08,322.72,325.78,322.67,324.36
2020-01-09,326.3,326.73,325.52,326.57
2020-01-10,327.24,327.46,325.2,325.69
2020-01-13,326.5,327.9,325.92,327.88
2020-01-14,327.67,328.62,326.84,327.35
2020-01-15,327.35,329.02,327.26,328.02
2020-01-16,329.62,330.85,329.45,330.82
2020-01-17,331.6,332.18,331.07,331.9
2020-01-21,331.14,332.18,330.82,331.29
2020-01-22,332.08,332.95,331.17,331.51
2020-01-23,330.59,331.92,329.41,331.73
2020-01-24,332.41,332.53,327.36,328.67
2020-01-27,322.93,325.12,322.91,323.61
2020-01-28,325.25,327.85,324.55,326.99
2020-01-29,328.41,328.63,326.4,326.66
2020-01-30,324.53,327.75,323.54,327.74
2020-01-31,326.97,327.17,320.73,322.13
2020-02-03,323.77,326.16,323.55,324.09
2020-02-04,328.29,330.01,327.72,328.98
2020-02-05,332.4,333.09,330.67,332.6
2020-02-06,333.7,334.19,332.8,334.02
2020-02-07,332.59,333.62,331.6,332.29
2020-02-10,331.33,334.53,331.31,334.53
2020-02-11,336.17,337.02,334.75,335.06
2020-02-12,336.92,337.65,336.43,337.4
2020-02-13,335.64,338.12,335.6,336.9
2020-02-14,337.35,337.73,336.2,337.59
2020-02-18,336.46,337.17,335.21,336.57
2020-02-19,337.73,339.08,337.48,338.49
2020-02-20,337.85,338.64,333.68,337.16
2020-02-21,335.71,335.81,332.58,333.34
2020-02-24,323.33,325.85,321.24,322.63
2020-02-25,324.53,324.54,311.69,312.9
2020-02-26,314.77,318.11,310.7,311.74
2020-02-27,305.8,309.65,298.28,298.49
2020-02-28,289.91,296.14,285.54,293.87
2020-03-02,298.55,308.79,294.46,308.65
2020-03-03,308.2,313.84,297.57,300.1
2020-03-04,306.39,313.03,303.33,312.96
2020-03-05,305.16,308.47,300.01,302.66
2020-03-06,293.25,298.78,290.23,297.92
2020-03-09,276.08,284.19,273.45,275.34
2020-03-10,284.68,288.33,273.5,287.79
2020-03-11,280.49,281.92,270.88,275.26
2020-03-12,256.32,266.66,248.98,249.01
2020-03-13,263.18,269.36,249.58,268.76
2020-03-16,240.3,257.39,237.36,239.21
2020-03-17,245.5,256.17,237.07,250.9
2020-03-18,238.21,246.05,228.02,238.11
2020-03-19,238.33,247.38,232.22,240.98
2020-03-20,242.12,244.47,228.59,229.82
2020-03-23,226.35,229.39,218.26,224.05
2020-03-24,234.49,244.1,233.8,243.81
2020-03-25,242.79,256.35,239.75,246.22
2020-03-26,251.2,262.8,249.78,261.15
2020-03-27,253.93,260.81,251.05,253.02
2020-03-30,256.39,262.43,253.53,261.39
2020-03-31,260.29,263.33,256.22,257.4
2020-04-01,248.14,251.44,243.9,246.05
2020-04-02,246.19,252.68,244.59,251.8
2020-04-03,250.89,253.32,245.22,247.99
2020-04-06,257.79,267.0,256.73,265.9
2020-04-07,274.15,275.03,265.37,265.63
2020-04-08,268.59,275.41,265.56,274.02
2020-04-09,277.17,281.2,275.47,278.33
2020-04-13,276.87,277.22,271.41,275.82
2020-04-14,280.49,284.9,280.04,283.66
2020-04-15,277.54,279.59,275.46,277.84
2020-04-16,279.38,280.03,275.76,279.65
2020-04-17,285.27,287.3,282.4,286.54
2020-04-20,282.39,286.29,281.35,282.21
2020-04-21,276.79,278.04,272.02,273.7
2020-04-22,278.46,281.0,276.91,279.38
2020-04-23,280.39,283.94,278.75,279.49
2020-04-24,281.06,283.7,278.5,282.75
2020-04-27,285.22,288.27,284.62,287.36
2020-04-28,291.24,291.29,285.4,285.93
2020-04-29,291.19,294.88,290.41,293.09
2020-04-30,291.29,292.24,288.59,291.0
2020-05-01,285.38,286.04,281.52,282.17
2020-05-04,280.24,283.9,279.13,283.53
2020-05-05,286.44,289.25,285.75,286.31
2020-05-06,287.95,288.46,284.0,284.46
2020-05-07,288.08,289.78,287.13,287.37
2020-05-08,290.87,292.87,289.86,292.36
2020-05-11,290.12,294.0,289.88,293.05
2020-05-12,293.99,294.24,287.0,287.17
2020-05-13,285.97,287.19,278.97,281.86
2020-05-14,279.16,284.8,276.37,284.27
2020-05-15,282.44,286.2,281.34,286.17
2020-05-18,293.24,296.75,292.7,295.1
2020-05-19,294.24,296.21,292.43,292.45
2020-05-20,296.09,297.87,295.57,297.02
2020-05-21,296.79,297.67,293.69,294.82
2020-05-22,294.63,295.45,293.22,295.35
2020-05-26,301.92,301.92,298.69,298.79
2020-05-27,302.08,303.5,296.87,303.48
2020-05-28,304.4,306.84,302.24,303.09
2020-05-29,302.01,304.91,299.55,304.75
2020-06-01,303.12,306.21,303.11,305.67
2020-06-02,306.32,307.97,305.1,307.87
2020-06-03,310.33,313.22,309.94,312.12
2020-06-04,310.99,313.0,309.08,310.97
2020-06-05,317.56,321.28,317.19,319.07
2020-06-08,320.55,323.07,319.63,323.06
2020-06-09,319.89,322.37,319.36,321.08
2020-06-10,321.46,322.39,318.22,319.35
2020-06-11,311.03,312.15,300.01,300.86
2020-06-12,308.15,309.08,298.6,304.78
2020-06-15,298.57,308.28,296.74,306.35
2020-06-16,315.29,315.64,307.67,312.16
2020-06-17,313.63,314.39,310.86,311.9
2020-06-18,309.84,312.3,309.51,311.56
2020-06-19,313.65,314.1,307.2,309.23
2020-06-22,308.14,311.05,306.75,310.7
2020-06-23,313.4,314.5,311.61,312.21
2020-06-24,309.89,310.51,302.1,304.01
2020-06-25,303.43,307.5,301.28,307.17
2020-06-26,306.29,306.39,299.42,300.01
2020-06-29,301.52,304.02,298.93,303.83
2020-06-30,304.09,310.2,303.82,309.04
2020-07-01,309.74,311.89,309.07,310.5
2020-07-02,314.34,315.7,311.51,311.77
2020-07-06,316.53,317.46,315.56,316.79
2020-07-07,315.17,317.52,313.41,313.63
2020-07-08,314.44,316.3,312.7,316.04
2020-07-09,316.98,317.1,310.68,314.32
2020-07-10,314.59,317.86,312.76,317.84
2020-07-13,320.32,322.71,314.13,314.96
2020-07-14,313.28,319.31,312.0,319.15
2020-07-15,322.42,323.04,319.27,321.78
2020-07-16,319.98,321.28,319.09,320.74
2020-07-17,321.55,322.57,319.74,321.78
2020-07-20,321.7,325.13,320.62,324.77
2020-07-21,326.19,326.93,323.94,324.71
2020-07-22,324.65,327.2,324.5,326.88
2020-07-23,326.34,327.23,321.48,322.65
2020-07-24,320.75,321.99,319.25,320.73
2020-07-27,321.35,323.41,320.78,323.22
2020-07-28,322.71,323.64,320.85,321.03
2020-07-29,322.23,325.73,322.08,324.83
2020-07-30,321.6,324.41,319.64,323.9
2020-07-31,325.47,325.98,321.33,325.93
2020-08-03,328.13,329.62,327.73,328.96
2020-08-04,328.08,329.86,327.95,329.72
2020-08-05,331.3,332.39,331.18,332.27
2020-08-06,331.65,334.46,331.13,333.96
2020-08-07,333.17,334.88,332.3,334.37
2020-08-10,335.14,335.77,332.96,335.48
2020-08-11,337.08,337.54,332.01,332.71
2020-08-12,335.83,338.28,335.57,337.53
2020-08-13,336.54,338.25,335.83,336.86
2020-08-14,336.42,337.42,335.62,336.61
2020-08-17,337.78,338.34,337.48,337.83
2020-08-18,338.49,339.1,336.61,338.35
2020-08-19,339.04,339.61,336.62,337.28
2020-08-20,335.36,338.8,335.34,338.43
2020-08-21,337.92,339.72,337.55,339.56
2020-08-24,342.19,342.64,341.06,342.54
2020-08-25,343.54,344.15,342.27,344.09
2020-08-26,344.61,347.86,344.17,347.65
2020-08-27,348.42,349.9,346.53,348.52
2020-08-28,349.45,350.72,348.15,350.54
2020-08-31,350.38,351.3,349.09,350.67
2020-09-01,349.8,352.28,349.24,352.25
2020-09-02,354.27,358.75,353.43,358.11
2020-09-03,356.16,356.38,342.59,345.55
2020-09-04,346.39,347.83,334.87,342.76
2020-09-08,335.55,338.06,332.88,333.63
2020-09-09,337.68,342.46,336.61,339.97
2020-09-10,341.59,342.53,332.85,334.37
2020-09-11,336.17,336.97,331.0,334.31
2020-09-14,337.67,340.38,336.93,338.71
2020-09-15,341.17,342.02,339.02,340.28
2020-09-16,341.44,343.06,338.52,338.86
2020-09-17,333.27,337.7,332.99,335.46
2020-09-18,335.01,335.11,327.97,330.86
2020-09-21,325.52,326.77,321.73,326.68
2020-09-22,328.6,330.9,325.86,330.27
2020-09-23,330.81,331.2,322.1,322.43
2020-09-24,321.73,326.8,319.8,323.55
2020-09-25,322.58,329.58,321.64,328.98
2020-09-28,333.31,334.96,332.15,333.87
2020-09-29,333.63,334.77,331.62,332.75
2020-09-30,333.74,338.29,332.88,335.97
2020-10-01,337.61,338.74,335.01,336.99
2020-10-02,332.11,335.92,331.95,334.04
2020-10-05,336.44,339.96,336.42,339.79
2020-10-06,340.09,342.17,334.38,335.44
2020-10-07,338.47,341.63,338.37,340.94
2020-10-08,342.78,343.79,341.86,343.59
2020-10-09,345.64,347.35,344.89,346.64
2020-10-12,349.39,354.02,349.06,352.56
2020-10-13,352.2,352.23,349.09,350.65
2020-10-14,350.59,351.93,347.14,348.24
2020-10-15,343.53,348.02,343.52,347.33
2020-10-16,348.99,350.75,347.57,347.63
2020-10-19,348.8,349.33,341.04,341.96
2020-10-20,343.39,346.88,342.64,343.86
2020-10-21,343.35,345.67,342.4,342.93
2020-10-22,343.39,345.24,340.65,344.5
2020-10-23,345.86,345.89,343.13,345.56
2020-10-26,342.31,342.98,335.62,339.34
2020-10-27,339.62,340.12,337.99,338.49
2020-10-28,332.14,332.84,326.25,326.63
2020-10-29,327.43,333.4,325.09,331.03
2020-10-30,328.49,329.69,322.6,325.76
2020-11-02,330.05,332.36,327.24,329.42
2020-11-03,333.77,338.25,333.17,336.35
2020-11-04,341.4,347.94,339.59,343.44
2020-11-05,349.2,352.19,348.86,350.54
2020-11-06,349.76,351.51,347.65,350.31
2020-11-09,363.77,364.38,354.44,354.89
2020-11-10,353.75,355.18,350.51,354.11
2020-11-11,356.1,357.56,355.06,356.65
2020-11-12,355.56,356.42,351.26,353.1
2020-11-13,355.75,358.9,354.71,358.35
2020-11-16,360.96,362.25,359.59,361.85
2020-11-17,359.8,361.92,358.34,360.62
2020-11-18,360.75,361.5,356.73,356.94
2020-11-19,355.18,358.18,354.15,357.8
2020-11-20,357.39,357.72,355.49,355.62
2020-11-23,357.49,358.82,354.87,357.33
2020-11-24,360.27,363.81,359.29,363.11
2020-11-25,362.77,363.16,361.48,362.7
2020-11-27,363.83,364.18,362.58,363.33
2020-11-30,362.87,363.12,359.17,361.39
2020-12-01,365.6,367.68,364.93,365.97
2020-12-02,364.58,366.96,364.2,366.59
2020-12-03,366.88,368.19,365.5,366.04
2020-12-04,367.44,369.67,367.39,369.67
2020-12-07,368.94,369.62,367.72,369.04
2020-12-08,368.05,370.78,367.73,370.26
2020-12-09,370.74,371.05,365.95,367.84
2020-12-10,365.45,367.86,364.43,367.01
2020-12-11,365.16,366.58,363.26,366.13
2020-12-14,368.69,369.8,364.7,365.51
2020-12-15,367.47,369.58,365.92,369.35
2020-12-16,369.82,371.16,368.87,370.21
2020-12-17,372.12,372.46,371.05,372.03
2020-12-18,371.02,371.07,367.02,370.02
2020-12-21,364.93,368.81,362.03,367.56
2020-12-22,367.82,368.33,366.03,367.16
2020-12-23,368.61,369.62,367.99,368.21
2020-12-24,368.18,369.51,367.45,368.97
2020-12-28,371.52,372.59,371.07,372.22
2020-12-29,373.92,374.0,370.83,371.22
2020-12-30,372.51,373.1,371.57,372.16
2020-12-31,371.78,374.47,371.23,374.3
2021-01-04,375.15,375.22,364.82,368.79
2021-01-05,368.75,372.5,368.31,371.33
2021-01-06,370.0,376.98,369.12,373.58
2021-01-07,376.16,379.9,376.16,379.32
2021-01-08,380.75,381.49,377.1,381.42
2021-01-11,377.84,380.58,377.72,378.57
2021-01-12,379.03,379.86,376.36,379.37
2021-01-13,379.06,380.86,377.85,379.97
2021-01-14,380.6,381.13,378.1,378.5
2021-01-15,376.9,377.58,373.7,375.58
2021-01-19,378.69,379.23,376.75,378.71
2021-01-20,380.79,384.79,380.72,384.19
2021-01-21,384.3,384.95,383.25,384.37
2021-01-22,382.26,384.08,381.84,383.46
2021-01-25,384.01,384.77,378.46,384.4
2021-01-26,385.71,385.85,383.54,383.7
2021-01-27,379.16,379.92,372.01,374.08
2021-01-28,376.51,381.93,376.16,377.9
2021-01-29,375.43,376.67,368.27,370.77
2021-02-01,374.22,377.34,371.42,376.67
2021-02-02,379.73,383.22,379.65,381.68
2021-02-03,382.28,383.7,380.48,382.34
2021-02-04,383.0,385.78,382.78,385.76
2021-02-05,388.14,388.47,386.49,387.76
2021-02-08,389.36,390.18,388.35,390.05
2021-02-09,389.6,390.89,389.17,390.13
2021-02-10,392.23,392.26,387.5,389.83
2021-02-11,391.21,391.69,388.1,390.7
2021-02-12,390.04,392.78,389.89,392.71
2021-02-16,393.84,394.17,391.53,392.61
2021-02-17,390.42,392.66,389.33,392.38
2021-02-18,389.53,391.52,387.74,390.69
2021-02-19,392.0,392.38,389.55,389.87
2021-02-22,387.41,389.62,386.74,387.14
2021-02-23,384.39,388.95,380.2,387.85
2021-02-24,386.49,392.23,385.27,391.9
2021-02-25,390.51,391.88,380.78,382.7
2021-02-26,384.18,385.58,378.23,381.82
2021-03-01,386.12,390.92,385.57,389.17
2021-03-02,389.99,390.07,386.59,386.8
2021-03-03,386.16,386.83,381.76,381.77
2021-03-04,381.65,384.0,371.88,376.2
2021-03-05,379.92,384.76,372.64,383.67
2021-03-08,384.45,387.68,382.18,382.31
2021-03-09,386.08,389.91,385.31,387.21
2021-03-10,389.6,391.4,388.17,389.62
2021-03-11,392.25,395.65,391.74,393.4
2021-03-12,392.01,394.21,391.2,394.06
2021-03-15,394.37,396.47,392.03,396.42
2021-03-16,396.9,397.83,395.08,396.14
2021-03-17,394.26,398.12,393.3,397.08
2021-03-18,394.67,396.72,390.75,391.61
2021-03-19,389.74,391.57,387.15,389.88
2021-03-22,390.38,394.07,389.97,392.57
2021-03-23,391.76,393.46,388.66,389.34
2021-03-24,391.09,392.75,387.67,387.73
2021-03-25,385.78,390.55,383.9,389.74
2021-03-26,390.95,395.52,390.29,395.51
2021-03-29,394.7,396.75,392.81,395.64
2021-03-30,394.72,395.45,393.02,393.74
2021-03-31,395.59,398.0,395.52,396.74
2021-04-01,398.35,400.66,398.24,400.56
2021-04-05,403.6,406.94,403.54,406.27
2021-04-06,405.8,407.24,405.4,405.77
2021-04-07,406.04,406.96,405.45,406.54
2021-04-08,407.81,408.58,406.93,408.27
2021-04-09,408.4,411.49,408.32,411.4
2021-04-12,410.91,411.93,410.2,411.61
2021-04-13,411.55,413.53,411.12,412.82
2021-04-14,412.72,413.96,410.87,411.1
2021-04-15,413.96,416.16,413.69,415.55
2021-04-16,417.17,417.91,415.73,417.34
2021-04-19,416.4,416.74,413.79,414.92
2021-04-20,414.06,414.68,410.59,412.46
2021-04-21,411.77,416.29,411.36,415.98
2021-04-22,415.69,416.78,411.13,412.33
2021-04-23,413.04,418.25,412.94,416.86
2021-04-26,417.43,418.22,416.97,417.41
2021-04-27,417.68,418.14,416.3,417.74
2021-04-28,417.97,419.01,416.9,417.16
2021-04-29,420.67,420.68,416.44,419.8
2021-04-30,417.45,418.54,416.34,416.79
2021-05-03,419.32,419.84,417.67,417.92
2021-05-04,416.31,416.6,411.67,415.34
2021-05-05,417.33,417.63,414.94,415.53
2021-05-06,415.73,418.84,413.68,418.76
2021-05-07,419.38,422.82,419.16,422.22
2021-05-10,422.39,422.65,417.89,417.91
2021-05-11,412.94,415.27,410.06,414.24
2021-05-12,411.66,412.59,404.79,405.85
2021-05-13,407.74,412.35,407.7,410.57
2021-05-14,413.52,417.49,413.36,416.69
2021-05-17,415.47,416.39,413.36,415.54
2021-05-18,415.9,416.0,412.34,412.42
2021-05-19,406.52,410.79,405.33,410.77
2021-05-20,412.14,416.63,412.07,414.93
2021-05-21,417.13,418.2,414.45,414.74
2021-05-24,417.2,420.32,417.08,419.06
2021-05-25,420.19,420.71,417.62,418.13
2021-05-26,418.92,419.61,417.76,418.77
2021-05-27,420.36,420.72,419.12,419.87
2021-05-28,420.81,421.25,419.95,419.98
2021-06-01,422.68,422.72,419.2,419.49
2021-06-02,420.13,421.23,419.29,420.32
2021-06-03,418.04,419.99,416.28,418.93
2021-06-04,420.8,422.92,420.77,422.58
2021-06-07,422.6,422.78,421.19,422.36
2021-06-08,423.06,423.07,420.32,422.4
2021-06-09,423.17,423.24,421.55,421.77
2021-06-10,423.22,424.63,421.55,423.57
2021-06-11,423.97,424.42,422.82,424.26
2021-06-14,424.19,424.93,423.1,424.86
2021-06-15,425.18,425.19,423.54,424.27
2021-06-16,424.8,424.83,419.92,422.22
2021-06-17,422.09,423.02,419.32,422.18
2021-06-18,416.76,417.83,415.56,415.72
2021-06-21,417.16,421.01,415.93,420.96
2021-06-22,420.65,424.0,420.08,423.04
2021-06-23,423.34,424.05,422.59,422.72
2021-06-24,424.83,425.55,424.62,425.06
2021-06-25,426.04,427.09,425.55,426.72
2021-06-28,427.17,427.65,425.89,427.48
2021-06-29,428.2,428.56,427.13,427.74
2021-06-30,427.57,428.78,427.28,428.38
2021-07-01,429.1,430.52,428.85,430.3
2021-07-02,431.54,434.1,431.33,433.64
2021-07-06,433.87,433.9,430.01,432.92
2021-07-07,433.68,434.76,431.51,434.23
2021-07-08,429.01,431.73,427.52,430.44
2021-07-09,432.44,435.84,432.31,435.4
2021-07-12,435.25,437.35,434.97,436.9
2021-07-13,436.3,437.84,435.31,435.34
2021-07-14,437.47,437.92,434.91,436.17
2021-07-15,435.09,435.53,432.72,434.63
2021-07-16,435.86,436.05,430.92,431.27
2021-07-19,425.99,426.71,421.97,424.49
2021-07-20,425.6,432.42,424.83,431.15
2021-07-21,432.39,434.7,432.14,434.45
2021-07-22,434.93,435.72,433.69,435.46
2021-07-23,437.33,440.3,436.79,439.89
2021-07-26,439.5,440.93,439.26,440.93
2021-07-27,439.39,439.64,435.99,438.89
2021-07-28,439.58,440.3,437.31,439.07
2021-07-29,440.17,441.8,440.07,440.79
2021-07-30,438.09,440.06,437.77,438.31
2021-08-02,440.21,440.93,437.21,437.48
2021-08-03,438.47,441.08,436.1,440.99
2021-08-04,439.57,440.41,438.73,439.29
2021-08-05,440.1,441.65,439.9,441.6
2021-08-06,442.23,442.94,441.8,442.5
2021-08-09,442.75,442.8,441.31,442.17
2021-08-10,442.54,443.44,441.88,442.48
2021-08-11,443.79,443.88,442.62,443.74
2021-08-12,443.37,445.26,442.66,445.11
2021-08-13,445.54,445.85,445.07,445.65
2021-08-16,444.45,447.02,442.87,446.87
2021-08-17,444.0,444.96,440.85,443.93
2021-08-18,442.8,444.63,439.23,439.29
2021-08-19,436.82,441.14,436.81,439.56
2021-08-20,439.77,443.71,439.74,443.45
2021-08-23,445.47,448.23,445.45,447.19
2021-08-24,447.84,448.54,447.42,447.9
2021-08-25,447.97,449.46,447.77,449.05
2021-08-26,448.63,448.86,446.16,446.36
2021-08-27,447.36,450.65,447.11,450.09
2021-08-30,451.07,453.07,450.71,452.16
2021-08-31,451.87,452.49,450.92,451.86
2021-09-01,452.36,453.11,451.55,451.58
2021-09-02,453.44,454.05,451.91,453.04
2021-09-03,452.5,453.63,451.55,453.09
2021-09-07,452.49,452.56,450.74,451.51
2021-09-08,450.59,451.67,448.86,450.81
2021-09-09,450.66,452.57,448.72,448.93
2021-09-10,451.32,451.49,445.31,445.51
2021-09-13,448.82,448.87,444.11,446.39
2021-09-14,448.11,448.16,443.22,444.08
2021-09-15,444.83,448.41,443.44,447.69
2021-09-16,447.18,448.36,444.02,447.11
2021-09-17,444.79,445.37,441.02,441.94
2021-09-20,433.98,436.56,428.86,434.42
2021-09-21,435.95,437.91,433.07,434.35
2021-09-22,435.82,440.03,435.07,437.61
2021-09-23,440.09,444.89,439.88,443.08
2021-09-24,441.42,444.67,441.42,444.04
2021-09-27,442.92,444.05,441.9,442.59
2021-09-28,439.9,440.04,432.94,433.68
2021-09-29,435.17,437.04,433.85,434.19
2021-09-30,436.09,436.77,429.57,430.0
2021-10-01,431.45,436.03,427.23,433.85
2021-10-04,433.01,433.96,426.36,428.71
2021-10-05,430.21,435.49,429.39,433.26
2021-10-06,429.28,435.04,427.54,434.99
2021-10-07,438.7,441.68,438.2,438.24
2021-10-08,439.12,439.89,437.19,437.91
2021-10-11,437.22,440.26,434.75,434.78
2021-10-12,435.32,436.1,432.78,434.02
2021-10-13,434.62,436.05,431.54,434.91
2021-10-14,439.18,442.66,438.58,442.3
2021-10-15,444.54,446.26,444.09,445.9
2021-10-18,443.73,447.55,443.27,447.35
2021-10-19,448.76,450.69,448.27,450.46
2021-10-20,451.13,452.73,451.01,452.05
2021-10-21,451.68,453.83,451.31,453.8
2021-10-22,453.14,454.67,451.05,453.28
2021-10-25,454.14,455.9,452.39,455.12
2021-10-26,456.94,458.49,455.56,456.27
2021-10-27,456.41,457.16,453.88,454.0
2021-10-28,455.9,458.27,455.68,458.09
2021-10-29,456.01,459.56,455.9,459.48
2021-11-01,460.18,460.7,458.2,459.88
2021-11-02,460.43,462.22,460.08,461.75
2021-11-03,461.2,465.15,460.83,464.83
2021-11-04,465.12,467.0,464.99,466.42
2021-11-05,469.15,470.65,466.92,468.56
2021-11-08,469.65,470.23,468.2,469.02
2021-11-09,469.26,469.57,465.88,467.36
2021-11-10,465.86,467.38,462.04,464.04
2021-11-11,464.83,465.13,463.8,463.9
2021-11-12,465.0,467.86,464.11,467.27
2021-11-15,468.27,468.73,466.23,467.05
2021-11-16,467.09,470.49,467.07,469.14
2021-11-17,468.82,469.19,467.48,468.11
2021-11-18,468.94,470.01,466.34,469.52
2021-11-19,469.21,470.94,468.5,468.96
2021-11-22,471.04,473.54,467.74,467.75
2021-11-23,467.59,469.1,464.45,468.26
2021-11-24,465.92,469.57,465.19,469.48
2021-11-26,462.52,463.9,457.77,459.75
2021-11-29,464.49,466.56,461.73,465.04
2021-11-30,461.86,464.03,455.3,456.71
2021-12-01,461.31,464.67,451.18,451.21
2021-12-02,451.56,459.07,450.31,456.27
2021-12-03,459.05,460.3,448.92,453.58
2021-12-06,456.59,460.79,453.56,458.62
2021-12-07,464.44,468.88,464.4,467.99
2021-12-08,468.44,470.0,466.83,469.65
2021-12-09,468.04,469.11,466.31,466.57
2021-12-10,469.52,470.76,466.51,470.64
2021-12-13,470.26,470.41,466.51,466.78
2021-12-14,463.31,465.74,460.25,462.75
2021-12-15,463.56,470.51,460.74,470.35
2021-12-16,472.45,472.87,464.8,466.78
2021-12-17,461.7,464.74,458.06,460.55
2021-12-20,454.41,455.37,451.14,455.36
2021-12-21,459.04,463.0,456.31,462.87
2021-12-22,463.0,467.76,462.83,467.7
2021-12-23,468.76,472.19,468.64,471.09
2021-12-24,463.4,463.4,463.4,463.4
2021-12-27,472.56,477.19,472.52,477.1
2021-12-28,477.62,478.81,476.06,476.45
2021-12-29,477.18,478.56,475.92,477.74
2021-12-30,478.08,479.0,475.67,475.93
2021-12-31,475.76,476.86,474.78,474.91
2022-01-03,476.44,477.75,473.85,477.4
2022-01-04,479.27,479.98,475.58,477.86
2022-01-05,477.39,477.98,468.66,468.75
2022-01-06,468.0,470.82,465.43,467.97
2022-01-07,467.79,469.2,464.65,466.38
2022-01-10,462.75,465.25,456.6,465.25
2022-01-11,464.9,469.71,462.05,469.54
2022-01-12,471.55,473.2,468.94,471.08
2022-01-13,472.1,472.88,463.44,464.04
2022-01-14,461.45,465.09,459.9,464.93
2022-01-18,459.29,459.55,455.31,456.12
2022-01-19,458.16,459.61,451.64,451.74
2022-01-20,454.13,458.74,445.82,446.42
2022-01-21,445.08,448.06,438.01,439.78
2022-01-24,431.2,440.38,420.76,439.92
2022-01-25,432.99,439.72,427.15,434.64
2022-01-26,440.79,444.04,428.86,433.48
2022-01-27,438.5,441.59,429.45,431.47
2022-01-28,433.05,441.57,427.82,441.52
2022-01-31,441.16,450.28,439.81,449.99
2022-02-01,450.17,453.63,446.94,453.48
2022-02-02,455.36,458.12,453.05,457.44
2022-02-03,451.19,452.97,445.71,446.82
2022-02-04,446.49,452.78,443.83,449.25
2022-02-07,449.37,450.99,445.85,446.84
2022-02-08,447.2,451.92,445.22,450.82
2022-02-09,455.27,457.88,455.12,456.99
2022-02-10,451.9,457.71,447.2,449.71
2022-02-11,449.87,451.61,438.94,441.18
2022-02-14,440.91,441.6,435.34,439.48
2022-02-15,443.75,446.28,443.18,445.61
2022-02-16,444.2,448.06,441.94,446.76
2022-02-17,443.55,443.8,436.42,437.18
2022-02-18,437.77,438.66,431.82,434.1
2022-02-22,432.38,435.48,425.85,429.41
2022-02-23,432.69,433.25,421.35,422.01
2022-02-24,411.1,428.75,411.0,427.53
2022-02-25,429.1,437.81,427.87,437.5
2022-02-28,432.98,438.19,430.7,436.73
2022-03-01,435.9,437.14,427.24,430.15
2022-03-02,432.56,439.55,431.57,437.76
2022-03-03,440.79,441.08,433.84,435.17
2022-03-04,432.09,433.36,427.87,432.36
2022-03-07,431.67,431.81,419.51,420.03
2022-03-08,419.95,427.18,415.13,416.3
2022-03-09,424.88,429.5,422.86,426.83
2022-03-10,422.71,426.41,420.43,425.95
2022-03-11,428.65,428.74,420.09,420.09
2022-03-14,421.45,424.5,415.79,417.03
2022-03-15,420.32,426.82,418.44,425.74
2022-03-16,430.02,434.86,424.8,434.84
2022-03-17,433.52,440.55,433.18,439.87
2022-03-18,437.86,444.83,437.23,444.22
2022-03-21,444.79,446.45,440.69,444.33
2022-03-22,446.22,450.5,445.96,449.38
2022-03-23,447.06,448.48,443.93,443.93
2022-03-24,445.92,450.14,444.75,450.12
2022-03-25,451.21,452.96,448.43,452.25
2022-03-28,452.28,455.57,450.07,455.55
2022-03-29,460.39,462.05,457.21,461.33
2022-03-30,460.66,461.18,456.45,458.12
2022-03-31,457.94,458.75,452.22,452.4
2022-04-01,453.09,453.45,449.13,453.12
2022-04-04,453.07,456.76,452.25,456.38
2022-04-05,455.79,457.81,449.82,450.52
2022-04-06,447.49,448.92,443.46,446.73
2022-04-07,445.87,450.65,443.55,448.74
2022-04-08,447.85,450.6,445.94,447.14
2022-04-11,444.79,444.99,439.39,439.66
2022-04-12,442.45,445.73,436.65,438.51
2022-04-13,437.94,444.06,437.84,443.22
2022-04-14,443.76,444.72,437.8,437.88
2022-04-18,437.84,439.73,435.61,437.44
2022-04-19,438.38,445.79,437.68,444.82
2022-04-20,447.03,447.55,443.46,444.71
2022-04-21,449.05,449.99,437.12,438.17
2022-04-22,436.63,437.2,425.96,426.03
2022-04-25,422.61,428.69,418.82,428.43
2022-04-26,425.63,425.71,416.72,416.98
2022-04-27,417.97,422.9,415.01,417.08
2022-04-28,422.88,429.62,417.6,427.22
2022-04-29,423.43,425.85,411.2,411.68
2022-05-02,412.85,415.86,405.02,414.38
2022-05-03,414.38,418.9,413.38,416.48
2022-05-04,416.72,429.64,413.7,428.92
2022-05-05,424.46,424.57,409.44,413.49
2022-05-06,410.82,414.78,405.72,411.53
2022-05-09,405.23,406.4,396.52,398.37
2022-05-10,405.89,406.04,394.84,399.38
2022-05-11,398.01,403.97,391.96,392.3
2022-05-12,390.17,395.74,385.15,392.04
2022-05-13,396.7,403.16,395.61,401.37
2022-05-16,400.25,403.93,397.59,399.82
2022-05-17,406.32,408.37,402.58,407.78
2022-05-18,403.25,403.79,390.59,391.92
2022-05-19,388.92,394.07,387.1,389.85
2022-05-20,393.05,393.81,380.53,389.64
2022-05-23,392.81,397.71,390.38,396.71
2022-05-24,392.86,395.13,386.95,393.43
2022-05-25,392.61,399.43,392.38,397.31
2022-05-26,398.74,407.0,398.74,405.3
2022-05-27,408.43,415.02,408.27,414.96
2022-05-31,413.61,416.45,410.01,412.84
2022-06-01,415.52,416.23,406.93,410.15
2022-06-02,409.01,417.42,407.03,417.3
2022-06-03,412.29,414.01,409.5,410.5
2022-06-06,415.19,416.59,410.55,411.57
2022-06-07,408.36,416.2,407.59,415.89
2022-06-08,413.36,415.79,410.37,410.97
2022-06-09,409.51,411.71,401.59,401.59
2022-06-10,394.81,395.75,389.86,390.61
2022-06-13,380.37,381.79,373.3,374.6
2022-06-14,376.73,377.9,370.58,373.73
2022-06-15,376.96,383.86,372.14,378.89
2022-06-16,370.6,370.92,364.07,366.44
2022-06-17,366.16,369.35,362.16,366.1
2022-06-21,372.04,376.52,371.88,374.72
2022-06-22,370.78,378.72,370.71,374.96
2022-06-23,377.04,378.82,372.87,378.21
2022-06-24,381.53,389.29,381.33,389.27
2022-06-27,391.11,391.22,387.43,388.17
2022-06-28,390.71,393.15,380.53,380.79
2022-06-29,381.06,382.25,378.41,380.8
2022-06-30,376.53,380.64,372.55,376.36
2022-07-01,377.13,381.68,373.82,380.83
2022-07-05,375.42,381.71,372.9,381.58
2022-07-06,381.92,385.86,379.6,383.16
2022-07-07,385.9,389.82,385.45,389.11
2022-07-08,387.22,390.63,385.65,388.8
2022-07-11,385.96,386.85,383.5,384.03
2022-07-12,384.14,386.14,378.99,380.64
2022-07-13,376.03,381.87,374.64,379.35
2022-07-14,374.32,378.53,371.04,378.04
2022-07-15,383.03,384.83,380.54,384.78
2022-07-18,388.35,389.07,380.68,381.89
2022-07-19,385.81,392.85,385.39,392.35
2022-07-20,391.95,396.25,391.03,394.73
2022-07-21,393.82,398.74,391.64,398.69
2022-07-22,399.23,400.14,392.76,394.76
2022-07-25,395.72,396.46,393.2,395.48
2022-07-26,393.89,394.04,389.94,390.76
2022-07-27,394.58,402.86,394.05,401.38
2022-07-28,402.5,406.77,398.15,406.14
2022-07-29,407.61,412.95,406.76,411.94
2022-08-01,409.45,413.39,408.38,410.9
2022-08-02,408.94,412.97,406.81,407.98
2022-08-03,410.46,415.67,409.99,414.55
2022-08-04,414.29,415.08,412.42,413.9
2022-08-05,410.15,414.13,409.93,413.23
2022-08-08,415.33,417.61,411.83,413.03
2022-08-09,412.39,412.67,410.22,411.01
2022-08-10,418.55,420.13,416.7,419.81
2022-08-11,422.96,424.93,419.22,419.64
2022-08-12,421.93,426.99,421.03,426.99
2022-08-15,425.13,429.34,425.11,428.78
2022-08-16,428.05,431.71,426.87,429.86
2022-08-17,426.31,429.49,424.53,426.62
2022-08-18,426.98,428.6,425.5,427.46
2022-08-19,425.05,425.25,421.21,422.39
2022-08-22,416.77,417.22,412.39,413.1
2022-08-23,413.05,415.4,411.76,412.4
2022-08-24,412.16,415.1,411.38,413.57
2022-08-25,414.97,419.22,414.08,419.15
2022-08-26,419.11,419.94,405.34,405.68
2022-08-29,402.12,405.59,401.3,403.1
2022-08-30,403.71,403.87,396.0,398.24
2022-08-31,399.33,401.22,395.23,395.6
2022-09-01,393.18,396.24,390.05,396.22
2022-09-02,399.69,401.55,390.32,391.52
2022-09-06,393.88,394.12,388.4,390.66
2022-09-07,390.29,398.57,390.25,397.57
2022-09-08,394.57,400.85,394.1,399.95
2022-09-09,403.01,407.5,402.45,406.66
2022-09-12,408.93,411.71,408.44,410.68
2022-09-13,402.17,403.06,391.91,393.45
2022-09-14,394.23,396.18,391.12,394.4
2022-09-15,393.02,395.93,388.78,390.31
2022-09-16,383.98,386.21,382.11,386.11
2022-09-19,382.61,388.5,382.51,388.43
2022-09-20,385.11,386.1,381.18,383.79
2022-09-21,386.56,389.26,378.02,378.03
2022-09-22,377.4,377.64,373.44,375.02
2022-09-23,370.18,370.36,363.28,367.44
2022-09-26,366.92,370.15,363.02,364.54
2022-09-27,367.6,370.37,360.87,363.17
2022-09-28,364.01,372.29,362.6,370.72
2022-09-29,366.86,367.07,359.7,362.99
2022-09-30,362.42,365.89,357.25,357.32
2022-10-03,361.16,368.54,359.2,366.38
2022-10-04,372.37,377.82,372.35,377.41
2022-10-05,373.7,379.43,370.94,376.7
2022-10-06,375.76,378.69,372.69,373.1
2022-10-07,368.68,369.06,360.94,363.13
2022-10-10,363.94,364.16,357.7,360.18
2022-10-11,358.22,363.01,355.72,357.68
2022-10-12,357.39,359.8,356.3,356.78
2022-10-13,349.03,367.5,348.1,366.15
2022-10-14,368.32,370.24,357.03,357.07
2022-10-17,364.84,367.97,364.6,366.46
2022-10-18,374.89,375.42,367.51,370.27
2022-10-19,369.47,371.83,365.54,368.42
2022-10-20,368.31,372.65,364.61,365.63
2022-10-21,363.95,374.78,363.53,374.12
2022-10-24,375.71,380.05,373.11,378.41
2022-10-25,379.31,385.24,379.18,384.59
2022-10-26,381.63,387.57,381.33,381.88
2022-10-27,383.81,384.99,379.32,379.41
2022-10-28,379.98,389.51,379.86,388.79
2022-10-31,386.44,388.39,385.27,386.24
2022-11-01,389.94,390.21,383.28,384.76
2022-11-02,383.68,388.59,374.93,375.38
2022-11-03,370.78,374.19,368.8,371.06
2022-11-04,377.11,378.86,370.0,375.69
2022-11-07,378.08,380.56,375.53,379.89
2022-11-08,380.6,385.1,377.7,381.88
2022-11-09,379.69,381.13,373.61,374.22
2022-11-10,388.37,395.01,385.62,394.65
2022-11-11,395.32,399.35,393.61,398.23
2022-11-14,396.84,400.16,395.0,395.38
2022-11-15,401.31,402.29,394.49,398.11
2022-11-16,397.01,397.75,394.78,395.48
2022-11-17,390.85,394.93,390.14,393.82
2022-11-18,397.42,397.54,393.03,395.89
2022-11-21,395.25,395.79,392.63,394.48
2022-11-22,396.51,400.03,395.15,399.85
2022-11-23,399.88,402.92,399.32,402.27
2022-11-25,402.02,402.89,401.53,401.99
2022-11-28,399.67,400.8,395.11,396.07
2022-11-29,395.96,397.27,393.31,395.4
2022-11-30,395.83,406.93,393.48,406.7
2022-12-01,408.33,409.93,404.75,407.54
2022-12-02,402.88,407.83,402.42,407.01
2022-12-05,404.01,404.91,398.17,399.75
2022-12-06,399.51,399.98,391.64,393.65
2022-12-07,393.25,395.62,391.96,393.24
2022-12-08,394.99,397.34,393.46,396.2
2022-12-09,395.29,397.61,393.15,393.32
2022-12-12,394.51,398.81,393.4,398.74
2022-12-13,409.74,410.05,399.07,401.88
2022-12-14,402.11,405.36,396.31,399.72
2022-12-15,394.82,395.24,387.89,389.61
2022-12-16,385.21,386.56,381.03,383.7
2022-12-19,383.05,383.8,378.29,380.27
2022-12-20,379.02,382.22,377.85,380.46
2022-12-21,383.29,387.4,382.69,385.98
2022-12-22,383.07,383.07,374.77,380.54
2022-12-23,379.88,383.04,378.03,382.78
2022-12-27,382.68,383.13,379.65,381.26
2022-12-28,381.21,383.34,376.42,376.77
2022-12-29,379.5,384.34,379.07,383.38
2022-12-30,380.9,382.37,378.43,382.23
2023-01-03,384.09,386.41,377.84,381.06
2023-01-04,382.87,385.86,379.99,383.48
2023-01-05,381.61,381.8,378.77,379.43
2023-01-06,382.21,389.24,379.45,387.89
2023-01-09,390.38,393.69,387.67,387.97
2023-01-10,387.38,390.65,386.27,390.5
2023-01-11,392.53,395.36,391.39,395.31
2023-01-12,396.76,398.45,392.41,397.01
2023-01-13,394.07,399.09,393.35,398.65
2023-01-17,398.68,400.21,397.05,397.67
2023-01-18,399.31,400.11,391.37,391.38
2023-01-19,389.62,391.06,387.26,388.75
2023-01-20,389.67,396.02,388.37,395.59
2023-01-23,396.14,402.64,395.73,400.56
2023-01-24,398.38,401.14,397.63,400.47
2023-01-25,395.55,400.69,393.56,400.07
2023-01-26,403.61,404.62,400.03,404.45
2023-01-27,403.85,408.15,403.57,405.71
2023-01-30,403.2,405.11,400.3,400.37
2023-01-31,401.58,406.39,400.76,406.26
2023-02-01,405.3,413.65,402.36,410.46
2023-02-02,414.93,418.29,412.89,416.42
2023-02-03,412.13,416.95,411.1,412.41
2023-02-06,410.18,411.28,408.12,409.79
2023-02-07,408.86,416.48,407.58,415.55
2023-02-08,413.24,414.52,409.93,410.77
2023-02-09,414.2,414.4,405.8,406.93
2023-02-10,406.49,408.43,405.01,408.14
2023-02-13,408.57,412.94,408.23,412.42
2023-02-14,410.16,415.04,408.5,412.77
2023-02-15,410.38,413.68,409.49,413.68
2023-02-16,409.16,412.88,408.25,408.32
2023-02-17,406.03,407.49,404.05,407.08
2023-02-21,403.47,404.12,398.82,399.01
2023-02-22,399.67,401.12,397.0,398.18
2023-02-23,401.43,402.19,396.29,400.89
2023-02-24,395.47,397.24,393.64,396.19
2023-02-27,399.74,401.28,396.75,397.57
2023-02-28,397.08,399.26,396.48,397.29
2023-03-01,395.23,396.67,393.39,394.64
2023-03-02,392.9,398.68,392.34,397.63
2023-03-03,399.23,404.44,399.03,404.12
2023-03-06,404.99,407.44,404.02,404.57
2023-03-07,404.28,404.67,397.62,398.28
2023-03-08,398.78,399.7,396.59,398.79
2023-03-09,399.62,401.47,390.52,391.77
2023-03-10,390.41,393.15,384.33,386.07
2023-03-13,382.17,390.24,380.67,385.1
2023-03-14,390.6,393.44,387.06,391.76
2023-03-15,386.12,389.41,383.71,388.58
2023-03-16,386.68,396.42,386.28,396.13
2023-03-17,393.62,394.38,388.55,389.93
2023-03-20,391.18,394.14,390.07,393.57
2023-03-21,397.61,399.4,395.57,398.58
2023-03-22,398.64,402.47,392.77,393.04
2023-03-23,395.58,399.28,390.35,393.8
2023-03-24,391.53,395.83,389.4,395.45
2023-03-27,398.03,398.89,395.55,396.14
2023-03-28,395.41,396.48,393.69,395.5
2023-03-29,399.63,401.59,398.71,401.23
2023-03-30,403.79,404.33,401.75,403.7
2023-03-31,404.99,409.64,404.94,409.64
2023-04-03,408.94,411.36,408.43,411.03
2023-04-04,411.43,411.91,407.23,408.39
2023-04-05,408.07,408.63,405.87,407.67
2023-04-06,406.77,409.47,405.69,409.11
2023-04-10,406.65,409.28,405.95,409.23
2023-04-11,409.86,411.15,408.92,409.52
2023-04-12,411.54,412.15,407.44,407.81
2023-04-13,409.2,413.82,408.7,413.32
2023-04-14,413.09,415.08,410.05,412.62
2023-04-17,412.35,413.88,411.08,413.69
2023-04-18,415.24,415.71,412.77,414.46
2023-04-19,412.58,415.06,412.2,414.12
2023-04-20,411.34,413.68,410.27,411.43
2023-04-21,411.78,412.66,410.17,412.28
2023-04-24,412.4,413.05,410.62,412.41
2023-04-25,410.76,411.15,406.05,406.2
2023-04-26,406.96,407.84,403.78,404.64
2023-04-27,406.81,412.67,406.75,412.28
2023-04-28,411.91,415.74,411.71,415.74
2023-05-01,415.69,417.6,415.27,415.98
2023-05-02,414.4,414.4,407.82,411.13
2023-05-03,411.53,413.81,407.78,408.04
2023-05-04,406.9,407.26,403.74,405.12
2023-05-05,408.77,413.69,408.77,412.32
2023-05-08,412.83,413.23,411.27,412.69
2023-05-09,410.92,412.08,410.68,410.95
2023-05-10,414.02,414.53,408.86,412.81
2023-05-11,411.68,412.4,409.96,412.06
2023-05-12,413.35,413.62,409.07,411.53
2023-05-15,412.04,413.41,410.24,412.72
2023-05-16,411.93,412.81,410.31,410.35
2023-05-17,412.27,415.85,410.64,415.01
2023-05-18,414.9,419.66,414.67,419.33
2023-05-19,420.06,420.71,417.35,418.96
2023-05-22,418.79,420.38,417.35,418.7
2023-05-23,416.9,418.06,413.67,414.21
2023-05-24,412.13,412.77,409.87,410.96
2023-05-25,413.84,416.13,412.41,414.73
2023-05-26,415.42,420.76,415.24,420.06
2023-05-30,422.33,422.56,418.74,420.03
2023-05-31,418.28,419.2,416.23,418.0
2023-06-01,417.78,422.91,416.79,421.43
2023-06-02,425.01,428.73,423.95,427.95
2023-06-05,428.33,429.61,426.36,427.1
2023-06-06,426.42,428.56,425.98,428.39
2023-06-07,428.67,429.61,426.11,426.63
2023-06-08,426.67,429.58,425.82,429.28
2023-06-09,429.97,431.98,428.87,429.77
2023-06-12,430.76,433.75,430.17,433.44
2023-06-13,435.36,437.32,434.63,436.46
2023-06-14,436.71,439.06,433.62,436.69
2023-06-15,436.63,443.87,436.27,442.23
2023-06-16,442.75,442.85,439.26,439.37
2023-06-20,437.29,438.36,435.03,437.44
2023-06-21,435.56,436.98,434.32,434.84
2023-06-22,433.72,436.48,433.61,436.43
2023-06-23,432.97,435.05,432.48,433.14
2023-06-26,432.89,434.6,431.2,431.39
2023-06-27,432.6,436.79,431.88,436.17
2023-06-28,435.05,437.43,434.41,435.69
2023-06-29,435.85,438.28,435.58,438.08
2023-06-30,441.16,444.24,441.16,443.56
2023-07-03,442.7,444.07,442.62,443.9
2023-07-05,442.18,443.87,442.08,443.26
2023-07-06,439.42,440.08,437.06,439.94
2023-07-07,438.67,442.63,438.29,438.41
2023-07-10,438.68,439.83,437.59,439.14
2023-07-11,440.38,442.96,439.43,442.71
2023-07-12,446.23,447.46,444.91,445.65
2023-07-13,447.49,450.37,447.47,449.71
2023-07-14,450.43,451.35,448.43,448.8
2023-07-17,449.52,451.92,449.15,450.71
2023-07-18,450.08,454.84,450.04,454.19
2023-07-19,455.39,456.42,454.38,455.29
2023-07-20,454.3,455.08,451.45,452.17
2023-07-21,453.51,454.15,452.2,452.38
2023-07-24,453.8,455.01,452.75,454.17
2023-07-25,454.0,456.72,453.9,455.64
2023-07-26,454.89,456.95,453.39,455.24
2023-07-27,458.71,459.44,451.55,452.65
2023-07-28,456.0,457.77,455.11,456.89
2023-07-31,457.38,458.15,456.04,457.24
2023-08-01,456.18,457.22,455.48,456.45
2023-08-02,453.31,453.52,449.34,450.59
2023-08-03,448.36,450.78,447.36,449.55
2023-08-04,450.66,452.88,446.28,446.65
2023-08-07,449.3,450.86,447.99,450.73
2023-08-08,448.05,449.22,445.27,449.02
2023-08-09,448.81,449.09,444.97,445.65
2023-08-10,448.31,451.68,444.7,445.94
2023-08-11,443.8,446.69,443.34,445.23
2023-08-14,444.85,447.76,444.37,447.76
2023-08-15,446.48,446.63,442.3,443.26
2023-08-16,442.58,444.17,439.73,439.83
2023-08-17,441.33,441.4,435.75,436.57
2023-08-18,433.68,437.55,433.41,436.28
2023-08-21,437.47,440.1,435.32,439.45
2023-08-22,440.9,440.97,437.58,438.32
2023-08-23,439.58,443.66,439.17,442.63
2023-08-24,444.66,445.2,436.95,437.58
2023-08-25,438.98,441.27,435.0,439.88
2023-08-28,442.01,443.36,440.86,442.86
2023-08-29,442.65,449.44,442.46,449.01
2023-08-30,449.84,451.65,448.78,450.85
2023-08-31,451.79,452.82,450.36,450.66
2023-09-01,453.27,453.66,449.68,451.24
2023-09-05,450.71,451.05,449.17,449.36
2023-09-06,448.09,448.49,443.81,446.18
2023-09-07,443.27,445.42,442.75,445.03
2023-09-08,445.28,447.11,444.52,445.29
2023-09-11,448.45,448.75,446.45,448.37
2023-09-12,446.8,448.47,445.38,445.86
2023-09-13,446.55,447.7,445.07,446.64
2023-09-14,448.67,451.06,447.71,450.39
2023-09-15,447.27,447.33,442.99,443.42
2023-09-18,443.14,444.95,442.56,443.54
2023-09-19,442.6,443.28,439.94,442.76
2023-09-20,443.6,444.43,438.43,438.43
2023-09-21,435.96,435.96,431.58,431.59
2023-09-22,432.13,434.09,429.98,430.46
2023-09-25,429.28,432.18,428.72,432.07
2023-09-26,429.35,429.81,425.02,425.96
2023-09-27,427.3,427.66,422.29,425.72
2023-09-28,425.18,430.24,424.87,428.54
2023-09-29,431.2,431.73,425.92,427.35
2023-10-02,426.45,428.59,424.46,427.13
2023-10-03,425.29,426.64,420.18,421.25
2023-10-04,422.52,425.42,420.56,425.2
2023-10-05,424.33,425.35,421.18,424.57
2023-10-06,422.16,431.12,420.59,429.51
2023-10-09,427.65,432.86,427.01,432.07
2023-10-10,432.68,437.2,432.54,434.42
2023-10-11,436.19,436.53,433.17,436.38
2023-10-12,436.59,437.32,431.23,433.65
2023-10-13,435.68,436.44,429.89,431.24
2023-10-16,433.58,437.12,433.58,436.47
2023-10-17,433.13,438.12,432.45,435.89
2023-10-18,434.23,435.16,429.09,430.3
2023-10-19,431.18,432.8,425.73,426.95
2023-10-20,425.91,426.53,421.12,421.37
2023-10-23,419.77,424.43,417.8,420.28
2023-10-24,422.99,424.79,420.73,423.9
2023-10-25,421.64,421.66,417.01,417.48
2023-10-26,416.5,417.32,411.62,412.77
2023-10-27,414.16,414.56,409.21,410.27
2023-10-30,413.75,416.67,412.22,415.67
2023-10-31,415.76,418.5,414.21,418.44
2023-11-01,419.01,423.49,418.63,422.75
2023-11-02,426.76,430.9,426.75,430.55
2023-11-03,433.2,436.29,433.2,434.71
2023-11-06,436.12,436.13,433.67,435.44
2023-11-07,435.5,437.58,434.51,436.82
2023-11-08,437.58,438.08,434.88,437.27
2023-11-09,438.04,438.15,433.4,433.67
2023-11-10,435.56,440.92,434.43,440.52
2023-11-13,439.42,441.32,438.42,440.21
2023-11-14,446.43,450.05,446.09,448.39
2023-11-15,450.22,451.37,448.8,449.66
2023-11-16,449.48,450.55,448.11,450.05
2023-11-17,450.38,451.39,449.31,450.82
2023-11-20,450.79,455.12,450.79,453.97
2023-11-21,453.09,453.63,451.95,453.27
2023-11-22,455.33,456.38,453.88,455.18
2023-11-24,454.85,455.44,454.73,455.2
2023-11-27,455.17,455.49,454.07,454.52
2023-11-28,453.93,456.26,453.51,455.03
2023-11-29,457.16,458.31,454.2,454.44
2023-11-30,455.33,456.68,453.34,456.64
2023-12-01,455.57,459.63,455.18,459.01
2023-12-04,455.75,456.93,454.37,456.74
2023-12-05,455.44,457.58,454.88,456.27
2023-12-06,458.66,458.83,454.33,454.4
2023-12-07,456.96,458.88,456.29,458.22
2023-12-08,457.87,460.74,457.23,460.16
2023-12-11,459.58,462.15,459.47,462.09
2023-12-12,461.52,464.13,460.6,463.87
2023-12-13,464.43,470.75,464.12,470.25
2023-12-14,472.93,473.72,469.25,471.66
2023-12-15,469.32,470.61,468.45,470.03
2023-12-18,471.04,472.97,471.0,472.05
2023-12-19,472.72,474.68,472.72,474.67
2023-12-20,473.95,475.89,468.06,468.14
2023-12-21,471.79,472.89,468.83,472.79
2023-12-22,473.98,475.37,471.7,473.44
2023-12-26,474.23,476.56,474.11,475.55
2023-12-27,475.43,476.65,474.92,475.81
2023-12-28,477.08,477.54,476.26,476.61
2023-12-29,476.71,477.02,473.3,475.09
2024-01-02,472.51,473.65,470.48,472.58
2024-01-03,470.46,471.17,468.16,468.71
2024-01-04,468.45,470.95,467.05,467.28
2024-01-05,467.44,470.42,466.46,468.0
2024-01-08,468.65,474.68,468.54,474.63
2024-01-09,471.87,474.91,471.35,473.86
2024-01-10,474.43,477.44,473.87,476.6
2024-01-11,477.67,478.1,472.26,476.58
2024-01-12,477.91,478.59,475.22,476.75
2024-01-16,475.49,476.6,473.06,474.82
2024-01-17,471.73,472.78,469.86,472.48
2024-01-18,474.05,477.04,472.43,476.67
2024-01-19,477.43,482.64,476.97,482.14
2024-01-22,484.04,485.21,482.78,483.57
2024-01-23,484.23,485.1,482.89,484.89
2024-01-24,487.44,488.76,485.0,485.13
2024-01-25,487.0,488.29,485.39,487.73
2024-01-26,487.69,489.11,486.56,487.37
2024-01-29,487.63,491.4,487.16,491.26
2024-01-30,490.93,491.61,490.1,490.96
2024-01-31,488.69,489.08,483.04,483.51
2024-02-01,485.29,489.07,483.8,488.89
2024-02-02,489.79,496.05,489.29,494.62
2024-02-05,493.25,494.16,490.24,493.12
2024-02-06,493.89,494.31,492.05,493.77
2024-02-07,496.27,498.5,495.36,497.88
2024-02-08,497.81,498.58,497.26,498.13
2024-02-09,498.79,501.64,498.69,501.1
2024-02-12,501.29,503.48,500.24,500.75
2024-02-13,494.3,495.84,490.71,494.04
2024-02-14,497.06,498.69,494.4,498.6
2024-02-15,499.57,502.19,498.79,501.77
2024-02-16,501.43,502.85,498.75,499.36
2024-02-20,498.04,498.36,494.52,496.3
2024-02-21,495.3,497.36,493.56,497.21
2024-02-22,503.18,508.47,503.01,507.67
2024-02-23,509.79,510.12,507.1,508.43
2024-02-26,508.54,508.73,506.02,506.13
2024-02-27,506.48,507.15,504.74,507.01
2024-02-28,505.3,506.85,504.97,506.02
2024-02-29,508.44,509.73,505.35,509.48
2024-03-01,509.47,513.25,508.56,513.06
2024-03-04,512.23,514.18,512.0,512.33
2024-03-05,510.24,510.69,504.91,507.25
2024-03-06,510.66,512.06,508.4,509.85
2024-03-07,512.95,515.88,512.18,515.13
2024-03-08,515.86,518.22,511.12,511.98
2024-03-11,510.63,511.86,508.51,511.18
2024-03-12,513.58,517.35,510.85,517.05
2024-03-13,516.76,517.28,514.49,516.05
2024-03-14,516.74,517.12,511.82,514.39
2024-03-15,510.75,511.69,508.36,509.26
2024-03-18,514.55,515.47,512.45,512.45
2024-03-19,511.46,515.98,511.13,515.93
2024-03-20,515.72,520.61,515.07,520.16
2024-03-21,523.05,524.11,522.03,522.43
2024-03-22,522.35,522.6,520.99,521.94
2024-03-25,520.1,520.95,519.6,519.72
2024-03-26,521.04,521.52,518.43,518.57
2024-03-27,521.54,522.95,519.48,522.88
2024-03-28,522.92,524.6,522.78,523.93
2024-04-01,523.62,524.36,520.97,522.29
2024-04-02,518.26,518.95,516.5,518.72
2024-04-03,518.01,520.94,517.79,519.36
2024-04-04,523.27,523.86,512.76,512.98
2024-04-05,514.8,520.43,514.07,518.63
2024-04-08,519.33,520.16,517.89,518.47
2024-04-09,520.42,520.74,514.34,518.85
2024-04-10,512.92,516.15,512.09,514.93
2024-04-11,515.13,519.47,512.08,518.39
2024-04-12,514.83,515.8,509.08,510.45
2024-04-15,514.7,515.25,503.58,504.68
2024-04-16,504.64,506.44,502.26,503.47
2024-04-17,505.9,506.18,499.12,501.18
2024-04-18,501.7,504.12,498.56,499.36
2024-04-19,499.24,500.43,493.86,495.24
2024-04-22,497.18,502.37,495.43,499.01
2024-04-23,501.66,506.08,501.22,505.05
2024-04-24,506.22,507.35,503.13,505.92
2024-04-25,499.17,504.26,497.49,503.39
2024-04-26,505.95,509.87,505.7,508.58
2024-04-29,510.41,510.74,507.25,509.91
2024-04-30,508.21,509.55,502.51,502.52
2024-05-01,501.31,508.15,499.85,500.49
2024-05-02,503.74,505.88,499.54,504.36
2024-05-03,510.88,512.4,508.55,511.16
2024-05-06,513.45,516.41,513.3,516.4
2024-05-07,517.89,518.56,516.45,517.54
2024-05-08,515.7,517.71,515.29,517.61
2024-05-09,517.56,520.2,516.7,520.0
2024-05-10,521.68,522.63,519.58,521.25
2024-05-13,522.38,522.38,519.73,520.68
2024-05-14,521.36,523.82,520.55,523.69
2024-05-15,526.08,530.07,525.17,529.85
2024-05-16,530.12,531.51,528.9,529.18
2024-05-17,528.93,529.3,527.3,529.0
2024-05-20,529.81,531.55,529.17,529.54
2024-05-21,529.1,531.49,529.1,531.34
2024-05-22,530.71,531.37,527.6,529.23
2024-05-23,532.22,532.24,524.72,525.86
2024-05-24,527.78,530.26,526.88,529.33
2024-05-28,530.44,530.49,527.09,529.15
2024-05-29,525.79,527.3,525.4,525.64
2024-05-30,524.66,525.18,521.32,522.55
2024-05-31,523.66,526.75,518.35,526.59
2024-06-03,528.72,529.13,522.6,527.17
2024-06-04,526.34,529.15,524.95,528.41
2024-06-05,530.37,534.6,528.75,534.42
2024-06-06,534.83,535.4,532.67,534.27
2024-06-07,533.1,536.88,532.52,534.18
2024-06-10,532.89,535.97,532.56,535.11
2024-06-11,533.42,536.74,532.04,536.73
2024-06-12,541.62,544.06,540.3,541.87
2024-06-13,542.66,543.14,539.59,543.12
2024-06-14,540.95,542.49,539.85,542.44
2024-06-17,541.97,548.41,541.6,546.92
2024-06-18,547.33,548.6,546.72,548.4
2024-06-20,548.89,550.1,545.19,546.87
2024-06-21,544.44,545.64,543.03,544.33
2024-06-24,544.23,546.93,542.65,542.82
2024-06-25,543.52,545.1,542.46,544.97
2024-06-26,543.27,546.22,543.01,545.93
2024-06-27,545.45,546.92,544.63,545.64
2024-06-28,546.85,550.26,542.94,544.29
2024-07-01,545.79,545.86,542.51,545.39
2024-07-02,544.06,548.87,544.05,548.85
2024-07-03,549.27,551.79,548.87,551.77
2024-07-05,551.84,555.04,551.1,554.9
2024-07-08,555.6,556.25,554.23,554.98
2024-07-09,556.09,557.17,555.52,555.87
2024-07-10,557.12,561.59,556.77,561.49
2024-07-11,561.66,562.31,555.82,556.85
2024-07-12,557.78,563.65,557.28,559.31
2024-07-15,562.08,564.81,559.63,560.75
2024-07-16,562.99,565.14,562.09,565.11
2024-07-17,559.41,560.5,556.6,557.32
2024-07-18,558.13,559.52,550.43,552.37
2024-07-19,551.99,554.03,547.9,548.37
2024-07-22,552.29,555.26,551.02,554.59
2024-07-23,554.32,556.73,553.27,553.37
2024-07-24,549.07,549.12,540.29,540.93
2024-07-25,541.07,547.45,537.44,538.6
2024-07-26,541.55,547.17,541.51,543.82
2024-07-29,544.91,547.03,542.71,544.63
2024-07-30,546.54,547.31,538.5,542.74
2024-07-31,548.37,553.47,547.56,550.67
2024-08-01,553.07,554.85,539.42,542.66
2024-08-02,535.12,536.96,528.6,532.58
2024-08-05,511.72,523.56,511.14,516.87
2024-08-06,519.24,529.7,517.87,522.36
2024-08-07,528.72,531.57,518.05,518.37
2024-08-08,523.74,531.28,521.83,529.79
2024-08-09,530.14,534.48,528.55,533.21
2024-08-12,534.05,535.7,530.95,532.44
2024-08-13,536.86,542.11,536.33,541.93
2024-08-14,543.04,544.94,540.12,544.48
2024-08-15,549.99,553.34,548.87,552.15
2024-08-16,551.69,554.99,551.56,553.97
2024-08-19,554.84,559.24,553.86,559.2
2024-08-20,559.48,560.83,557.31,558.56
2024-08-21,559.6,562.11,557.97,560.84
2024-08-22,562.86,563.11,554.98,555.23
2024-08-23,558.91,563.07,557.29,562.31
2024-08-26,563.37,563.88,559.04,560.04
2024-08-27,559.23,562.04,558.31,561.38
2024-08-28,561.56,561.61,555.03,558.41
2024-08-29,560.1,563.65,557.22,558.05
2024-08-30,560.72,564.03,557.12,563.79
2024-09-03,560.62,560.65,549.5,551.54
2024-09-04,550.31,554.39,549.45,551.64
2024-09-05,551.06,553.77,547.09,548.58
2024-09-06,550.87,551.57,539.49,540.25
2024-09-09,544.8,547.69,542.67,546.31
2024-09-10,548.4,548.97,543.38,548.97
2024-09-11,547.97,555.33,539.93,555.0
2024-09-12,554.85,559.35,552.73,558.65
2024-09-13,559.69,563.01,559.69,562.01
2024-09-16,561.88,563.09,559.88,563.03
2024-09-17,565.15,566.56,560.78,562.88
2024-09-18,562.89,568.65,560.85,561.35
2024-09-19,570.4,572.88,568.07,570.67
2024-09-20,567.83,569.29,565.14,568.06
2024-09-23,568.78,570.31,568.1,569.54
2024-09-24,569.93,571.19,567.61,570.77
2024-09-25,571.55,571.85,568.91,569.77
2024-09-26,573.96,574.13,569.89,572.58
2024-09-27,573.33,574.21,570.4,571.58
2024-09-30,570.91,574.36,568.09,573.98
2024-10-01,572.52,572.55,566.01,568.64
2024-10-02,566.96,569.89,565.26,569.07
2024-10-03,567.5,569.79,565.48,568.0
2024-10-04,571.83,573.34,568.16,573.1
2024-10-07,571.24,571.93,566.61,567.47
2024-10-08,570.11,573.73,569.51,573.37
2024-10-09,572.8,577.69,572.54,577.51
2024-10-10,575.61,577.56,574.49,576.27
2024-10-11,576.58,580.31,576.46,579.59
2024-10-14,580.88,585.25,580.85,584.22
2024-10-15,584.61,584.84,578.54,579.38
2024-10-16,579.26,582.81,578.94,582.13
2024-10-17,585.37,585.58,582.16,582.35
2024-10-18,583.2,585.39,582.59,584.55
2024-10-21,584.05,584.82,580.6,583.31
2024-10-22,580.48,584.48,580.41,583.53
2024-10-23,581.26,581.64,574.41,577.86
2024-10-24,579.09,579.9,576.57,579.26
2024-10-25,582.37,584.45,578.07,578.63
2024-10-28,581.85,582.5,580.52,580.82
2024-10-29,579.15,582.9,578.42,581.46
2024-10-30,581.24,583.3,579.28,579.73
2024-10-31,574.64,575.51,569.7,569.78
2024-11-01,571.63,575.54,570.61,570.83
2024-11-04,570.98,572.48,567.87,569.29
2024-11-05,571.75,576.42,571.63,576.27
2024-11-06,588.24,591.91,585.4,590.75
2024-11-07,593.36,596.63,593.0,595.44
2024-11-08,596.51,599.61,596.27,598.06
2024-11-11,600.02,600.13,597.0,598.2
2024-11-12,598.46,599.28,594.36,596.86
2024-11-13,597.21,599.2,594.95,597.18
2024-11-14,597.43,597.76,592.65,593.14
2024-11-15,589.97,590.12,583.86,585.74
2024-11-18,585.59,589.49,585.33,587.74
2024-11-19,585.25,591.04,584.02,590.29
2024-11-20,590.42,590.75,584.61,590.14
2024-11-21,593.4,595.08,587.44,593.75
2024-11-22,593.56,596.12,593.17,595.9
2024-11-25,599.09,600.82,595.2,597.6
2024-11-26,599.19,601.28,598.06,601.09
2024-11-27,600.13,600.82,597.28,598.68
2024-11-29,599.69,603.33,599.66,602.49
2024-12-02,603.28,604.3,602.46,603.7
2024-12-03,603.31,604.15,602.34,603.96
2024-12-04,605.65,607.87,604.94,607.5
2024-12-05,607.75,608.47,606.3,606.46
2024-12-06,607.79,609.05,607.01,607.97
2024-12-09,607.65,607.85,604.08,604.29
2024-12-10,604.81,605.68,602.12,602.48
2024-12-11,605.8,608.41,605.76,607.52
2024-12-12,606.17,607.14,604.43,604.61
2024-12-13,606.02,607.12,602.81,604.32
2024-12-16,605.98,607.77,605.21,606.48
2024-12-17,603.94,605.16,602.89,604.56
2024-12-18,603.92,606.4,586.28,587.92
2024-12-19,592.05,592.98,586.01,586.49
2024-12-20,582.18,595.73,580.91,590.09
2024-12-23,591.61,595.27,587.65,594.9
2024-12-24,595.62,600.97,595.54,600.94
2024-12-26,599.91,602.47,598.07,601.43
2024-12-27,597.43,597.62,590.76,594.64
2024-12-30,587.19,591.7,584.4,588.77
2024-12-31,589.89,590.63,584.41,585.58
2025-01-02,589.49,591.11,580.5,584.26
2025-01-03,587.94,592.59,586.4,591.75
2025-01-06,596.13,599.69,593.56,594.79
2025-01-07,597.49,597.69,586.78,588.61
2025-01-08,588.22,590.55,585.16,589.32
2025-01-10,584.41,585.7,578.56,580.77
2025-01-13,575.68,581.75,575.33,581.55
2025-01-14,583.37,584.99,578.35,581.56
2025-01-15,590.45,593.93,589.17,592.84
2025-01-16,593.36,594.35,590.94,591.84
2025-01-17,596.59,599.35,595.6,597.37
2025-01-21,600.48,602.95,598.65,602.73
2025-01-22,605.88,607.81,605.45,606.54
2025-01-23,605.69,609.46,605.51,609.43
2025-01-24,609.93,610.76,606.8,608.0
2025-01-27,597.39,599.67,596.04,599.1
2025-01-28,599.59,605.33,597.25,604.44
2025-01-29,603.5,604.11,599.2,602.04
2025-01-30,604.18,606.59,600.7,604.82
2025-01-31,607.73,609.94,601.04,601.92
2025-02-03,593.31,600.27,590.49,597.98
2025-02-04,597.35,602.3,597.31,602.02
2025-02-05,600.36,604.16,598.57,604.14
2025-02-06,605.47,606.44,602.63,606.21
2025-02-07,607.19,608.12,600.05,600.72
2025-02-10,603.98,605.48,602.72,604.57
2025-02-11,602.89,605.85,602.68,605.01
2025-02-12,598.63,604.53,598.63,603.38
2025-02-13,604.76,609.91,603.2,609.83
2025-02-14,609.96,610.98,609.08,610.03
2025-02-18,610.46,611.03,608.37,611.01
2025-02-19,609.95,613.19,609.56,612.87
2025-02-20,611.57,611.66,607.02,610.47
2025-02-21,609.66,609.93,599.47,599.99
2025-02-24,602.42,603.01,596.47,596.89
2025-02-25,596.55,597.86,589.56,594.52
2025-02-26,595.68,599.57,591.83,593.81
2025-02-27,596.73,598.01,584.93,584.93
2025-02-28,584.47,594.38,582.44,594.37
2025-03-03,596.61,597.32,579.9,583.55
2025-03-04,578.72,585.37,572.22,576.58
2025-03-05,577.08,584.85,573.08,583.19
2025-03-06,575.0,580.15,570.12,572.57
2025-03-07,571.7,577.36,565.63,576.42
2025-03-10,568.6,569.5,555.58,560.22
2025-03-11,559.52,562.84,552.01,556.81
2025-03-12,562.81,563.1,553.67,559.14
2025-03-13,557.87,559.07,549.69,550.84
2025-03-14,556.04,563.82,555.49,563.66
2025-03-17,563.18,569.69,562.8,567.16
2025-03-18,564.28,564.69,559.07,560.88
2025-03-19,562.39,570.93,561.63,566.74
2025-03-20,563.27,570.55,563.15,565.58
2025-03-21,559.02,564.58,558.02,564.58
2025-03-24,570.27,575.12,570.27,574.67
2025-03-25,575.36,576.41,573.7,575.14
2025-03-26,575.3,576.19,567.18,569.01
2025-03-27,567.2,570.88,564.94,567.35
2025-03-28,564.85,566.25,555.06,555.85
2025-03-31,549.95,560.68,546.86,559.83
2025-04-01,556.45,562.92,553.66,561.06
2025-04-02,555.75,567.4,555.61,565.35
2025-04-03,546.63,547.94,537.57,537.73
2025-04-04,524.69,524.74,505.07,505.52
2025-04-07,488.89,523.11,481.78,504.09
2025-04-08,520.42,524.96,489.16,495.87
2025-04-09,495.44,546.3,493.1,543.59
2025-04-10,531.38,533.47,509.57,524.8
2025-04-11,522.36,536.4,520.11,534.01
2025-04-14,542.34,543.83,533.85,538.61
2025-04-15,539.72,543.21,536.8,537.86
2025-04-16,532.89,535.08,520.29,526.07
2025-04-17,527.66,531.15,523.88,526.34
2025-04-21,521.04,521.2,508.46,514.67
2025-04-22,519.86,529.29,519.19,527.33
2025-04-23,540.86,545.19,533.87,536.48
2025-04-24,536.89,547.2,535.43,546.92
2025-04-25,546.54,551.02,543.69,550.67
2025-04-28,552.12,553.53,545.04,551.65
2025-04-29,549.6,555.42,548.9,554.49
2025-04-30,545.77,556.45,541.5,555.21
2025-05-01,559.36,564.03,558.44,558.51
2025-05-02,565.12,568.35,562.35,566.5
2025-05-05,562.53,566.63,561.69,563.32
2025-05-06,558.53,563.32,556.95,559.89
2025-05-07,560.74,563.76,556.02,561.38
2025-05-08,565.05,570.3,561.69,564.86
2025-05-09,566.95,567.49,562.8,564.21
2025-05-12,579.65,582.64,577.0,582.49
2025-05-13,582.91,589.06,582.87,587.37
2025-05-14,588.1,588.97,585.52,587.51
2025-05-15,586.09,590.95,585.08,589.84
2025-05-16,590.47,594.38,589.28,594.3
2025-05-19,588.76,595.53,588.45,594.6
2025-05-20,593.47,594.04,589.61,592.38
2025-05-21,589.42,592.58,581.81,583.54
2025-05-22,583.12,586.61,581.39,582.81
2025-05-23,576.29,581.79,576.05,579.75
2025-05-27,585.46,591.3,584.34,590.57
2025-05-28,591.51,592.75,586.98,587.56
2025-05-29,591.89,592.2,586.07,590.0
2025-05-30,588.37,591.11,583.22,590.22
2025-06-02,588.48,592.71,585.06,592.34
2025-06-03,592.74,597.07,591.85,596.4
2025-06-04,597.22,597.93,595.48,596.3
2025-06-05,596.85,598.94,591.05,592.33
2025-06-06,598.87,600.82,596.84,599.35
2025-06-09,599.13,601.24,598.47,599.95
2025-06-10,600.4,603.45,599.08,602.89
2025-06-11,603.03,605.04,599.25,601.16
2025-06-12,599.97,603.6,599.51,603.26
2025-06-13,600.05,601.84,595.53,596.27
2025-06-16,601.14,604.38,601.07,601.92
2025-06-17,600.57,601.7,596.75,597.5
2025-06-18,597.67,601.2,596.47,597.21
2025-06-20,598.04,599.44,592.85,594.17
2025-06-23,594.4,600.52,591.9,600.43
2025-06-24,604.59,607.83,603.44,607.08
2025-06-25,608.06,608.47,605.52,606.9
2025-06-26,609.22,612.3,608.36,612.18
2025-06-27,613.28,616.39,610.82,615.01
2025-06-30,616.78,619.21,615.04,618.6
2025-07-01,616.77,618.82,615.53,617.64
2025-07-02,616.8,620.44,616.6,620.4
2025-07-03,623.05,626.27,623.01,625.65
2025-07-07,623.54,623.97,617.87,620.58
2025-07-08,620.88,622.1,619.51,620.31
2025-07-09,623.2,624.71,620.91,624.06
2025-07-10,623.98,626.87,623.01,625.82
2025-07-11,622.85,624.85,621.52,623.74
2025-07-14,622.88,625.15,621.79,624.91
2025-07-15,627.71,627.82,622.5,622.64
2025-07-16,623.46,624.71,618.03,624.25
2025-07-17,624.7,628.4,624.36,628.19
2025-07-18,629.13,629.25,626.45,627.42
2025-07-21,629.03,631.52,628.34,628.5
2025-07-22,628.44,629.61,626.24,629.5
2025-07-23,631.01,633.71,629.7,633.5
2025-07-24,634.27,636.13,634.02,634.85
2025-07-25,635.06,637.57,634.82,636.95
2025-07-28,637.48,638.03,635.53,636.83
2025-07-29,638.26,638.57,634.33,634.99
2025-07-30,635.56,637.67,631.52,634.45
2025-07-31,638.57,639.84,630.75,631.76
2025-08-01,625.34,625.34,619.31,621.96
2025-08-04,626.45,631.2,626.37,631.0
2025-08-05,631.34,632.6,627.05,627.92
2025-08-06,629.09,633.42,628.12,632.58
2025-08-07,636.08,636.96,629.12,631.65
2025-08-08,634.33,637.63,633.72,637.06
2025-08-11,637.21,638.92,634.64,635.35
2025-08-12,637.94,642.8,636.77,642.71
2025-08-13,645.01,646.18,642.68,645.01
2025-08-14,642.59,645.6,642.32,645.45
2025-08-15,645.33,645.72,642.5,643.33
2025-08-18,643.03,643.92,642.18,643.56
2025-08-19,642.61,644.09,638.48,639.37
2025-08-20,638.78,639.08,632.94,637.92
2025-08-21,635.33,637.96,633.8,635.18
2025-08-22,637.72,646.48,637.55,644.82
2025-08-25,643.79,645.28,642.77,642.9
2025-08-26,642.48,645.47,641.56,645.29
2025-08-27,645.01,647.35,644.8,647.11
2025-08-28,647.8,649.47,645.33,649.08
2025-08-29,647.7,647.71,643.13,644.74
2025-09-02,636.21,640.47,634.92,640.32
2025-09-03,642.53,644.21,640.45,643.05
2025-09-04,644.48,649.13,643.5,648.9
2025-09-05,652.12,652.2,643.31,646.7
2025-09-08,648.27,649.82,647.21,648.4
2025-09-09,649.28,650.85,647.21,650.42
2025-09-10,652.96,654.54,650.62,652.43
2025-09-11,654.5,658.32,653.59,657.97
2025-09-12,657.67,659.06,656.89,657.81
2025-09-15,659.95,661.03,659.37,660.66
2025-09-16,661.37,661.67,659.2,660.1
2025-09-17,660.3,661.69,654.27,658.81
2025-09-18,662.07,664.86,660.27,662.5
2025-09-19,661.89,664.55,660.36,664.16
2025-09-22,662.6,667.28,662.22,666.91
2025-09-23,666.86,667.34,661.99,663.05
2025-09-24,664.16,664.29,659.65,661.25
2025-09-25,657.18,659.39,654.4,657.88
2025-09-26,659.41,662.34,657.89,661.87
2025-09-29,664.3,665.17,661.85,663.3
2025-09-30,663.16,666.64,661.61,666.35
2025-10-01,664.24,669.36,663.07,668.87
2025-10-02,670.31,670.56,666.76,669.05
2025-10-03,670.63,672.67,668.17,669.05
2025-10-06,671.33,672.5,669.46,671.91
2025-10-07,672.67,672.98,667.67,668.86
2025-10-08,670.23,673.2,669.43,673.07
2025-10-09,673.91,673.91,669.21,670.67
2025-10-10,672.37,673.92,652.83,653.24
2025-10-13,661.41,664.6,659.76,663.24
2025-10-14,656.62,665.82,653.18,662.36
2025-10-15,666.65,670.22,658.92,664.77
2025-10-16,667.46,668.7,657.12,660.32
2025-10-17,659.89,665.74,658.13,664.63
2025-10-20,668.39,672.2,668.31,671.3
2025-10-21,671.17,672.98,669.98,671.8
2025-10-22,670.98,671.84,663.3,667.51
2025-10-23,668.18,672.71,668.06,671.65
2025-10-24,675.76,678.46,675.73,677.07
2025-10-27,682.83,685.53,682.1,685.34
2025-10-28,687.08,688.9,684.82,687.23
2025-10-29,688.56,689.69,682.87,686.43
2025-10-30,683.42,685.91,679.98,680.04
2025-10-31,684.41,684.77,679.21,682.4
2025-11-03,685.09,685.31,679.93,682.98
2025-11-04,676.03,679.95,674.58,675.14
2025-11-05,674.95,680.86,674.16,677.6
2025-11-06,676.8,677.37,668.72,670.05
2025-11-07,666.54,670.89,661.21,670.87
2025-11-10,677.93,682.15,675.03,681.32
2025-11-11,680.33,683.56,678.73,682.43
2025-11-12,684.11,684.95,680.94,682.68
2025-11-13,680.31,680.84,670.51,671.51
2025-11-14,664.77,675.65,663.25,671.28
2025-11-17,669.38,673.69,662.18,665.59
2025-11-18,661.07,665.1,655.87,660.47
2025-11-19,660.64,667.32,658.74,662.56
2025-11-20,673.63,675.54,651.99,652.44
2025-11-21,654.65,664.53,650.84,658.44
2025-11-24,663.67,670.05,661.58,668.95
2025-11-25,668.78,676.2,664.48,675.36
2025-11-26,678.03,681.68,676.71,680.25
2025-11-28,681.1,683.29,680.52,683.22
2025-12-01,679.04,682.97,678.73,679.6
2025-12-02,681.99,683.82,679.31,681.71
2025-12-03,680.57,684.89,679.67,683.82
2025-12-04,684.91,685.25,681.33,683.92
2025-12-05,686.3,688.38,684.58,685.56
2025-12-08,686.2,686.45,681.56,682.8
2025-12-09,683.14,685.37,682.62,682.67
2025-12-10,682.29,688.96,681.3,687.57
2025-12-11,684.89,689.24,682.16,688.91
2025-12-12,688.46,688.87,679.16,681.54
2025-12-15,685.01,685.41,679.27,680.82
2025-12-16,680.42,681.05,674.99,679.59
2025-12-17,680.07,680.31,671.2,671.2
2025-12-18,678.34,680.7,674.9,676.47
2025-12-19,677.66,681.08,677.34,680.13
2025-12-22,684.39,685.34,682.7,685.02
2025-12-23,684.92,688.19,684.36,688.09
2025-12-24,688.26,690.82,688.03,690.36
2025-12-26,690.41,691.65,689.26,690.24
2025-12-29,687.71,689.18,686.08,687.7
2025-12-30,687.52,688.54,686.58,687.09
2025-12-31,687.12,687.34,682.18,682.21
2026-01-02,685.35,686.86,679.8,682.78
2026-01-05,687.39,689.42,686.51,687.47
2026-01-06,688.45,692.3,687.78,691.99
2026-01-07,691.95,693.96,689.33,689.52
2026-01-08,688.79,690.6,687.49,689.66
2026-01-09,690.76,695.29,689.2,694.37
2026-01-12,691.73,696.08,691.59,695.19
2026-01-13,695.4,696.08,691.36,693.53
2026-01-14,690.28,691.71,686.13,689.92
2026-01-15,694.39,695.44,691.29,691.61
2026-01-16,693.91,694.21,690.11,692.0
2026-01-20,682.04,684.76,676.57,677.07
2026-01-21,679.66,688.74,678.14,685.14
2026-01-22,690.08,691.12,686.93,688.68
2026-01-23,688.44,690.95,687.16,689.47
2026-01-26,691.08,694.11,690.71,692.77
2026-01-27,693.92,696.52,693.56,695.65
2026-01-28,697.61,697.82,693.97,695.99
2026-01-29,696.27,696.53,684.83,694.64
2026-01-30,691.66,694.17,687.11,691.57
2026-02-02,690.3,696.92,690.16,695.59
2026-02-03,696.37,696.5,684.03,689.64
2026-02-04,689.39,691.44,681.75,686.22
2026-02-05,679.34,683.65,675.79,677.74
2026-02-06,681.81,692.3,681.25,691.29
2026-02-09,688.91,695.85,688.64,694.68
2026-02-10,695.33,696.52,691.65,692.1
2026-02-11,697.05,697.08,689.17,692.34
2026-02-12,694.37,695.32,680.38,681.24
2026-02-13,682.19,686.26,677.51,681.42
2026-02-17,681.38,684.93,675.78,682.22
2026-02-18,684.02,689.12,683.22,686.63
2026-02-19,684.25,686.16,681.55,684.14
2026-02-20,682.25,689.94,682.14,688.96
2026-02-23,688.82,689.99,680.37,681.62
2026-02-24,680.75,688.33,680.0,687.62
2026-02-25,690.66,693.67,690.17,693.04
2026-02-26,692.55,692.79,684.35,689.08
2026-02-27,682.99,686.27,681.65,685.96
2026-03-02,680.08,688.59,679.66,686.96
2026-03-03,676.17,682.59,669.65,680.14
2026-03-04,682.31,687.07,679.6,685.66
2026-03-05,682.82,685.52,675.6,681.58
2026-03-06,672.54,676.09,669.75,673.08
2026-03-09,666.59,679.87,662.39,678.51
2026-03-10,678.49,683.35,674.75,676.62
2026-03-11,677.86,680.05,673.32,676.28
2026-03-12,670.03,671.63,665.97,666.06
2026-03-13,669.74,672.31,661.36,662.22
2026-03-16,668.5,672.02,667.13,668.95
2026-03-17,672.64,674.4,670.08,670.58
2026-03-18,668.38,669.65,661.45,661.54
2026-03-19,656.02,662.95,655.33,660.06
2026-03-20,655.43,656.65,644.71,648.35
2026-03-23,657.7,662.58,653.93,655.6
2026-03-24,652.33,657.01,649.88,652.69
2026-03-25,659.87,660.85,654.23,656.39
2026-03-26,651.6,654.82,644.91,645.16
2026-03-27,641.15,642.43,633.1,634.75
2026-03-30,640.15,640.27,629.28,631.7
2026-03-31,639.28,651.51,637.97,650.06
2026-04-01,653.73,658.51,653.0,655.4
2026-04-02,647.33,657.8,645.09,655.71
2026-04-06,656.71,659.63,655.52,658.64
2026-04-07,655.85,659.12,651.05,658.54
2026-04-08,675.43,676.6,671.51,675.48
2026-04-09,674.96,681.15,673.76,680.1
2026-04-10,681.53,682.02,678.44,679.3
2026-04-13,677.52,686.26,676.55,686.0
2026-04-14,688.19,694.55,688.08,694.22
2026-04-15,695.12,700.24,694.27,700.07
2026-04-16,700.67,702.74,698.52,701.77
2026-04-17,706.56,712.34,705.76,710.21
2026-04-20,708.85,709.88,706.13,708.44
2026-04-21,709.24,711.26,702.63,704.06
2026-04-22,708.94,711.29,708.21,711.25
2026-04-23,709.72,712.35,702.28,708.72
2026-04-24,710.13,714.45,709.0,714.22
2026-04-27,713.85,715.52,712.28,715.21
2026-04-28,710.88,712.87,709.23,711.83
2026-04-29,710.3,712.18,708.41,710.63
2026-04-30,713.21,719.67,710.43,719.02
2026-05-01,721.61,724.85,720.78,721.01
2026-05-04,719.65,722.09,715.02,717.85
2026-05-05,721.7,725.03,721.67,723.67
2026-05-06,728.54,734.57,728.3,734.27
2026-05-07,734.67,736.1,729.74,731.21
2026-05-08,735.0,737.94,734.55,737.5
2026-05-11,737.39,740.72,737.32,738.88
2026-05-12,736.24,738.83,731.82,738.35
2026-05-13,737.33,743.87,735.46,742.36
2026-05-14,744.44,749.52,744.23,747.85
2026-05-15,740.7,743.45,737.96,738.97
2026-05-18,739.68,741.4,733.39,738.22
2026-05-19,734.35,737.61,731.51,733.27
2026-05-20,735.46,741.84,733.89,741.16
2026-05-21,737.61,744.86,737.16,742.94
2026-05-22,746.91,748.9,744.45,746.05
2026-05-26,749.6,752.12,748.35,750.15
2026-05-27,750.85,751.36,748.19,750.41
2026-05-28,749.97,755.14,749.23,754.73
2026-05-29,756.0,758.06,754.68,756.4
2026-06-01,755.29,760.19,755.15,758.29
2026-06-02,757.58,760.38,756.73,759.37
2026-06-03,758.55,758.77,753.56,754.52
2026-06-04,751.9,758.3,751.6,757.43
2026-06-05,752.46,752.8,735.52,738.16
2026-06-08,743.79,745.33,738.17,739.32
2026-06-09,743.89,746.89,722.59,736.91
2026-06-10,733.04,738.36,725.48,726.79
2026-06-11,727.91,739.99,724.36,738.46
2026-06-12,739.29,744.41,735.03,741.84
2026-06-15,752.5,756.65,752.48,753.8
2026-06-16,754.93,755.41,750.09,750.65
2026-06-17,750.39,752.12,739.25,740.69
2026-06-18,747.38,748.11,743.85,747.94
2026-06-22,748.97,750.17,743.12,744.31
2026-06-23,733.52,739.61,732.41,734.81
2026-06-24,734.4,739.94,730.83,732.31
2026-06-25,737.99,738.05,729.6,732.06
2026-06-26,729.32,736.5,726.86,733.32
2026-06-29,736.99,741.18,732.02,741.03
2026-06-30,741.54,748.0,740.89,747.23
2026-07-01,743.67,749.43,742.34,745.59
2026-07-02,747.9,751.24,740.02,745.36
2026-07-06,748.47,752.39,747.38,751.21
2026-07-07,750.71,750.95,745.2,747.78
2026-07-08,743.67,746.13,739.51,745.96
2026-07-09,746.0,751.95,745.57,751.36
2026-07-10,752.46,755.4,748.13,754.92
2026-07-13,753.46,753.9,748.03,749.52
2026-07-14,749.94,753.11,748.63,752.21
2026-07-15,754.6,755.57,750.19,754.56
2026-07-16,753.45,754.56,747.88,750.42
2026-07-17,742.39,747.26,740.78,743.97
2026-07-20,747.47,748.73,741.5,741.96
2026-07-21,745.47,749.03,744.18,748.31
2026-07-22,747.36,750.0,746.68,747.97
2026-07-23,739.69,742.56,735.18,738.46
2026-07-24,738.6,743.69,737.29,738.51
2026-07-27,744.6,745.51,735.85,738.84
2026-07-28,738.36,742.78,735.98,741.11
2026-07-29,738.75,742.67,729.47,729.73
2026-07-30,735.47,742.43,734.6,741.48
2026-07-31,745.35,748.88,737.65,748.26
2026-08-03,749.91,758.56,749.67,757.77
2026-08-04,761.48,773.4,761.48,771.59
2026-08-05,776.11,776.79,769.9,770.93
2026-08-06,770.02,771.8,767.46,768.81
2026-08-07,771.18,773.9,769.6,773.45
2026-08-10,773.41,775.01,771.92,772.59
2026-08-11,773.58,774.07,769.41,770.22
2026-08-12,773.19,773.62,771.16,772.36
2026-08-13,774.53,779.36,774.42,777.66
2026-08-14,778.37,778.79,775.41,776.07
2026-08-17,776.5,776.51,772.5,772.85
2026-08-18,769.33,769.48,767.12,767.39
2026-08-19,770.25,772.46,768.1,768.78
2026-08-20,766.62,768.13,762.16,762.44
2026-08-21,765.32,767.82,764.15,766.12
2026-08-24,764.11,765.2,762.08,763.76
2026-08-25,766.06,766.75,763.1,766.03
2026-08-26,765.44,767.3,763.91,765.97
2026-08-27,767.61,772.34,767.15,771.09
2026-08-28,771.71,775.28,768.3,769.53
2026-08-31,767.32,767.63,764.71,767.25
2026-09-01,761.8,764.65,759.48,761.21
2026-09-02,761.73,766.41,761.71,764.97
2026-09-03,768.36,774.01,767.49,772.86
2026-09-04,772.48,772.85,768.99,770.06
2026-09-08,768.85,769.17,765.33,765.34
2026-09-09,763.76,764.42,760.92,762.39
2026-09-10,757.8,759.95,756.63,757.96
2026-09-11,764.33,766.33,763.57,764.58
2026-09-14,758.8,763.51,757.93,761.13
2026-09-15,759.14,760.17,756.14,757.24
2026-09-16,759.3,761.57,749.57,753.94
2026-09-17,762.17,763.55,759.96,762.95
2026-09-18,761.51,761.98,757.96,761.46
2026-09-21,766.12,774.88,766.02,773.82
2026-09-22,774.92,775.12,772.57,773.56
2026-09-23,772.77,772.87,766.48,767.51
2026-09-24,764.26,768.92,763.23,767.4
2026-09-25,768.5,772.27,766.29,771.51
2026-09-28,767.94,769.48,763.7,765.56
2026-09-29,765.9,766.15,762.34,764.17
2026-09-30,767.05,769.4,763.39,763.74
2026-10-01,763.46,765.62,758.78,763.81
2026-10-02,769.61,772.63,767.13,769.56
